Random Forest (All),Logistic Regression (All),SVM (All),K-Neighbors (All),Decision Tree (All),Naive Bayes (All),Random Forest (MW - inCV),Random Forest (Wilcoxon - inCV),Random Forest (Kruskal - inCV),Random Forest (Chi-square - inCV),Random Forest (KS - inCV),Logistic Regression (MW - inCV),Logistic Regression (Wilcoxon - inCV),Logistic Regression (Kruskal - inCV),Logistic Regression (Chi-square - inCV),Logistic Regression (KS - inCV),SVM (MW - inCV),SVM (Wilcoxon - inCV),SVM (Kruskal - inCV),SVM (Chi-square - inCV),SVM (KS - inCV),K-Neighbors (MW - inCV),K-Neighbors (Wilcoxon - inCV),K-Neighbors (Kruskal - inCV),K-Neighbors (Chi-square - inCV),K-Neighbors (KS - inCV),Decision Tree (MW - inCV),Decision Tree (Wilcoxon - inCV),Decision Tree (Kruskal - inCV),Decision Tree (Chi-square - inCV),Decision Tree (KS - inCV),Naive Bayes (MW - inCV),Naive Bayes (Wilcoxon - inCV),Naive Bayes (Kruskal - inCV),Naive Bayes (Chi-square - inCV),Naive Bayes (KS - inCV),Integrated-SelectFromModel (L1-LR selector) + LR,Integrated-SelectFromModel (L1-LR selector) + SVM,Integrated-SelectFromModel (L1-LR selector) + KNN,Integrated-SelectFromModel (L1-LR selector) + Naive Bayes,Integrated-SelectFromModel (RF selector) + RF,Integrated-SelectFromModel (RF selector) + LR,Integrated-SelectFromModel (RF selector) + KNN,Integrated-RFECV (L1-LR) + LR,Integrated-RFECV (L1-LR) + KNN,Integrated-RFECV (L1-LR) + Naive Bayes
0.8406385281385281,0.7229437229437229,0.7061688311688311,0.6068722943722944,0.7573051948051948,0.6870941558441559,0.8246753246753247,0.8030303030303031,0.7878787878787878,0.8076298701298702,0.8051948051948052,0.8019480519480519,0.8065476190476191,0.816017316017316,0.7721861471861471,0.7827380952380951,0.7867965367965368,0.7870670995670995,0.8084415584415584,0.7767857142857143,0.7581168831168831,0.7804383116883118,0.7742153679653678,0.8123647186147187,0.7858495670995672,0.7674512987012987,0.7483766233766234,0.7520292207792207,0.7757034632034633,0.7564935064935066,0.7533820346320346,0.8011363636363636,0.8011363636363636,0.8070887445887446,0.8211580086580086,0.7978896103896105,0.6661255411255411,0.6471861471861472,0.5607413419913421,0.6128246753246753,0.8520021645021645,0.7478354978354979,0.6427218614718614,0.6777597402597402,0.6135010822510822,0.6136363636363636
0.7492941840767928,0.6654432523997741,0.6086956521739131,0.5025409373235461,0.725014116318464,0.4906832298136646,0.7300959909655562,0.7190852625635235,0.7323546019198193,0.7515527950310558,0.7351778656126482,0.7250141163184641,0.738001129305477,0.769339356295878,0.7292490118577075,0.7597402597402597,0.7507058159232073,0.6897233201581028,0.7317899491812536,0.7396950875211745,0.7230378317334839,0.7044042913608132,0.6815358554488989,0.7213438735177865,0.7430830039525692,0.6936758893280632,0.7203557312252965,0.6689723320158103,0.7084980237154151,0.7227555053642011,0.7183794466403163,0.7148503670242801,0.7278373800112931,0.7416713721061546,0.7289666854884246,0.746188594014681,0.5945793337097686,0.5542066629023151,0.5420666290231508,0.49548277809147373,0.748447204968944,0.7645398080180689,0.6175889328063241,0.6140598531902879,0.5430547713156408,0.5050818746470921
0.8145115753811406,0.6919819311123659,0.6298701298701299,0.5684641445511012,0.7144268774703557,0.5443252399774139,0.779785431959345,0.7574816487859966,0.7843026538678713,0.7854319593450029,0.7885375494071146,0.7619988706945229,0.7619988706945229,0.8077357425183512,0.7676453980801807,0.7701863354037267,0.738565782044043,0.738565782044043,0.7964426877470355,0.7188029361942405,0.751270468661773,0.7238848108413326,0.7238848108413326,0.7830321852060982,0.7063805759457934,0.7156973461321288,0.663466967814794,0.663466967814794,0.6558441558441559,0.6949463579898363,0.700875211744777,0.7487295313382271,0.7487295313382271,0.7730095990965556,0.7893845285149633,0.7933370976849238,0.6129305477131564,0.6106719367588933,0.6339638622247318,0.5093167701863354,0.8085827216261999,0.6967814793901751,0.6242236024844721,0.6414455110107284,0.6675607001693957,0.5666290231507622
0.7789384528514963,0.7337662337662336,0.6750423489553924,0.6096837944664032,0.6960756634669678,0.6736307171089779,0.7456239412761152,0.7439299830604179,0.7265669113495201,0.7419536984754376,0.7555053642010163,0.7837380011293054,0.777244494635799,0.7422360248447204,0.7732919254658386,0.730378317334839,0.7701863354037267,0.7682100508187465,0.7402597402597402,0.7490118577075099,0.7300959909655562,0.7289666854884247,0.7492941840767928,0.6919819311123658,0.7673630717108978,0.7248729531338227,0.7677865612648221,0.7651044607566347,0.7348955392433654,0.765527950310559,0.7226143421795596,0.7435064935064934,0.747459062676454,0.7267080745341615,0.7521174477696216,0.7555053642010163,0.6809712027103332,0.5719932241671373,0.591897233201581,0.541501976284585,0.7673630717108978,0.7162619988706946,0.5677583286278939,0.6857707509881423,0.6191417278373801,0.5365612648221344
0.6338226990400903,0.6521739130434783,0.5446075663466967,0.5546301524562394,0.6263410502540937,0.5985319028797289,0.6911349520045172,0.6756070016939583,0.70214568040655,0.6612083568605307,0.6725014116318464,0.5875211744776963,0.5875211744776963,0.6462450592885376,0.5917560700169396,0.577922077922078,0.6414455110107284,0.6414455110107284,0.6905702992659514,0.6524562394127611,0.6197063805759457,0.6465273856578204,0.6465273856578204,0.6540090344438171,0.6476566911349522,0.6482213438735178,0.6722190852625636,0.6722190852625636,0.6065782044042913,0.5924618859401468,0.6732072275550537,0.5818746470920384,0.5818746470920384,0.5999435347261435,0.6129305477131565,0.5807453416149069,0.6075663466967814,0.5951439864483342,0.5468661773009599,0.6166007905138339,0.6405985319028797,0.6197063805759457,0.5841332580463016,0.6041784302653869,0.5302089215132694,0.570016939582157
0.7080745341614907,0.6420101637492942,0.6533032185206098,0.6266233766233765,0.649915302089215,0.5993788819875776,0.6835121400338793,0.706945228684359,0.7196499153020891,0.7128740824392998,0.6756070016939582,0.6931112365894975,0.6964991530208922,0.7275550536420101,0.6866177300959909,0.694240542066629,0.6730660643704123,0.6818181818181819,0.7151326933935629,0.6533032185206098,0.606154714850367,0.6377752682100508,0.6753246753246753,0.6726425748164878,0.6376341050254093,0.6007905138339922,0.6863354037267081,0.7083568605307735,0.7468944099378882,0.6386222473178995,0.6356578204404291,0.7001693958215697,0.7106154714850367,0.7154150197628458,0.7419536984754376,0.7140033879164315,0.6222473178994917,0.6448334274421231,0.5501129305477132,0.6336815358554488,0.7007340485601355,0.6281761716544325,0.50098814229249,0.6414455110107284,0.5663466967814794,0.6290231507622811
0.7430830039525692,0.6897233201581028,0.7295313382269905,0.6240824392998305,0.7166854884246189,0.5635234330886505,0.6933935629587804,0.6956521739130435,0.7117447769621682,0.7196499153020891,0.6990400903444381,0.6869000564652739,0.6798418972332015,0.7405420666290231,0.6739130434782609,0.6970638057594579,0.6883116883116883,0.6815358554488989,0.717391304347826,0.6756070016939582,0.6928289102202145,0.7007340485601354,0.698334274421231,0.7508469791078487,0.7036984754376059,0.6945228684359119,0.7024280067758328,0.7154150197628459,0.7104743083003952,0.7336250705815923,0.6801242236024845,0.7518351214003387,0.7487295313382271,0.7476002258610954,0.7642574816487859,0.7363071710897798,0.6640316205533596,0.6773009599096556,0.6142010163749295,0.5698757763975155,0.7196499153020892,0.6064370412196498,0.5306324110671937,0.6645962732919255,0.6588085827216262,0.5698757763975155
0.7555053642010164,0.7769621682665161,0.7241671372106155,0.6053077357425183,0.6988989271597967,0.6134952004517222,0.7701863354037267,0.7749858836815358,0.756352343308865,0.7603049124788256,0.7574816487859967,0.7580463015245624,0.7730095990965556,0.7269904009034445,0.7320722755505364,0.7159796725014116,0.7351778656126483,0.7363071710897798,0.7063805759457933,0.7029926595143987,0.7092038396386223,0.6861942405420667,0.7236024844720497,0.75,0.753811405985319,0.7107566346696781,0.7271315640880858,0.7501411631846414,0.7597402597402597,0.7591756070016941,0.7473178994918126,0.7380011293054771,0.7444946357989837,0.7326369282891022,0.767080745341615,0.7447769621682665,0.7131564088085828,0.7368718238283456,0.65527950310559,0.6055900621118012,0.7651044607566346,0.745906267645398,0.6438452851496329,0.6964991530208922,0.611518915866742,0.6115189158667419
0.7523997741389046,0.7408243929983059,0.5722755505364201,0.5206098249576511,0.7224731789949181,0.6050254093732356,0.7334839073969509,0.7535290796160361,0.7435064935064936,0.7337662337662337,0.7583286278938453,0.6970638057594579,0.7298136645962733,0.7117447769621682,0.6871823828345568,0.7035573122529644,0.6981931112365894,0.7408243929983059,0.7086391869000565,0.6885940146809711,0.6987577639751553,0.7209203839638623,0.7391304347826086,0.7096273291925466,0.6837944664031621,0.7210615471485037,0.6797007340485601,0.6860530773574252,0.7099096555618294,0.7093450028232636,0.7484472049689441,0.7148503670242802,0.7276962168266515,0.7295313382269903,0.7063805759457933,0.7305194805194806,0.7411067193675889,0.6437041219649915,0.5869565217391304,0.6033314511575381,0.7634105025409373,0.6857707509881422,0.5724167137210615,0.7343308865047995,0.5923207227555054,0.6013551665725578
0.8543028322440087,0.7306644880174291,0.6800108932461874,0.5840141612200436,0.783769063180828,0.6416122004357299,0.852124183006536,0.8450435729847494,0.7829520697167757,0.843681917211329,0.8363289760348583,0.8480392156862745,0.8480392156862745,0.8706427015250545,0.8570261437908496,0.8393246187363835,0.8246187363834423,0.8246187363834423,0.7799564270152505,0.8295206971677559,0.783769063180828,0.8137254901960784,0.8137254901960784,0.7968409586056645,0.8534858387799564,0.8077342047930284,0.7821350762527233,0.7821350762527233,0.7723311546840957,0.7911220043572985,0.7627995642701525,0.8104575163398693,0.8104575163398693,0.8545751633986928,0.8583877995642701,0.8548474945533769,0.6811002178649238,0.6018518518518519,0.5615468409586056,0.5893246187363834,0.846677559912854,0.7143246187363834,0.5799291938997821,0.7086056644880175,0.7173202614379085,0.6263616557734206
0.829004329004329,0.6948051948051948,0.6650432900432901,0.5405844155844155,0.8139880952380953,0.6359577922077922,0.8198051948051948,0.7905844155844155,0.8065476190476191,0.7938311688311688,0.8041125541125541,0.8060064935064934,0.7919372294372293,0.807900432900433,0.8317099567099567,0.8352272727272727,0.8060064935064936,0.7889610389610389,0.7854437229437229,0.7968073593073594,0.8016774891774892,0.8003246753246754,0.7493235930735931,0.8024891774891775,0.8180465367965367,0.8368506493506493,0.8049242424242424,0.7781385281385282,0.7545995670995671,0.7567640692640693,0.769615800865801,0.7583874458874458,0.7545995670995671,0.7683982683982684,0.7849025974025974,0.79004329004329,0.6436688311688311,0.7256493506493507,0.6199945887445887,0.6796536796536796,0.8206168831168831,0.6661255411255411,0.6504329004329004,0.6328463203463203,0.564258658008658,0.6661255411255411
0.748447204968944,0.6487859966120836,0.6236589497459063,0.6112365894974591,0.6277526821005082,0.5525127046866177,0.7106154714850367,0.7532467532467532,0.74901185770751,0.756634669678148,0.7247317899491812,0.7247317899491813,0.7464709203839639,0.7309429700734049,0.6976284584980238,0.6950875211744776,0.7238848108413325,0.7323546019198193,0.7317899491812534,0.7440711462450593,0.7100508187464709,0.69042913608131,0.7123094297007341,0.7313664596273293,0.6948051948051948,0.6677018633540373,0.6891586674195369,0.7048277809147374,0.6956521739130435,0.6585262563523433,0.6925465838509317,0.6959345002823264,0.7038396386222473,0.6908526256352343,0.7284020327498588,0.6888763410502541,0.5731225296442687,0.6168831168831168,0.6548560135516657,0.5335968379446641,0.722473178994918,0.6473743647656691,0.564935064935065,0.6389045736871823,0.5628176171654433,0.4652738565782044
0.6626199887069453,0.6739130434782609,0.6084133258046301,0.5566064370412197,0.5837097684923771,0.5934500282326369,0.6549971767363071,0.6654432523997741,0.6631846414455109,0.6456804065499717,0.642292490118577,0.6422924901185771,0.6533032185206098,0.6403162055335969,0.6420101637492943,0.6301524562394129,0.6070016939582157,0.627046866177301,0.6592320722755505,0.6115189158667419,0.6016374929418408,0.6689723320158103,0.6535855448898927,0.6510446075663466,0.6717955957086392,0.6429983060417843,0.6644551101072841,0.6432806324110673,0.6921230942970074,0.5971202710333144,0.6086956521739131,0.63184641445511,0.6335403726708075,0.6171654432523997,0.621682665160926,0.6312817617165443,0.6623376623376623,0.5581592320722755,0.47699040090344436,0.544042913608131,0.6702428006775834,0.6324110671936759,0.5481366459627329,0.6369282891022021,0.5767927724449463,0.5496894409937888
0.813382269904009,0.7515527950310558,0.6284584980237153,0.5724167137210616,0.6842179559570865,0.6727837380011293,0.7467532467532467,0.7907961603613777,0.6736307171089779,0.7763975155279504,0.7780914737436476,0.7800677583286278,0.8060417843026539,0.7504234895539243,0.7648221343873519,0.764539808018069,0.7752682100508188,0.7922077922077922,0.7396950875211745,0.77442123094297,0.7704686617730095,0.7766798418972333,0.775974025974026,0.6922642574816489,0.7769621682665162,0.7221908526256352,0.6669960474308301,0.7022868435911914,0.660643704121965,0.6973461321287409,0.6918407679277245,0.7723037831733484,0.7882552230378317,0.7583286278938453,0.7987012987012986,0.780067758328628,0.7492941840767927,0.637492941840768,0.5413608130999435,0.6027667984189724,0.8184641445511012,0.7252964426877471,0.5513833992094862,0.7450592885375494,0.573828345567476,0.603613777526821
0.8198757763975155,0.7715979672501412,0.7684923771880294,0.6188594014680971,0.7488706945228684,0.6434217955957086,0.7984189723320158,0.8331451157538113,0.8015245623941275,0.8373800112930548,0.8232636928289102,0.8413325804630153,0.8506493506493507,0.8314511575381139,0.8526256352343308,0.8486730660643704,0.8263692828910221,0.846979107848673,0.8125352907961604,0.8500846979107849,0.8455674760022586,0.7618577075098815,0.7653867871259176,0.8104178430265387,0.7643986448334275,0.7988424618859401,0.7178147939017505,0.7250141163184641,0.7233201581027668,0.7228966685488425,0.8145115753811407,0.8195934500282326,0.8308865047995483,0.7941840767927725,0.8283455674760022,0.8184641445511011,0.7035573122529645,0.6648785996612083,0.5982495765104461,0.6253529079616036,0.8037831733483907,0.7780914737436476,0.6247882552230378,0.6914172783738001,0.6214003387916431,0.6017786561264822
0.6911349520045172,0.6809712027103332,0.6504799548277809,0.6221061547148503,0.7546583850931676,0.6157538114059854,0.6696781479390175,0.6634669678147939,0.7010163749294184,0.6812535290796161,0.663184641445511,0.6205533596837945,0.6205533596837945,0.6631846414455109,0.6284584980237153,0.6038961038961038,0.5705815923207227,0.5705815923207227,0.6103896103896104,0.5787690570299265,0.5539243365330321,0.663184641445511,0.663184641445511,0.6922642574816489,0.6431394692264258,0.5982495765104461,0.6877470355731226,0.6877470355731226,0.7336250705815923,0.6726425748164878,0.6806888763410502,0.661914172783738,0.661914172783738,0.7216261998870694,0.661914172783738,0.6582439299830604,0.7012987012987013,0.6485036702428008,0.5784867306606437,0.6301524562394127,0.6823828345567476,0.6756070016939582,0.645115753811406,0.6758893280632411,0.6472332015810277,0.633399209486166
0.8444381705251272,0.774703557312253,0.7063805759457933,0.6439864483342745,0.8194522868435913,0.6535855448898926,0.8489553924336533,0.8413325804630154,0.8207227555053641,0.8481084133258046,0.8534726143421796,0.8074534161490683,0.7820440429136082,0.8475437605872389,0.8243929983060418,0.8500846979107849,0.839638622247318,0.8066064370412196,0.8359683794466404,0.8622247317899492,0.8469791078486729,0.8002540937323546,0.7900903444381706,0.7711744776962168,0.8433088650479955,0.8256634669678147,0.8313099943534726,0.8414737436476567,0.8776115189158669,0.8714003387916431,0.8649068322981367,0.8046301524562394,0.7916431394692264,0.8450028232636928,0.82128740824393,0.841897233201581,0.7346132128740824,0.6674195369847544,0.6470920383963862,0.6235177865612648,0.8362507058159232,0.7648221343873518,0.6295878035008469,0.7323546019198193,0.639751552795031,0.6053077357425183
0.7634105025409372,0.683794466403162,0.7241671372106153,0.6256352343308865,0.7223320158102767,0.6047430830039525,0.7402597402597403,0.7436476566911349,0.7622811970638057,0.7444946357989837,0.6871823828345568,0.7571993224167137,0.7710333145115754,0.756352343308865,0.7721626199887069,0.784867306606437,0.7374364765669114,0.7388481084133258,0.7419536984754376,0.7518351214003387,0.7529644268774703,0.7281197063805761,0.7300959909655562,0.7000282326369283,0.7612930547713156,0.6991812535290796,0.7615753811405985,0.7401185770750989,0.7660926030491247,0.7038396386222474,0.7250141163184641,0.7755505364201016,0.7893845285149632,0.776962168266516,0.7913608130999434,0.7916431394692265,0.6561264822134388,0.725014116318464,0.7348955392433654,0.5676171654432525,0.756352343308865,0.6609260304912479,0.6293054771315642,0.6555618294748728,0.6421513269339356,0.5889328063241107
0.7484472049689441,0.671089779785432,0.5561829474872952,0.5183512140033879,0.6110954263128177,0.5064935064935064,0.6775832862789384,0.6750423489553924,0.6953698475437606,0.665725578769057,0.7052512704686617,0.6919819311123658,0.6888763410502541,0.6973461321287409,0.7029926595143987,0.6843591191417279,0.668548842461886,0.6575381140598532,0.6623376623376623,0.6806888763410502,0.6713721061547149,0.651185770750988,0.6617730095990966,0.701863354037267,0.6386222473178995,0.678994918125353,0.6263410502540938,0.621964991530209,0.6654432523997742,0.6353754940711462,0.6486448334274422,0.7241671372106154,0.7278373800112932,0.7083568605307735,0.7625635234330885,0.7295313382269903,0.6033314511575381,0.5652173913043479,0.5643704121964992,0.5139751552795031,0.7399774138904573,0.6355166572557877,0.5094579333709769,0.6086956521739131,0.5269621682665161,0.5265386787125917
0.7480936819172114,0.6661220043572984,0.5430283224400871,0.5991285403050108,0.5531045751633987,0.5901416122004357,0.7260348583877997,0.6968954248366013,0.7459150326797386,0.7227668845315904,0.7105119825708062,0.6930827886710239,0.6911764705882353,0.7614379084967321,0.6922657952069717,0.7657952069716776,0.662037037037037,0.6527777777777778,0.7374727668845316,0.6440631808278868,0.7205882352941176,0.6587690631808278,0.6576797385620914,0.7226307189542484,0.622004357298475,0.6926742919389978,0.727260348583878,0.6800108932461875,0.7378812636165578,0.678649237472767,0.7076525054466232,0.6892701525054467,0.6895424836601308,0.7519063180827887,0.6813725490196079,0.7549019607843138,0.6217320261437909,0.5253267973856209,0.48107298474945537,0.5529684095860566,0.755446623093682,0.7222222222222221,0.562363834422658,0.6072984749455338,0.48828976034858385,0.5585511982570806
0.8127705627705628,0.8160173160173159,0.7242965367965368,0.573728354978355,0.7416125541125541,0.6479978354978355,0.7386363636363635,0.7316017316017316,0.7619047619047619,0.764069264069264,0.7332251082251082,0.7968073593073592,0.79004329004329,0.8216991341991342,0.8051948051948052,0.7886904761904763,0.7397186147186147,0.7589285714285714,0.7629870129870129,0.7738095238095238,0.7196969696969697,0.7385010822510822,0.752435064935065,0.7698863636363636,0.7673160173160173,0.7288961038961039,0.7609577922077921,0.7682629870129869,0.7663690476190477,0.7683982683982684,0.7441829004329005,0.8154761904761905,0.8300865800865801,0.823051948051948,0.8303571428571428,0.8103354978354979,0.8051948051948051,0.7527056277056275,0.6386634199134198,0.587797619047619,0.7997835497835498,0.8016774891774892,0.6182359307359306,0.8051948051948052,0.6304112554112555,0.5863095238095238
0.7405420666290231,0.6753246753246752,0.616600790513834,0.5743929983060418,0.6678430265386787,0.5320440429136082,0.6843591191417278,0.7275550536420101,0.6928289102202145,0.7552230378317335,0.7337662337662338,0.7258610954263129,0.7269904009034445,0.6849237718802936,0.6874647092038396,0.6860530773574253,0.6764539808018069,0.6928289102202145,0.6809712027103331,0.6575381140598532,0.6422924901185771,0.6905702992659515,0.7044042913608131,0.6590909090909092,0.7012987012987013,0.6542913608131,0.6909937888198758,0.6760304912478825,0.6953698475437606,0.7316487859966121,0.7060982495765105,0.7286843591191418,0.7188029361942405,0.6984754376058724,0.7464709203839638,0.7188029361942405,0.5903444381705252,0.549407114624506,0.5180688876341051,0.48489553924336537,0.743365330321852,0.6832298136645962,0.6037549407114624,0.5900621118012422,0.4960474308300395,0.5124223602484472
0.8097120271033315,0.7154150197628458,0.7125917560700169,0.610248447204969,0.7058159232072276,0.745906267645398,0.7823263692828909,0.7828910220214568,0.7715979672501412,0.7495765104460757,0.7882552230378317,0.7795031055900621,0.7967250141163185,0.8229813664596274,0.787408243929983,0.7857142857142857,0.7577639751552795,0.7806324110671937,0.7854319593450029,0.7552230378317335,0.7597402597402597,0.7507058159232072,0.7528232636928289,0.758187464709204,0.7096273291925466,0.7533879164313947,0.7895256916996047,0.7721626199887069,0.8228402032749859,0.8026538678712593,0.8061829474872955,0.777526821005082,0.7687747035573123,0.7763975155279502,0.7817617165443252,0.8015245623941276,0.6773009599096556,0.6674195369847544,0.5911914172783739,0.6816770186335404,0.7995482778091474,0.7625635234330888,0.6609260304912479,0.6651609260304913,0.5851214003387917,0.6572557876905704
0.7464709203839639,0.6013551665725578,0.6050254093732355,0.5575945793337097,0.6548560135516658,0.5485601355166573,0.7255787690570299,0.7154150197628457,0.7213438735177865,0.7391304347826086,0.7521174477696216,0.67871259175607,0.6702428006775834,0.7029926595143986,0.6984754376058724,0.6662902315076227,0.7060982495765104,0.7041219649915302,0.7619988706945229,0.7484472049689441,0.7289666854884247,0.6702428006775832,0.674901185770751,0.747176736307171,0.704686617730096,0.7025691699604744,0.6411631846414455,0.648927159796725,0.6919819311123658,0.6494918125352908,0.5916149068322981,0.6341050254093733,0.6437041219649914,0.6781479390175041,0.683794466403162,0.665725578769057,0.5499717673630717,0.49548277809147373,0.49336533032185204,0.525691699604743,0.7411067193675889,0.5767927724449463,0.6582439299830605,0.5429136081309994,0.5199040090344438,0.5093167701863354
0.7055335968379446,0.6363636363636364,0.6312817617165443,0.5941558441558442,0.664172783738001,0.5803218520609824,0.694240542066629,0.689158667419537,0.6806888763410502,0.6719367588932806,0.6583850931677018,0.7219085262563523,0.7360248447204969,0.7134387351778656,0.6911349520045172,0.7219085262563524,0.6979107848673065,0.668266516092603,0.7007340485601355,0.6363636363636364,0.6566911349520046,0.6442687747035574,0.6106719367588933,0.6933935629587803,0.5982495765104461,0.6266233766233766,0.7042631281761716,0.704686617730096,0.7154150197628458,0.7065217391304348,0.687605872388481,0.6888763410502541,0.691699604743083,0.699604743083004,0.6949463579898364,0.7289666854884247,0.6239412761151891,0.5705815923207228,0.6034726143421796,0.5197628458498024,0.7060982495765105,0.5765104460756635,0.5828627893845286,0.6027667984189723,0.5848390739695087,0.5609824957651044
0.8074534161490683,0.7405420666290232,0.6773009599096556,0.5396668548842461,0.6664313946922643,0.6287408243929983,0.7941840767927725,0.7538114059853189,0.7470355731225297,0.7687747035573121,0.7730095990965555,0.8224167137210615,0.764257481648786,0.7710333145115754,0.7859966120835686,0.7775268210050819,0.8018068887634104,0.7252964426877471,0.6843591191417279,0.7374364765669114,0.7478825522303784,0.8235460191981931,0.7859966120835686,0.7333427442123095,0.7508469791078487,0.7497176736307172,0.7673630717108977,0.738565782044043,0.718944099378882,0.7309429700734049,0.7020045172219085,0.8068887634105025,0.8023715415019763,0.7814793901750423,0.7947487295313382,0.7857142857142857,0.6600790513833993,0.6612083568605308,0.5609824957651045,0.6326933935629588,0.8255223037831733,0.7060982495765105,0.5280914737436476,0.6648785996612083,0.5578769057029926,0.6374929418407679
0.7642574816487859,0.7162619988706946,0.6341050254093732,0.6511857707509882,0.7165443252399775,0.6301524562394127,0.7732919254658386,0.7478825522303784,0.7651044607566345,0.7783738001129304,0.7930547713156408,0.7411067193675889,0.7281197063805759,0.751270468661773,0.7428006775832864,0.7656691134952005,0.7555053642010164,0.7498588368153586,0.757622811970638,0.7814793901750423,0.7566346696781479,0.7392715979672502,0.7271315640880859,0.7509881422924902,0.8008187464709204,0.7200734048560136,0.722755505364201,0.7305194805194805,0.7346132128740824,0.7312252964426877,0.7107566346696782,0.7272727272727272,0.7159796725014116,0.7292490118577074,0.7775268210050819,0.7628458498023716,0.6696781479390175,0.6544325239977413,0.6387634105025409,0.646386222473179,0.7772444946357989,0.6767363071710898,0.6547148503670243,0.6973461321287409,0.6987577639751552,0.6386222473178994
0.6781479390175043,0.6857707509881423,0.6267645398080182,0.5779220779220778,0.6549971767363071,0.6523150762281197,0.6948051948051949,0.7298136645962733,0.7481648785996612,0.7498588368153585,0.7151326933935629,0.639751552795031,0.6643139469226427,0.6863354037267081,0.6654432523997742,0.6366459627329192,0.6558441558441559,0.6693958215697347,0.7055335968379447,0.7114624505928854,0.65527950310559,0.6624788255223037,0.6758893280632411,0.7003105590062113,0.754799548277809,0.6520327498588367,0.6888763410502541,0.698334274421231,0.6892998306041784,0.6949463579898363,0.6681253529079616,0.6586674195369848,0.6710897797854319,0.6674195369847544,0.6894409937888198,0.6665725578769057,0.6629023150762282,0.6979107848673065,0.6092603049124788,0.6072840203274986,0.6976284584980238,0.7044042913608132,0.6150479954827781,0.6764539808018069,0.6024844720496895,0.6027667984189723
0.756634669678148,0.6821005081874646,0.5691699604743083,0.5801806888763411,0.6455392433653303,0.5350084697910784,0.7086391869000565,0.7348955392433654,0.7080745341614907,0.7504234895539243,0.7371541501976284,0.7267080745341615,0.7255787690570299,0.7385657820440429,0.7154150197628459,0.725296442687747,0.6919819311123658,0.7058159232072276,0.7063805759457934,0.6981931112365896,0.6679841897233203,0.6943817052512705,0.6929700734048561,0.7398362507058158,0.7058159232072276,0.6973461321287409,0.686617730095991,0.7051101072840203,0.7025691699604744,0.6751835121400338,0.6911349520045172,0.7440711462450592,0.7656691134952004,0.7385657820440429,0.7442123094297007,0.7377188029361942,0.5849802371541502,0.5559006211180124,0.558300395256917,0.49449463579898356,0.7470355731225297,0.6744776962168266,0.5869565217391305,0.5759457933370977,0.5549124788255224,0.5117165443252399
0.7952069716775599,0.7625272331154684,0.6800108932461874,0.5422113289760349,0.8005174291938998,0.5341775599128541,0.8202614379084967,0.7900326797385622,0.8227124183006537,0.8262527233115469,0.7973856209150326,0.8061002178649238,0.7551742919389979,0.8033769063180828,0.7930283224400871,0.7922113289760349,0.8281590413943355,0.792483660130719,0.7968409586056645,0.8257080610021786,0.8265250544662309,0.8127723311546842,0.7738289760348583,0.8093681917211328,0.8176742919389978,0.815223311546841,0.8436819172113288,0.8168572984749454,0.8141339869281046,0.8082788671023966,0.7958877995642701,0.7851307189542484,0.7516339869281046,0.8191721132897604,0.826525054466231,0.7992919389978212,0.6860021786492374,0.633169934640523,0.5870098039215687,0.542483660130719,0.8022875816993464,0.7361111111111112,0.6358932461873639,0.6993464052287582,0.5785675381263616,0.5354030501089324
0.7207792207792209,0.66017316017316,0.6504329004329005,0.6166125541125541,0.7482413419913421,0.5863095238095237,0.7245670995670996,0.7527056277056277,0.7364718614718615,0.7248376623376623,0.7673160173160173,0.6731601731601731,0.6731601731601731,0.6590909090909092,0.6731601731601731,0.6907467532467533,0.6666666666666666,0.6666666666666666,0.6507034632034632,0.6666666666666666,0.6977813852813854,0.6774891774891774,0.6774891774891774,0.6718073593073592,0.6774891774891774,0.7441829004329004,0.739448051948052,0.739448051948052,0.6907467532467533,0.739448051948052,0.7521645021645023,0.6734307359307359,0.6734307359307359,0.6701839826839827,0.6734307359307359,0.7007575757575757,0.5960497835497834,0.5646645021645021,0.5537067099567099,0.5294913419913421,0.740530303030303,0.6542207792207793,0.6229707792207793,0.6055194805194805,0.5983495670995671,0.5262445887445888
0.8018068887634104,0.7425183512140034,0.7492941840767927,0.6571146245059288,0.7124505928853755,0.6801242236024845,0.7843026538678712,0.7826086956521738,0.7676453980801807,0.8150762281197063,0.7961603613777527,0.7439299830604178,0.7179559570863918,0.7690570299265951,0.7507058159232073,0.7758328627893846,0.7605872388481084,0.7416713721061547,0.733201581027668,0.7851496329757199,0.7450592885375494,0.7913608130999435,0.7670807453416149,0.8026538678712591,0.7919254658385093,0.7529644268774704,0.7581874647092038,0.7564935064935066,0.7526821005081876,0.735742518351214,0.7466120835686053,0.7350367024280068,0.7343308865047996,0.7704686617730097,0.7913608130999434,0.7713156408808582,0.715132693393563,0.7179559570863919,0.7183794466403162,0.653020892151327,0.8139469226425748,0.684076792772445,0.6167419536984754,0.7340485601355167,0.7149915302089214,0.6788537549407115
0.7083568605307735,0.6552795031055901,0.5971202710333146,0.5482778091473743,0.6060135516657257,0.5872388481084133,0.6324110671936759,0.6914172783738001,0.5607001693958216,0.6225296442687748,0.6276115189158668,0.6278938452851496,0.678994918125353,0.6250705815923208,0.5999435347261435,0.6095426312817618,0.6335403726708075,0.6852060982495766,0.5872388481084133,0.6307171089779786,0.6199887069452287,0.6009316770186335,0.7196499153020892,0.5152456239412762,0.6024844720496894,0.588368153585545,0.6092603049124788,0.6914172783738002,0.6041784302653869,0.6214003387916431,0.6215415019762847,0.6677018633540373,0.6900056465273855,0.6629023150762281,0.6722190852625636,0.6627611518915868,0.64257481648786,0.6047430830039525,0.58399209486166,0.5035290796160361,0.699604743083004,0.6544325239977413,0.5684641445511011,0.6372106154714849,0.5546301524562394,0.5
0.8334274421230942,0.7264257481648787,0.564652738565782,0.5393845285149632,0.6506211180124224,0.5287972896668549,0.7738565782044041,0.7704686617730097,0.769621682665161,0.7780914737436476,0.7910784867306605,0.7987012987012987,0.7817617165443251,0.8297571993224166,0.826651609260305,0.8068887634105025,0.743365330321852,0.7278373800112931,0.7792207792207793,0.7645398080180689,0.7509881422924901,0.685064935064935,0.678006775832863,0.769339356295878,0.7559288537549407,0.7819028797289667,0.6925465838509317,0.6907114624505929,0.7207792207792209,0.6595143986448334,0.645115753811406,0.8032185206098249,0.8006775832862789,0.8303218520609825,0.8348390739695087,0.8475437605872388,0.6470920383963862,0.6047430830039525,0.6223884810841332,0.5128458498023716,0.8125352907961604,0.7749858836815358,0.6240824392998305,0.6823828345567475,0.5495482778091474,0.5262563523433088
0.8224167137210616,0.8128176171654433,0.6781479390175043,0.581451157538114,0.6897233201581028,0.6355166572557877,0.7586109542631282,0.7619988706945229,0.8142292490118577,0.7820440429136082,0.7828910220214569,0.7659514398644833,0.7600225861095427,0.8111236589497459,0.7868435911914173,0.7789384528514963,0.7453416149068324,0.7515527950310559,0.8190287972896669,0.774703557312253,0.7732919254658385,0.6911349520045171,0.709768492377188,0.782326369282891,0.7875494071146245,0.7032749858836815,0.7488706945228684,0.7429418407679277,0.764539808018069,0.7186617730095992,0.7374364765669114,0.7704686617730095,0.7730095990965555,0.7747035573122529,0.8071710897797854,0.756352343308865,0.7162619988706945,0.7128740824392998,0.5275268210050819,0.5561829474872954,0.8252399774138905,0.7532467532467532,0.6233766233766234,0.7108977978543196,0.5904856013551666,0.6166007905138339
0.6964991530208922,0.6857707509881423,0.668266516092603,0.5782044042913609,0.6535855448898927,0.6147656691134952,0.6725014116318464,0.6730660643704122,0.6716544325239977,0.7108977978543196,0.6651609260304913,0.7332015810276681,0.7363071710897798,0.6973461321287409,0.7145680406549971,0.673630717108978,0.7306606437041219,0.717673630717109,0.6919819311123659,0.7298136645962734,0.632128740824393,0.6599378881987578,0.6389045736871823,0.6826651609260306,0.6859119141727837,0.6679841897233202,0.6254940711462451,0.6108130999435347,0.6804065499717673,0.6734895539243365,0.6404573687182382,0.6784302653867872,0.6764539808018069,0.6405985319028797,0.6837944664031621,0.6592320722755505,0.6408808582721626,0.6439864483342744,0.5719932241671372,0.6225296442687748,0.6795595708639187,0.7312252964426877,0.5069169960474308,0.6428571428571428,0.5704404291360813,0.6298701298701299
0.7933370976849238,0.7399774138904573,0.6024844720496894,0.5422077922077922,0.7634105025409373,0.6198475437605874,0.7653867871259176,0.7396950875211745,0.7380011293054771,0.7450592885375494,0.7453416149068323,0.7809147374364764,0.7727272727272727,0.7498588368153585,0.741106719367589,0.7515527950310559,0.7354601919819311,0.7614342179559571,0.7292490118577074,0.7216261998870694,0.7368718238283456,0.745906267645398,0.7583286278938453,0.6733483907396951,0.7385657820440429,0.71386222473179,0.7603049124788255,0.8008187464709204,0.7182382834556749,0.7156973461321288,0.76171654432524,0.8070299265951439,0.81055900621118,0.7821852060982496,0.7963015245623941,0.8016657255787691,0.6722190852625635,0.624505928853755,0.5902032749858837,0.5767927724449464,0.7758328627893846,0.7236024844720498,0.6362224731789949,0.6931112365894974,0.5971202710333146,0.6044607566346697
0.7964426877470356,0.691699604743083,0.6247882552230378,0.5690287972896668,0.7478825522303785,0.6261998870694522,0.7978543195934501,0.8029361942405421,0.764257481648786,0.7950310559006212,0.792772444946358,0.790231507622812,0.7891022021456804,0.7060982495765105,0.7473178994918126,0.7289666854884246,0.7905138339920948,0.7989836250705815,0.67871259175607,0.7529644268774703,0.7309429700734049,0.7799265951439864,0.774985883681536,0.7361660079051382,0.7389892715979672,0.6940993788819876,0.7049689440993789,0.7049689440993789,0.7415302089215132,0.7027103331451157,0.7470355731225297,0.757905138339921,0.7643986448334275,0.7267080745341614,0.7700451722190852,0.7617165443252399,0.6549971767363072,0.6420101637492942,0.6033314511575381,0.5862507058159232,0.7995482778091474,0.6470920383963862,0.5501129305477132,0.6496329757199322,0.5436194240542067,0.5660643704121965
0.8328627893845284,0.7010163749294185,0.6905702992659515,0.5588650479954828,0.6856295878035008,0.6041784302653869,0.8116883116883118,0.7871259175607002,0.7797854319593449,0.8218520609824957,0.8068887634105025,0.7430830039525692,0.7481648785996612,0.7744212309429701,0.758893280632411,0.7588932806324111,0.7193675889328062,0.7137210615471484,0.7957368718238284,0.7659514398644833,0.7467532467532467,0.72557876905703,0.7286843591191419,0.7936194240542065,0.7999717673630717,0.758187464709204,0.7833145115753812,0.7745623941276115,0.772162619988707,0.7649632975719933,0.8012422360248448,0.7430830039525692,0.7461885940146811,0.7913608130999437,0.7950310559006212,0.8029361942405421,0.6674195369847543,0.6038961038961039,0.5700169395821569,0.5813099943534726,0.8198757763975155,0.6919819311123658,0.5780632411067195,0.6417278373800113,0.5688876341050255,0.5708639186900056
0.672930283224401,0.710511982570806,0.6663943355119825,0.5517429193899781,0.6180555555555556,0.5947712418300654,0.6328976034858388,0.6377995642701525,0.6486928104575164,0.6410675381263616,0.6274509803921567,0.6508714596949892,0.6508714596949892,0.6830065359477123,0.6669389978213508,0.6933551198257081,0.627723311546841,0.6271786492374728,0.690359477124183,0.653050108932462,0.667483660130719,0.6537309368191722,0.6486928104575163,0.6623093681917211,0.6365740740740741,0.6139705882352942,0.6436546840958606,0.6436546840958606,0.6742919389978215,0.6386165577342048,0.6538671023965141,0.696078431372549,0.7009803921568628,0.7028867102396514,0.7388344226579521,0.7077886710239651,0.6729302832244008,0.5857843137254901,0.5570533769063182,0.5723039215686274,0.6860021786492375,0.6944444444444444,0.5630446623093682,0.6868191721132898,0.5702614379084967,0.5906862745098039
0.6796536796536796,0.6926406926406925,0.625,0.6193181818181819,0.6976461038961038,0.5553300865800866,0.7126623376623377,0.7194264069264069,0.7129329004329004,0.6845238095238096,0.6777597402597403,0.7083333333333333,0.759469696969697,0.7494588744588745,0.7305194805194805,0.7232142857142857,0.6693722943722944,0.7416125541125541,0.7161796536796536,0.6799242424242423,0.6574675324675324,0.7168560606060607,0.7426948051948051,0.7049512987012987,0.6866883116883117,0.6902056277056277,0.6830357142857143,0.6994047619047619,0.6827651515151516,0.7257846320346321,0.682224025974026,0.6883116883116883,0.6923701298701298,0.6866883116883117,0.726461038961039,0.6893939393939393,0.6707251082251082,0.5930735930735931,0.5142045454545455,0.5075757575757576,0.6956168831168831,0.6926406926406926,0.5715638528138527,0.6728896103896103,0.528814935064935,0.5048701298701298
0.7933370976849238,0.7075098814229249,0.6496329757199322,0.6531620553359684,0.7456239412761152,0.6308582721626199,0.7851496329757199,0.7888198757763975,0.7583286278938453,0.7667984189723321,0.7625635234330886,0.8060417843026538,0.7840203274985884,0.7758328627893846,0.8037831733483908,0.7907961603613777,0.7995482778091473,0.7755505364201016,0.7676453980801807,0.7684923771880293,0.7422360248447206,0.7415302089215132,0.7391304347826085,0.7518351214003387,0.7480237154150199,0.6733483907396951,0.7327780914737436,0.7518351214003387,0.734472049689441,0.7570581592320722,0.7526821005081874,0.7769621682665161,0.7648221343873518,0.7679277244494636,0.7840203274985884,0.7862789384528516,0.6078486730660644,0.645115753811406,0.6106719367588933,0.5937323546019199,0.7924901185770752,0.7137210615471484,0.5935911914172783,0.61914172783738,0.6012140033879164,0.6060135516657256
0.7840203274985884,0.6962168266516093,0.6485036702428006,0.528232636928289,0.7371541501976285,0.6167419536984754,0.784867306606437,0.751270468661773,0.7571993224167137,0.782608695652174,0.7701863354037266,0.7608695652173914,0.7444946357989835,0.7521174477696216,0.7665160926030491,0.7679277244494636,0.7580463015245624,0.7106154714850367,0.7662337662337663,0.7676453980801807,0.7250141163184641,0.7755505364201016,0.7413890457368719,0.7876905702992658,0.7183794466403162,0.7579051383399209,0.7737154150197628,0.7437888198757765,0.7207792207792209,0.721485036702428,0.7195087521174478,0.722755505364201,0.7055335968379447,0.7066629023150762,0.7298136645962734,0.7405420666290231,0.6987577639751553,0.6490683229813664,0.6047430830039525,0.5846979107848673,0.7747035573122529,0.6750423489553924,0.5587238848108413,0.6750423489553925,0.5535008469791078,0.5765104460756634
0.7532467532467533,0.64257481648786,0.6047430830039526,0.5773574251835122,0.6926877470355731,0.5597120271033316,0.7120271033314511,0.7244494635798984,0.6620553359683794,0.727837380011293,0.728119706380576,0.7052512704686618,0.7255787690570299,0.7089215132693394,0.7035573122529645,0.6897233201581027,0.7442123094297007,0.7230378317334839,0.6770186335403727,0.7552230378317335,0.7600225861095427,0.7419536984754376,0.7111801242236024,0.6918407679277245,0.7405420666290232,0.741106719367589,0.6929700734048561,0.7361660079051384,0.7100508187464709,0.7326369282891022,0.6909937888198758,0.7241671372106154,0.7398362507058159,0.7323546019198194,0.7068040654997177,0.7231789949181254,0.5748164878599662,0.5662055335968379,0.4678147939017504,0.5392433653303219,0.7636928289102202,0.6211180124223603,0.5571710897797855,0.6191417278373801,0.6158949745906268,0.5166572557876906
0.8424618859401469,0.7848673066064371,0.6962168266516093,0.5707227555053641,0.8194522868435913,0.6116600790513834,0.8413325804630152,0.8159232072275551,0.7826086956521738,0.8249576510446076,0.8195934500282326,0.808300395256917,0.7933370976849238,0.792772444946358,0.7910784867306607,0.7958780350084698,0.8150762281197064,0.8009599096555617,0.7656691134952004,0.8133822699040091,0.7978543195934502,0.7995482778091474,0.8171936758893281,0.7532467532467533,0.7824675324675325,0.8115471485036703,0.7888198757763976,0.7611518915866742,0.7694805194805194,0.7789384528514963,0.7614342179559571,0.8083003952569169,0.8111236589497458,0.7910784867306606,0.8331451157538114,0.8111236589497459,0.753811405985319,0.6648785996612083,0.5599943534726144,0.5443252399774139,0.8387916431394692,0.7758328627893846,0.6143421795595708,0.7701863354037267,0.7180971202710333,0.6081309994353473
0.7154150197628458,0.6894409937888198,0.6696781479390175,0.6614906832298136,0.6854884246188594,0.6524562394127611,0.6818181818181819,0.7060982495765105,0.6990400903444381,0.7173913043478262,0.7097684923771881,0.694240542066629,0.7221908526256353,0.6956521739130436,0.7092038396386223,0.6840767927724449,0.6829474872953134,0.722755505364201,0.7171089779785432,0.7162619988706946,0.6883116883116883,0.69042913608131,0.7097684923771881,0.6716544325239977,0.7048277809147374,0.68944099378882,0.668548842461886,0.695511010728402,0.6589497459062676,0.7162619988706945,0.7132975719932242,0.6979107848673066,0.7131564088085827,0.7021456804065499,0.7363071710897797,0.7145680406549972,0.6679841897233202,0.7086391869000566,0.6427159796725014,0.606154714850367,0.7137210615471485,0.6764539808018067,0.5914737436476567,0.6713721061547149,0.6545736871823828,0.6589497459062676
0.7380011293054772,0.6840767927724448,0.6758893280632411,0.5859683794466403,0.7464709203839639,0.6173066064370413,0.7196499153020892,0.7038396386222473,0.6998870694522868,0.6956521739130435,0.6973461321287409,0.7577639751552796,0.7580463015245623,0.7425183512140034,0.7241671372106154,0.7142857142857143,0.7032749858836815,0.6756070016939583,0.6668548842461886,0.6493506493506492,0.6589497459062676,0.7001693958215698,0.6523150762281198,0.6750423489553925,0.7053924336533032,0.6600790513833992,0.7233201581027668,0.7350367024280068,0.743365330321852,0.7334839073969509,0.7262845849802371,0.7300959909655561,0.7233201581027668,0.7464709203839639,0.7478825522303784,0.7408243929983062,0.6389045736871823,0.6233766233766234,0.5950028232636928,0.564652738565782,0.7267080745341615,0.6614906832298137,0.5650762281197064,0.6315640880858273,0.5848390739695087,0.5758046301524562
0.6713721061547149,0.7159796725014116,0.5561829474872954,0.4892715979672502,0.6398927159796726,0.5982495765104462,0.6933935629587803,0.6809712027103332,0.7148503670242801,0.707227555053642,0.6705251270468662,0.70214568040655,0.7029926595143986,0.7337662337662337,0.6722190852625636,0.6928289102202146,0.673913043478261,0.6914172783738002,0.7154150197628459,0.6815358554488989,0.6504799548277809,0.6029079616036137,0.6528797289666854,0.7245906267645399,0.6959345002823264,0.6900056465273856,0.6734895539243365,0.6739130434782609,0.7206380575945794,0.708780350084698,0.6880293619424055,0.7213438735177866,0.7226143421795596,0.7317899491812535,0.7611518915866743,0.7156973461321288,0.7108977978543197,0.6236589497459062,0.5989553924336533,0.5698757763975154,0.66600790513834,0.6645962732919255,0.5861095426312818,0.7162619988706945,0.6257763975155279,0.6024844720496894
0.8684359119141728,0.8215697346132128,0.7752682100508188,0.6022021456804065,0.8301806888763411,0.6486448334274421,0.8325804630152456,0.8286278938452851,0.8037831733483908,0.8546019198193111,0.8557312252964427,0.7775268210050819,0.7775268210050819,0.7992659514398645,0.7752682100508186,0.7639751552795031,0.8015245623941276,0.8015245623941276,0.8139469226425748,0.8153585544889894,0.7888198757763975,0.7795031055900621,0.7795031055900621,0.8166290231507622,0.8104178430265387,0.8114059853190287,0.7771033314511575,0.7771033314511575,0.7948898927159797,0.7763975155279503,0.7751270468661773,0.7718802936194241,0.7718802936194241,0.8029361942405421,0.7910784867306607,0.774703557312253,0.7941840767927724,0.779785431959345,0.6860530773574254,0.6276115189158668,0.8814229249011858,0.8249576510446075,0.6554206662902314,0.795595708639187,0.6940993788819876,0.6113777526821004
0.7772331154684096,0.6849128540305011,0.5860566448801743,0.5212418300653594,0.7001633986928105,0.5721677559912853,0.7657952069716776,0.7663398692810458,0.7595315904139432,0.7818627450980393,0.7807734204793028,0.7745098039215687,0.7557189542483661,0.7883986928104576,0.7930283224400871,0.7723311546840959,0.8174019607843138,0.7633442265795207,0.8047385620915033,0.8161764705882353,0.8028322440087147,0.7700163398692811,0.7121459694989107,0.7294389978213508,0.7982026143790849,0.7938453159041394,0.7489106753812635,0.7832244008714597,0.7762799564270153,0.7547657952069717,0.7577614379084967,0.7859477124183007,0.7696078431372549,0.7682461873638344,0.7903050108932462,0.7875816993464053,0.639161220043573,0.6266339869281047,0.5373093681917211,0.5686274509803921,0.7805010893246187,0.6827342047930284,0.5976307189542484,0.6260893246187365,0.48393246187363836,0.5506535947712419
