row;sequence;length;category;red_cells;green_cells
2;TYASQGLVASIKNF;14;RED;2;0
3;FYEPQIITTDNTF;13;RED;2;0
4;KMFDAYVNTFSSTF;14;RED;2;0
5;ALWEIQQVV;9;RED;3;0
6;SNWTTSVQVEYLQIT;15;RED;3;0
7;VTFVNISRSELQTIV;15;RED;4;0
8;SPKVTIDCSLFVCSN;15;RED;3;0
9;LFNKFGAISSSLQEI;15;RED;1;0
10;PFNNWFLLTNGSTLV;15;NONE;0;0
11;VDVLVNVSATNIQNL;15;RED;5;0
12;TYLEGSVRVVTTF;13;RED;4;0
13;EVGHTDLMAAY;11;RED;1;0
14;ETLGVLVPHV;10;RED;3;0
15;WTFGAGAALQIPFAM;15;RED;2;0
16;HFDGQQGEVPVSIIN;15;RED;2;2
17;HGTCERSEAGVCVST;15;RED;4;0
18;TSKTTVASLINTLND;15;RED;6;0
19;GDDTVIEVQGYKSVN;15;RED;4;0
20;GETFVTHSKGLYRKC;15;RED;1;0
21;WNIGEQKSILSPLYA;15;NONE;0;0
22;TENLTKEGATTCGYL;15;NONE;0;0
23;KAYNVTQAFGRRGPE;15;RED;3;3
24;AEIVDTVSALVY;12;RED;6;0
25;VPYSQAPSGFKY;12;GREEN;0;2
26;HPHEIILYYYELY;13;RED;4;0
27;IYQDVYAVHAPTSL;14;RED;3;0
28;VYPFMWGGAYCF;12;NONE;0;0
29;HSSDFGGVAIIKY;13;RED;4;2
30;FTAMDSTDADVVIY;14;RED;3;0
31;AAFKSLFGGMSW;12;NONE;0;0
32;YCGPWKLDAAW;11;NONE;0;0
33;ETWFFDENHPYRTW;14;GREEN;0;3
34;ECTMPPLSFR;10;GREEN;0;4
35;MYLDRNDAGEAISF;14;RED;1;1
36;ALWDVPAPKEV;11;NONE;0;0
37;LTDHVVGEYLVLSPQ;15;RED;3;0
38;LMLLEDLGVDHSLLD;15;NONE;0;0
39;NVTQMRELPTLDSAV;15;GREEN;0;1
40;VTSNTEMFFLFSNFD;15;NONE;0;0
41;IVNYPASHTTLGVQD;15;RED;1;0
42;CTITGTMGHFILARC;15;NONE;0;0
43;YGEKRVLKPRWMDAR;15;RED;1;1
44;LSTQVRYLGEEGSTP;15;NONE;0;0
45;WEGSPNKYWNSSTAT;15;GREEN;0;2
46;TLGASAWLMWLSEIE;15;NONE;0;0
47;ASCLLQTAISALEGD;15;RED;3;0
48;VSNRDFVEGMSGGTW;15;GREEN;0;1
49;FTAIKPSLGLINRWG;15;RED;1;0
50;EKCYVSQPALSSAIA;15;RED;1;0
51;AADLVLVDGRIESLL;15;RED;5;0
52;GGQSSFYSDWYQPAC;15;GREEN;0;2
53;DPGRSMIVIDPVVTD;15;RED;2;2
54;CDLVIDVVYDGPDLA;15;RED;5;2
55;MTAVAAGALVVETDS;15;RED;10;0
56;GSRSTPVSGGAAALV;15;RED;2;2
57;LLPSQDLPLLVPLRA;15;GREEN;0;3
58;HETTFAQIVAEELGI;15;RED;5;0
59;QVTLDDAAAADELFS;15;NONE;0;0
60;AMTGLSAAAAGLALN;15;RED;4;0
61;AELVAWLEQLLSDSV;15;RED;4;0
62;AESVVEIEFLVTMIV;15;RED;11;0
63;DGRVIVRTRLTAKVS;15;RED;5;0
64;AMTGVSAAAAGLALN;15;RED;6;0
65;LIGQLIDRSGMAWCI;15;RED;1;1
66;AAVSVDALDAVEQAD;15;RED;6;0
67;AELASVLRLVFPPRR;15;RED;3;2
68;SGHTYVSTPGSALLF;15;GREEN;0;1
69;EFARGVAFAEERAER;15;RED;2;0
70;AAVADCAAAVAEVDD;15;RED;8;0
71;GPVLVYLTITSSLTI;15;RED;5;0
72;AAGAAAAAAHTAIQQ;15;RED;6;0
73;GYTGDATAAVIDQIR;15;RED;5;0
74;RINDLWIAAVAASRA;15;RED;5;0
75;TGAYCYSLSSRYNMV;15;GREEN;0;2
76;AAVWWKALLALAVAV;15;RED;10;0
77;AAVFAVSETFCITDH;15;RED;5;0
78;GRYFTVRAGSLVAWN;15;RED;1;0
79;IPIAVRNELNLSVLQ;15;RED;2;0
80;AKPYLIDTIAHMAIW;15;RED;4;0
81;PSSLGAVAILIAATL;15;RED;8;1
82;ADSVCGVRVAIVAES;15;RED;7;0
83;DISDDFFALFLDPTW;15;NONE;0;0
84;RHSENACAVAEFLAD;15;RED;6;1
85;VEVQVAYAIGKAAPV;15;RED;9;0
86;GDLLIGWRLLVLAGV;15;RED;3;0
87;EGQLLLLDAQTLESI;15;NONE;0;0
88;ALDNWSIRRLSSLVG;15;GREEN;0;1
89;ATLNPLAAQIIGQLS;15;RED;3;0
90;TEREAFLAYADAVNE;15;RED;5;0
91;LRSRVFFDWFDAMGV;15;NONE;0;0
92;AFLCTSASSAIDVGA;15;RED;2;0
93;FVLIVVAAVGAYLFT;15;RED;9;0
94;CHLMIDNPDRWAPPY;15;GREEN;0;5
95;ETQVADAAQAVMEAW;15;RED;7;0
96;AAQFKESTATLITEY;15;RED;4;0
97;ADSWLIRRCSVVQGC;15;RED;2;0
98;AGFALFVLTFLVNAA;15;RED;9;0
99;GYDLDFGIAADQEFI;15;RED;1;0
100;VCGYHCWAEFFVAGL;15;RED;4;0
101;LTDTVATILAILALT;15;RED;10;0
102;AVVAMAAIATFAAPV;15;RED;9;0
103;ARLFEFVAAFFVVTA;15;RED;9;0
104;VCGYHCWVEFFVAGL;15;RED;5;0
105;IYFDVTGPSPTIVAM;15;RED;3;3
106;LMVYVATVTQLSRIV;15;RED;7;0
107;MLIFMLWHAIFVEHS;15;RED;5;0
108;WAGFAYVAFVTDAYA;15;RED;5;0
109;FAKAAAATTAGAFMS;15;RED;6;0
110;IMTWVTAFFAPTDGG;15;RED;5;1
111;CGDWAQALAELRAAR;15;RED;1;0
112;RAIVVDVIVDSANPH;15;RED;7;2
113;DDGLSIVRAVASAVW;15;RED;6;1
114;VDIAVVVLVLVLTNL;15;RED;11;0
115;FVVMSCFFGTLMVIT;15;RED;5;0
116;EGMTILYSDDDIVAV;15;RED;2;1
117;EFFAIMSDCANTQIG;15;RED;2;0
118;SNQQLSLAQQLDIDV;15;NONE;0;0
119;ALALVVVAFTYLCFT;15;RED;7;0
120;AAISVVLLSISFIVL;15;RED;8;0
121;AFFAIMSDCANTQIG;15;RED;2;0
122;ALGKFADAVAAECRR;15;RED;5;0
123;AFVFAMIAVDLSRLA;15;RED;7;0
124;FNVLVAALIVYVGDQ;15;RED;10;0
125;ELTPDEAAAVAVATQ;15;RED;6;0
126;ARALRATTAIAVVVG;15;RED;6;0
127;DEFFFMEMNTRLQVE;15;NONE;0;0
128;ALLVFFGLFLGVAGT;15;RED;4;0
129;FVVSFVFNVLVAALI;15;RED;10;0
130;DLTDWLSSARLYLLA;15;RED;1;0
131;SPQLTPAVFLLYFLL;15;RED;2;1
132;NAFLGKQVLSAAGVV;15;RED;2;0
133;ASILGLVAAPLMLLG;15;RED;3;0
134;EHRTRVRKYLTLMAF;15;RED;1;1
135;AALLTRVIASAVAEG;15;RED;8;0
136;EEQFRLAAAVAAALA;15;RED;6;0
137;SSGGMFNNYAIVQGV;15;RED;4;0
138;AEVLIDAVAAAGAEC;15;RED;9;0
139;ISVAYALMVATIVGL;15;RED;11;0
140;AACATAAVSVEEGVD;15;RED;9;0
141;FPDGETRDLFLTLLL;15;GREEN;0;2
142;YGMLKLLVSTEDLKL;15;RED;3;0
143;RNGIYIIDLQQTLTF;15;RED;4;0
144;LRPGPTMISDRKLAW;15;GREEN;0;3
145;HRYFLAAKQTEFALG;15;RED;2;0
146;QTLQCIYLSIEYLYV;15;RED;3;0
147;KGTNAELFIEQVTRM;15;RED;4;0
148;HCANMLVAAESAIAA;15;RED;8;0
149;PPFEGMWWLYVPLAF;15;RED;1;1
150;MDRFRWLVAAQGGDL;15;RED;3;2
151;AGMVTDPVTCRPDNT;15;RED;1;3
152;AAHASAGAAASAVSA;15;RED;3;0
153;AVLEEVIYLLDTVGE;15;RED;6;0
154;GYGLSELVVVIEELG;15;RED;6;0
155;HQHVNGYRVEVVEPL;15;RED;4;0
156;AALLARLDEAITSPA;15;RED;1;0
157;CEYFAVNHSTPDALA;15;RED;2;2
158;VVAMFALTWAIALLV;15;RED;9;0
159;RTTEPPRRGGRGARQ;15;GREEN;0;9
160;QMLWDPIRFDETCPS;15;GREEN;0;1
161;CEYFVRQPFPLRTRG;15;RED;1;4
162;DAFMSLAGFVRMLEA;15;RED;1;0
163;PAHRVAIEFDPPLPP;15;RED;2;4
164;NYAELTAELELALAS;15;RED;3;0
165;LLVLVYSLLYYRVLG;15;RED;3;0
166;GMQMRLTFARSLIND;15;NONE;0;0
167;MIDEALFDAEEKMEK;15;NONE;0;0
168;AAAADAVAEADAELK;15;RED;5;0
169;AQTVVASTNNAIIAT;15;RED;7;0
170;DLVIQVQAPPSVASG;15;RED;3;1
171;AGAIGLLLVLVYSLL;15;RED;6;0
172;ENLRFFASLYAGATA;15;NONE;0;0
173;FNLLTDGNIARAVWG;15;RED;1;0
174;AAGHDVVVLSRCPSG;15;RED;3;3
175;GQLKAVVATSSLELG;15;RED;5;0
176;DHFVVFGAVESLSEV;15;RED;6;0
177;AADRIIDLLSRARDS;15;RED;1;2
178;PPNFWAWLIAQVKTV;15;RED;6;1
179;GYAGASAAATPLTPF;15;RED;1;1
180;DHFVLFGAVESLSEV;15;RED;4;0
181;AMFLLAIVVDVVINL;15;RED;9;0
182;AIVVAAIAAVVAVAA;15;RED;11;0
183;HPSLGTIDDFDDFVS;15;GREEN;0;2
184;GYAGASAAATQLTPF;15;RED;1;0
185;NSGFGNAGTNNSGFF;15;NONE;0;0
186;DLTAAVVGAAAVGYL;15;RED;10;0
187;ATGVVIHVVADAAAL;15;RED;9;0
188;TLADLEDMASAWVEH;15;RED;1;0
189;DDQLLAWAADDLVTV;15;RED;3;0
190;FSVGWLYWYFWVIVV;15;RED;3;0
191;TLADLEDIASAWVEH;15;RED;1;0
192;LAMEGLAAFFFESTF;15;NONE;0;0
193;AWLIMLMTSPPTRAA;15;RED;4;4
194;CEQEGVVVDDAVYPL;15;RED;6;0
195;TALGASITNLSSPLV;15;GREEN;0;1
196;AGWLGSVAAAAEAVA;15;RED;6;0
197;MSQLSFFAAESVPPP;15;RED;1;1
198;AVVTFNVVAFTVAEV;15;RED;11;0
199;LVAEILRIISGGRLI;15;RED;3;1
200;TCWFARALELRTLLI;15;NONE;0;0
201;ELFVAAYVPYVAWLV;15;RED;8;0
202;MSQLSFFAAESVPPA;15;RED;1;0
203;GLIALLIAFALTTNV;15;RED;9;0
204;PCFGAIQRQTTSTPG;15;NONE;0;0
205;CGCGGYLWSMLKRVE;15;NONE;0;0
206;AGGAGGAGGIGAGGA;15;NONE;0;0
207;HADWNNQSIVKTGERQ;16;RED;4;0
208;GIVQQQNNLLRAIEA;15;NONE;0;0
209;LPWKTTEQDLKEYFS;15;NONE;0;0
210;SKDSTYSLSSTLTLS;15;NONE;0;0
211;QEFFWDANDIY;11;NONE;0;0
212;EFFWDANDI;9;NONE;0;0
213;IGRWYSRTMSKTQRM;15;GREEN;0;1
214;TAEIRLMCTKTYLDT;15;NONE;0;0
215;IQTLTLFLTLGGVLL;15;NONE;0;0
216;GGLPQSGRIVVDYMV;15;RED;5;4
217;DTKIDLWSYNAELLV;15;RED;1;0
218;RTKIRQLPNLLRGYE;15;GREEN;0;1
219;LTVPSERGLQRRRFV;15;GREEN;0;5
220;GIFENSCLETMEAVQ;15;RED;2;0
221;VFHTMWHVTRGAFLVRNGK;19;RED;1;0
222;SSVFNVVNSSIGLIM;15;RED;5;0
223;WVDGNCEDIPHVNEFSAIDLFE;22;NONE;0;0
224;ISKIENEIETLVENIKKDEE;20;RED;10;0
225;VCQRHSPDCSRLVGATPER;19;RED;1;6
226;SEFAYGSFVRTVSLPVGADE;20;RED;1;0
227;HIVMQYMYVPPGAPIPTTRN;20;RED;1;1
228;LWANLRLDQGFRKWE;15;GREEN;0;2
229;TAIKHRAKITMA;12;RED;2;0
230;IIIEKFSTDRTTRGQ;15;RED;2;1
231;RKVSSTMRSLVAVIN;15;RED;3;0
232;VRMRLINIDRIHIKN;15;RED;1;0
233;RFLGFLLGVGSAIAS;15;RED;2;0
