sequence;synthesis_flag;length;n_residues;max_coeff;mean_coeff;red_cells;green_cells
SELLTPLGIDLDEW;TRUE;14;14;1.08;0.9557;0;0
KEITVATSRTLSYY;TRUE;14;14;1.4;1.05;4;0
KENSYTTTIKPVTY;TRUE;14;14;1.27;1.055;4;0
QELGKYEQYIKWPW;TRUE;14;14;1.18;1.0336;0;0
AESHVDTDLTKPY;TRUE;13;13;1.11;0.9677;0;0
QEYADVFHLYLQY;TRUE;13;13;1.19;1.0262;0;0
VETFYPKLQSSQAW;TRUE;14;14;1.24;0.9279;1;0
HEIAWYTERSEKSY;TRUE;14;14;1.24;0.985;2;0
DCEEEEFEPSTQY;TRUE;13;13;1.1;0.9246;0;0
GELGDVRETMSYLF;TRUE;14;14;1.13;0.9757;0;0
QESFGGASCCLY;TRUE;12;12;1.08;0.9383;0;0
TVYSDVENPHLMGW;TRUE;14;14;1.2;0.9443;0;0
TEHSWNADLY;TRUE;10;10;1.05;0.926;0;0
IPIQASLPF;TRUE;9;9;1.12;0.9389;0;0
IPYNSVTSSIVI;TRUE;12;12;1.26;1.0175;1;0
PYIVGDVV;TRUE;8;8;1.35;1.0588;2;0
NPNYEDLLI;TRUE;9;9;1.14;0.9344;0;0
YMPASWVMRI;TRUE;10;10;1.19;0.973;0;0
DYVYLPYPDPSRI;TRUE;13;13;1.17;0.8177;0;6
FAFACPDGVKHVY;TRUE;13;13;1.32;0.9931;2;0
FPNITNLCPFGEVF;TRUE;14;14;1.2;0.9757;0;0
VPVAIHADQLTPTW;TRUE;14;14;1.34;1.0021;2;0
TPFEIKLAKKFDTF;TRUE;14;14;1.35;1.095;5;0
QPYPNASFDNFKF;TRUE;13;13;1.01;0.8869;0;2
YPDPSRILGAGCF;TRUE;13;13;1.15;0.8754;0;3
HPNQEYADVFHLY;TRUE;13;13;1.19;0.99;0;1
VAIKITEHSW;TRUE;10;10;1.52;1.088;3;0
VAIHADQLTPTW;TRUE;12;12;1.33;0.9642;1;0
KVTKGKAKKGAW;TRUE;12;12;1.27;1.1067;6;0
RYMSALNHTKKW;TRUE;12;12;1.1;0.99;0;0
YANGGKGFCKLHNW;TRUE;14;14;1.12;0.9893;0;0
RTIKGTHHWLLL;TRUE;12;12;1.2;0.9633;0;0
KGVAPGTAVLRQW;TRUE;13;13;1.25;1.0254;1;0
RSYLTPGDSSSGW;TRUE;13;13;0.92;0.8115;0;5
KWDLTAFGLVAEW;TRUE;13;13;1.28;1.0731;4;0
LTNDVSFLAHIQW;TRUE;13;13;1.21;1.0269;1;0
QSAVKRTIKGTHHW;TRUE;14;14;1.25;1.0393;2;0
YVYNPFMIDVQQW;TRUE;13;13;1.24;1.0;1;0
GSVAIKITEHSW;TRUE;12;12;1.52;1.1217;5;0
TSPISEHDYQIGGY;TRUE;14;14;1.02;0.9079;0;0
NLDSKVGGNYNYLY;TRUE;14;14;1.13;1.0057;0;0
VTRELMRELNGGAY;TRUE;14;14;1.14;0.9621;0;0
QSDIEVTGDSCNNY;TRUE;14;14;1.28;0.9864;2;0
LTLDNQDLNGNWY;TRUE;13;13;1.03;0.9123;0;0
RNRDVDTDFVNEFY;TRUE;14;14;1.21;0.9929;1;0
YTFEKGDYGDAVVY;TRUE;14;14;1.33;1.0071;2;0
KLFIRQEEVQEL;TRUE;12;12;1.19;1.015;0;0
SKNPLLYDANYFL;TRUE;13;13;1.14;0.9685;0;0
YTVELGTEV;TRUE;9;9;1.27;1.0544;4;0
YMHHMELPTGV;TRUE;11;11;1.04;0.9209;0;0
ALLEDEFTPFDVV;TRUE;13;13;1.1;0.9523;0;0
FLLPSLATVA;TRUE;10;10;1.36;0.977;2;0
VMCGGSLYV;TRUE;9;9;1.13;0.9478;0;0
NLWNTFTRL;TRUE;9;9;1.08;0.9667;0;0
SVIDLLLDDFVEI;TRUE;13;13;1.28;1.0269;2;0
SLVPGFNEKTHV;TRUE;12;12;1.19;0.975;0;0
TLATHGLAA;TRUE;9;9;1.1;0.9756;0;0
AIASEFSSL;TRUE;9;9;1.21;0.9633;1;0
VVFDEISMA;TRUE;9;9;1.27;1.0256;2;0
KLALGGSVAI;TRUE;10;10;1.24;1.011;1;0
TLSEQLDFI;TRUE;9;9;1.05;0.9333;0;0
YIVGDVVQEGV;TRUE;11;11;1.35;1.1109;5;0
ASFDNFKFV;TRUE;9;9;1.24;0.9567;1;0
ALNNIINNA;TRUE;9;9;1.29;1.0778;5;0
KTFPPTEPKKDKKK;TRUE;14;14;1.17;0.8971;0;3
TVYDPLQPELDSFK;TRUE;14;14;1.0;0.8621;0;3
KHCLHVVGPNVNK;TRUE;13;13;1.29;1.0315;2;0
AIDYKHYTPSFKK;TRUE;13;13;1.2;0.9362;0;1
RVIGHSMQNCVLK;TRUE;13;13;1.27;0.9869;1;0
KLMVVIPDYNTYK;TRUE;13;13;1.49;1.0692;3;0
STFKCYGVSPTK;TRUE;12;12;1.22;1.0033;1;0
ATYYLFDESGEFK;TRUE;13;13;1.19;0.9623;0;0
AKHCLHVVGPNVNK;TRUE;14;14;1.29;1.0379;2;0
ASMPTTIAKNTVK;TRUE;13;13;1.31;1.0723;5;0
TFSSTFNVPMEK;TRUE;12;12;1.13;0.9742;0;0
AVANGDSEVVLKK;TRUE;13;13;1.47;1.0769;4;0
AWQPGVAMPNLYK;TRUE;13;13;1.1;0.9546;0;0
IYKTPPIKDFGGF;TRUE;13;13;1.08;0.9162;0;0
NFYEPQIITTDNTF;TRUE;14;14;1.25;0.9971;2;0
AYYRARAGEAANF;TRUE;13;13;1.19;0.9846;0;0
RYVLMDGSIIQF;TRUE;12;12;1.17;1.0083;0;0
VYYGNALDQAISMW;TRUE;14;14;1.16;1.0186;0;0
VYKQFDTYNLWNTF;TRUE;14;14;1.21;0.995;1;0
AYYVGYLQPRTF;TRUE;12;12;1.23;0.9508;1;3
VIEVQGYKSVNITF;TRUE;14;14;1.4;1.1043;5;0
TYASQGLVASIKNF;FALSE;14;14;1.34;1.0579;2;0
FYEPQIITTDNTF;FALSE;13;13;1.25;1.0046;2;0
SYSGQSTQLGIEF;TRUE;13;13;1.15;0.9269;0;0
YLTFYLTNDVSF;TRUE;12;12;1.15;1.0217;0;0
IYTELEPPCRF;TRUE;11;11;1.23;0.8782;1;4
TYFTQSRNLQEF;TRUE;12;12;1.06;0.8958;0;0
RQWLPTGTLL;TRUE;10;10;1.1;0.895;0;1
NSFTRGVYY;TRUE;9;9;1.06;0.9333;0;0
DSSSGWTAGAAAYY;TRUE;14;14;1.25;0.9921;2;2
YTMSLGAENSVAY;TRUE;13;13;1.18;1.0177;0;0
TTYPGQGLNGY;TRUE;11;11;0.98;0.8727;0;2
ETISLAGSYKDWSY;TRUE;14;14;1.19;0.9829;0;0
EVTGDSCNNYMLTY;TRUE;14;14;1.15;0.97;0;0
NVIPTITQMNLKY;TRUE;13;13;1.27;1.0492;1;0
SVMLTNDNTSRY;TRUE;12;12;1.25;0.9558;1;1
DYGDAVVYRGTTTY;TRUE;14;14;1.33;1.0464;3;0
YVVDDPCPIHFY;TRUE;12;12;1.18;0.8792;0;3
TLADAGFIKQY;TRUE;11;11;1.22;1.0309;1;0
SVPWDTIANY;TRUE;10;10;1.23;0.978;1;0
SFLPGVYSVIYLY;TRUE;13;13;1.39;1.0631;5;0
RYFKYWDQTY;TRUE;10;10;1.13;0.955;0;0
NTNPIQLSSY;TRUE;10;10;0.99;0.921;0;0
YSRYRIGNYK;TRUE;10;10;1.16;0.918;0;1
KSREETGLLM;TRUE;10;10;1.1;0.953;0;0
KLKKSLNVAK;TRUE;10;10;1.32;1.062;1;0
ATRGATVVIGTSK;TRUE;13;13;1.52;1.1285;4;0
VLHDIGNPK;TRUE;9;9;1.16;0.9356;0;0
RVAGDSGFAAYSRY;TRUE;14;14;1.14;0.9557;0;0
RVYSSANNCTFEY;TRUE;13;13;1.12;0.9869;0;0
VSSPDAVTAY;TRUE;10;10;1.34;0.961;2;1
KFNPPALQDAYY;TRUE;12;12;1.06;0.8808;0;3
KYFSGAMDTTSY;TRUE;12;12;1.08;0.955;0;0
RTQLPPAYTNSFTR;TRUE;14;14;1.05;0.8829;0;3
SFTRGVYYPDKVFR;TRUE;14;14;1.06;0.9643;0;0
RFASVYAWNRKR;TRUE;12;12;1.25;1.0258;2;0
RVYSTGSNVFQTR;TRUE;13;13;1.15;0.9862;0;0
TTFDSEYCR;TRUE;9;9;0.94;0.9033;0;0
KFRIDGDMVPHISR;TRUE;14;14;1.08;0.9164;0;1
IINNTVYTK;TRUE;9;9;1.3;1.0878;4;0
LSWEVGKPR;TRUE;9;9;1.2;0.9911;0;0
STQDLFLPF;TRUE;9;9;0.98;0.91;0;0
GVVDYGARF;TRUE;9;9;1.22;0.9911;2;0
KMFDAYVNTFSSTF;FALSE;14;14;1.27;1.0321;2;0
ALWEIQQVV;FALSE;9;9;1.34;1.0567;3;0
FTRGVYYPDKVFR;TRUE;13;13;1.06;0.9738;0;0
DFIDTKRGVYCCR;TRUE;13;13;1.18;1.0085;0;0
ETFVTHSKGLYR;TRUE;12;12;1.25;0.9967;1;0
EYYHTTDPSFLGR;TRUE;13;13;1.04;0.8669;0;4
NYSGVVTTVMFLAR;TRUE;14;14;1.52;1.1564;8;0
DWYDFVENPDILR;TRUE;13;13;1.14;0.9562;0;0
TFKLSYGIATVR;TRUE;12;12;1.33;1.0575;2;0
DYVPLKSATCITR;TRUE;13;13;1.26;1.0338;1;0
AVFDKNLYDK;TRUE;10;10;1.22;1.008;1;0
VIPDYNTYK;TRUE;9;9;1.13;0.94;0;0
TVFPPTSFGPLVRK;TRUE;14;14;1.02;0.8593;0;2
NVAFELWAKR;TRUE;10;10;1.3;1.06;2;0
YVVDDPCPI;TRUE;9;9;1.18;0.88;0;2
ATATIPIQA;TRUE;9;9;1.31;1.0322;1;0
FVFPLNSII;TRUE;9;9;1.2;0.9578;0;0
TTYPGQGLNGYTV;TRUE;13;13;1.16;0.9085;0;2
TTNGDFLHFL;TRUE;10;10;1.04;0.916;0;0
TVFPPTSFGPLV;TRUE;12;12;1.02;0.8442;0;2
KEDLKFPRGQGVPI;TRUE;14;14;1.11;0.885;0;3
SPARMAGNGGDAAL;TRUE;14;14;1.06;0.9229;0;1
LPKEITVATSRTL;TRUE;13;13;1.4;1.0808;4;0
APKEIIFLEGETL;TRUE;13;13;1.33;1.0854;3;0
KPNELSRVLGLKTL;TRUE;14;14;1.26;0.9936;1;0
KPVPYCYDTNVL;TRUE;12;12;1.14;0.9625;0;0
LPAPRTLLTKGTL;TRUE;13;13;1.2;0.9415;0;2
SLEIPRRNVATL;TRUE;12;12;1.29;0.9283;1;3
APAHISTIGVCSM;TRUE;13;13;1.28;1.0454;1;0
KPRSQMEIDFLEL;TRUE;13;13;1.12;0.9408;0;2
RVLQKAAI;TRUE;8;8;1.28;1.0475;2;0
VLKLKVDTA;TRUE;9;9;1.36;1.1033;5;0
VPQEHYVRI;TRUE;9;9;1.11;0.9356;0;1
AQFAPSASAFF;TRUE;11;11;1.1;0.9182;0;0
SQRVAGDSGFAAY;TRUE;13;13;1.14;0.9515;0;0
LMRELNGGAY;TRUE;10;10;1.03;0.945;0;0
TQYEYGTEDDY;TRUE;11;11;1.06;0.9491;0;0
VLMDGSIIQFPNTY;TRUE;14;14;1.14;0.9671;0;0
LSFKELLVY;TRUE;9;9;1.32;1.0489;2;0
TTLPVNVAF;TRUE;9;9;1.38;1.0544;2;0
FDNPVLPFNDGVYF;TRUE;14;14;1.08;0.9321;0;1
VAELEGIQY;TRUE;9;9;1.3;1.03;1;0
VPMEKLKTL;TRUE;9;9;1.23;1.0322;3;0
TPFDVVRQCSGVTF;TRUE;14;14;1.18;0.9971;0;1
FAQDGNAAISDY;TRUE;12;12;1.21;0.9892;1;0
FAQDGNAAISDYDY;TRUE;14;14;1.21;0.9743;1;0
MPLSAPTLVPQEHY;TRUE;14;14;1.14;0.9193;0;2
TESIVRFPNITNL;TRUE;13;13;1.26;0.9992;1;0
KEIDRLNEVAKNL;TRUE;13;13;1.32;1.0515;4;0
AEYHNESGLKTIL;TRUE;13;13;1.29;0.9831;2;0
GELGDVRETMSYL;TRUE;13;13;1.13;0.97;0;0
RRAFGEYSHVVAF;TRUE;13;13;1.32;1.0038;2;0
YEQAVANGDSEVVL;TRUE;14;14;1.31;1.0593;5;0
RELGVVHNQDVNL;TRUE;13;13;1.33;1.0431;2;0
MSRIGMEVTPSGTW;TRUE;14;14;1.28;0.965;1;1
DFAFNNWFLLTNTSS;TRUE;15;15;1.13;1.012;0;0
TNTSSVVDGVVRSFQ;TRUE;15;15;1.35;1.0633;3;0
NETTSAFVGALPKTV;TRUE;15;15;1.27;1.0533;2;0
SYADVLVNVSQTSIA;TRUE;15;15;1.5;1.1073;5;0
YHKHTFIVLYVDFKP;TRUE;15;15;1.49;1.112;5;0
NVGRWSASINTGNCP;TRUE;15;15;1.15;0.962;0;0
TSGNLLGFKDVTKGT;TRUE;15;15;1.24;1.0353;2;0
PKFFYASNGTYNCTD;TRUE;15;15;1.18;0.988;0;0
ASNGTYNCTDAVLTY;TRUE;15;15;1.32;1.0387;3;0
SNWTTSVQVEYLQIT;FALSE;15;15;1.31;1.0833;3;0
KKAFTLANVSSFGDY;TRUE;15;15;1.29;1.04;4;1
LAIQARLNYVALQTD;TRUE;15;15;1.28;1.072;5;0
ALQTDVLQENQKILA;TRUE;15;15;1.24;1.044;1;0
TLTKYTEVRASRQLA;TRUE;15;15;1.29;1.0133;1;1
EAWSGLCVDGTNGYV;TRUE;15;15;1.16;0.9967;0;0
VTFVNISRSELQTIV;FALSE;15;15;1.35;1.0267;4;0
CCCSTGCCGFFSCFA;TRUE;15;15;1.05;0.9593;0;0
QKPFLSDFNNGIFSR;TRUE;15;15;1.08;0.922;0;1
AYYADSGMPTTFLFS;TRUE;15;15;1.13;0.9313;0;1
YWVTPLSKRQYLLKF;TRUE;15;15;1.18;0.9573;0;1
VKPVATVHRRIPDLP;TRUE;15;15;1.33;0.9667;3;3
KWLNNFNVPSPLNWE;TRUE;15;15;1.15;0.9233;0;2
FNVPSPLNWERKIFS;TRUE;15;15;1.1;0.91;0;2
PSSWNRRYGFNNFNL;TRUE;15;15;1.04;0.8647;0;5
RRYGFNNFNLSSHSV;TRUE;15;15;1.04;0.9087;0;2
NNFNLSSHSVVYSRY;TRUE;15;15;1.21;0.9793;1;1
DHTDWCRCSCLPDPI;TRUE;15;15;0.91;0.8493;0;3
CRCSCLPDPITAYDP;TRUE;15;15;1.16;0.89;0;4
GWSYDTCVSNNRCNI;TRUE;15;15;1.15;0.9593;0;0
ALLYRNLKCSYVLNN;TRUE;15;15;1.21;1.0293;1;0
SSSSSRRKRRSISAS;TRUE;15;15;1.0;0.786;0;8
RRKRRSISASYRFVT;TRUE;15;15;1.11;0.898;0;3
FIQTNSPKVTIDCSL;TRUE;15;15;1.29;1.0113;3;1
SPKVTIDCSLFVCSN;FALSE;15;15;1.29;1.0607;3;0
IDCSLFVCSNYAACH;TRUE;15;15;1.17;1.0427;0;0
GGSEIRDLLCVQSFN;TRUE;15;15;1.21;0.9933;1;0
MFPPWSAAAGIPFSL;TRUE;15;15;1.28;0.934;1;3
AQALNSLLQQLFNKF;TRUE;15;15;1.13;0.992;0;0
LFNKFGAISSSLQEI;FALSE;15;15;1.22;0.9913;1;0
DVGIAPKQGYFIKHN;TRUE;15;15;1.23;1.02;1;0
GTYEMYVKWPWYVWL;TRUE;15;15;1.29;1.0607;4;0
YVKWPWYVWLLISFS;TRUE;15;15;1.35;1.0567;3;0
NGFFYIDVGNHRSAF;TRUE;15;15;1.23;0.9713;1;1
CVFSVVNATVTVNVT;TRUE;15;15;1.49;1.2333;11;0
PFNNWFLLTNGSTLV;FALSE;15;15;1.13;0.9893;0;0
WPVPGLKSSTGFVYF;TRUE;15;15;1.18;0.9553;0;0
SLDNLKSGVIVFKTL;TRUE;15;15;1.5;1.118;6;0
VDVLVNVSATNIQNL;FALSE;15;15;1.5;1.1453;5;0
WHIYLKSGTCPFSFS;TRUE;15;15;1.18;0.9453;0;1
LYVTWSEGNSITGVP;TRUE;15;15;1.25;1.0133;1;0
LLGFKNVSTGNIFIV;TRUE;15;15;1.39;1.0767;1;0
LPNFYYVSNGGNNCT;TRUE;15;15;1.21;0.974;1;0
TSTPIVVDCATYVCN;TRUE;15;15;1.37;1.1233;6;0
SLANVTSFGDYNLSS;TRUE;15;15;1.29;0.9907;1;0
SIADLACAQYYNGIM;TRUE;15;15;1.22;1.0487;1;0
VALQTDVLQENQKIL;TRUE;15;15;1.25;1.0447;1;0
DVVNQQGSALNHLTS;TRUE;15;15;1.22;0.9747;1;0
QGSALNHLTSQLRHN;TRUE;15;15;1.07;0.9213;0;1
NHLTSQLRHNFQAIS;TRUE;15;15;1.15;0.9093;0;2
TDYKNVKAWSGICVD;TRUE;15;15;1.34;1.0927;4;0
NISRVELHTVIPDYV;TRUE;15;15;1.27;1.0473;1;0
SLFQTTVELQGLIDQ;TRUE;15;15;1.27;1.046;1;0
KDTGPPPISTDTVDV;TRUE;15;15;1.19;0.8527;0;5
LWFKPPFLSDFINGI;TRUE;15;15;1.2;0.9007;0;4
QDGYNKLQGLLEVSV;TRUE;15;15;1.31;1.0247;2;0
RKELWHLDTGVVSCL;TRUE;15;15;1.3;1.0327;4;0
WVTPLTSRQYLLAFN;TRUE;15;15;1.19;0.9553;0;1
WLNDKSVPSPLNWER;TRUE;15;15;1.07;0.892;0;2
NIDAAKIYGMCFSSI;TRUE;15;15;1.34;1.07;4;0
KIYGMCFSSITIDKF;TRUE;15;15;1.25;1.036;1;0
CFSSITIDKFAIPNG;TRUE;15;15;1.25;1.0513;1;0
GKNNGIGTCPAGTNY;TRUE;15;15;1.13;0.9707;0;0
NYDLYGILGQGIFVE;TRUE;15;15;1.27;1.0307;1;0
YNSWQNLLYDSNGNL;TRUE;15;15;1.06;0.9227;0;0
GSGYCVDYSKNRRSR;TRUE;15;15;1.15;0.9287;0;3
LMNGVTLSTKLKDGV;TRUE;15;15;1.19;1.0673;0;0
RSAIEDLLFDKVKLS;TRUE;15;15;1.26;1.0613;3;0
LWTAAAGVPFYLNVQ;TRUE;15;15;1.32;1.07;4;0
LNNLLQQLSNRFGAI;TRUE;15;15;1.11;0.9327;0;0
KFSAAQAMEKVNECV;TRUE;15;15;1.34;1.1147;5;0
PGLCIAGDRGIAPKS;TRUE;15;15;1.2;0.972;0;0
LNTSIPNLPDFKEEL;TRUE;15;15;1.16;0.916;0;1
YTGYQELVIKTSHDD;TRUE;15;15;1.4;1.0527;4;1
RDHTFCVGSLIFHTIGQLLP;TRUE;20;20;1.21;1.026;1;1
WTSPRFVETTRSSSFLTSLP;TRUE;20;20;1.25;0.909;1;4
FGNGQFNFSEPLNGCTMQLS;TRUE;20;20;1.08;0.9235;0;0
WPLSSSVPSQKTYQVSYGFR;TRUE;20;20;1.23;0.936;1;2
NIDLSNDKKWKLQLHELTKL;TRUE;20;20;1.23;1.0125;1;0
RAVPDSERVIPPRTTTPYFF;TRUE;20;20;1.12;0.88;0;3
PQSGVPALSASTPSHRTPPSSQ;TRUE;22;22;1.08;0.8136;0;8
PQSGVPALSASTPSHRTPPS;TRUE;20;20;1.08;0.8375;0;6
YLQPRTFLL;TRUE;9;9;1.02;0.8511;0;3
FIAGLIAIV;TRUE;9;9;1.49;1.1178;4;0
ALNLGETFV;TRUE;9;9;1.18;0.9978;0;0
FLPGVYSVI;TRUE;9;9;1.39;1.0133;2;0
LMIERFVSL;TRUE;9;9;1.2;0.9944;0;0
SLVKPSFYV;TRUE;9;9;1.05;0.9456;0;0
YLFDESGEFKL;TRUE;11;11;1.1;0.9327;0;0
FVVPGLPGTI;TRUE;10;10;1.16;0.92;0;1
IQPGQTFSV;TRUE;9;9;1.09;0.8822;0;1
YYVGYLQPRTF;TRUE;11;11;1.2;0.9255;0;3
AYSNNSIAIPTNF;TRUE;13;13;1.23;1.0069;1;0
TYLEGSVRVVTTF;FALSE;13;13;1.38;1.0823;4;0
KYKFVRIQPGQTF;TRUE;13;13;1.32;0.9646;2;2
VYMPASWVMRIMTW;TRUE;14;14;1.22;1.0179;1;0
SYYCKSHKPPISF;TRUE;13;13;1.07;0.8854;0;2
RYPANSIVCRF;TRUE;11;11;1.27;1.0;2;0
EVFNATRFASVY;TRUE;12;12;1.26;1.0258;2;0
FVTHSKGLY;TRUE;9;9;1.11;0.9522;0;0
EVGHTDLMAAY;FALSE;11;11;1.23;0.9909;1;0
DVTQLYLGGMSYY;TRUE;13;13;1.21;0.9869;1;0
DAVVYRGTTTY;TRUE;11;11;1.33;1.0318;2;0
EIVDTVSALVY;TRUE;11;11;1.38;1.1155;5;0
EAVKTQFNY;TRUE;9;9;1.33;1.0467;3;0
LTDEMIAQY;TRUE;9;9;1.2;1.0267;0;0
FLFVAAIFY;TRUE;9;9;1.42;1.1422;5;0
WFSQRGGSY;TRUE;9;9;0.88;0.8089;0;4
RLYYDSMSY;TRUE;9;9;0.95;0.8933;0;0
AYKIEELFY;TRUE;9;9;1.29;1.0711;4;0
ASKIITLKK;TRUE;9;9;1.36;1.1233;5;0
KSILSPLYA;TRUE;9;9;1.09;0.9211;0;0
RVFSAVGNI;TRUE;9;9;1.33;1.0522;2;0
ALRANSAVK;TRUE;9;9;1.22;0.99;2;0
VVYRGTTTY;TRUE;9;9;1.19;0.97;0;0
LTRNPAWRK;TRUE;9;9;0.88;0.8522;0;0
SGFAAYSRY;TRUE;9;9;1.14;0.9733;0;0
GWTAGAAAYY;TRUE;10;10;1.25;1.054;2;0
LIISVTSNY;TRUE;9;9;1.36;1.0667;2;0
HFYSKWYIR;TRUE;9;9;1.14;0.98;0;0
RGVYYPDKVFR;TRUE;11;11;1.06;0.9591;0;0
KSNLKPFER;TRUE;9;9;1.1;0.9222;0;0
GTHWFVTQR;TRUE;9;9;1.16;0.9922;0;0
KFNPPALQDAYYR;TRUE;13;13;1.06;0.8846;0;3
KYFSGAMDTTSYR;TRUE;13;13;1.08;0.9515;0;0
SICSTMTNR;TRUE;9;9;1.13;0.9711;0;0
KGLPWNVVR;TRUE;9;9;1.2;0.9656;0;0
GTYEGNSPF;TRUE;9;9;1.03;0.8911;0;2
RTNVYLAVF;TRUE;9;9;1.44;1.0967;4;0
VVAFNTLLF;TRUE;9;9;1.38;1.0611;2;0
RVVFNGVSF;TRUE;9;9;1.28;1.0456;3;0
SLLMPILTL;TRUE;9;9;1.08;0.97;0;0
AMYTPHTVL;TRUE;9;9;1.0;0.9144;0;0
VMHANYIFW;TRUE;9;9;1.22;1.0256;1;0
FASVYAWNR;TRUE;9;9;1.25;1.0422;2;0
HFVNLDNLR;TRUE;9;9;1.13;0.9744;0;0
YFSGAMDTTSYR;TRUE;12;12;1.08;0.9475;0;0
EGNFYGPFVDR;TRUE;11;11;1.01;0.9064;0;0
EYADVFHLYLQYIR;TRUE;14;14;1.19;1.0379;0;0
NTVIWDYKR;TRUE;9;9;1.3;1.0344;3;0
NASVVNIQK;TRUE;9;9;1.38;1.1289;5;0
TTDPSFLGR;TRUE;9;9;0.88;0.8322;0;3
WVLNNDYYR;TRUE;9;9;1.18;0.9567;0;0
TVFPPTSFGPLVR;TRUE;13;13;1.02;0.8485;0;2
HVASCDAIMTR;TRUE;11;11;1.17;1.0264;0;0
ETLGVLVPHV;FALSE;10;10;1.35;1.073;3;0
YTVEEAKTV;TRUE;9;9;1.33;1.1011;4;0
YVWKSYVHV;TRUE;9;9;1.2;1.0411;0;0
TTLNDFNLV;TRUE;9;9;1.13;0.9567;0;0
YTACSHAAV;TRUE;9;9;1.16;0.9756;0;0
LVKPSFYVY;TRUE;9;9;1.15;0.9567;0;0
RQIAPGQTGKIADY;TRUE;14;14;1.24;0.9736;1;1
LIRKSNHNF;TRUE;9;9;1.05;0.9078;0;0
YQKVGMQKY;TRUE;9;9;1.17;1.0256;0;0
SQAWQPGVAM;TRUE;10;10;1.07;0.911;0;0
GAISSVLNDILSRLD;TRUE;15;15;1.23;1.0127;2;0
KLIANQFNSAIGKIQ;TRUE;15;15;1.32;1.0613;3;0
TLVKQLSSNFGAISS;TRUE;15;15;1.25;0.9993;2;0
STECSNLLLQYGSFC;TRUE;15;15;1.1;0.968;0;0
LVDLPIGINITRFQT;TRUE;15;15;1.3;1.02;2;0
RFASVYAWNRKRISN;TRUE;15;15;1.25;1.0113;2;0
TQTNSPRRARSVASQ;TRUE;15;15;1.12;0.8367;0;6
FKNHTSPDVDLGDIS;TRUE;15;15;1.03;0.8987;0;2
VSSQCVNLTTRTQLP;TRUE;15;15;1.25;0.9947;2;1
CEFQFCNDPFLGVYY;TRUE;15;15;1.2;0.94;0;1
IVRFPNITNLCPFGE;TRUE;15;15;1.2;0.954;0;0
YAWNRKRISNCVADY;TRUE;15;15;1.22;0.9947;1;0
VVLSFELLHAPATVC;TRUE;15;15;1.3;1.024;1;0
GTNTSNQVAVLYQDV;TRUE;15;15;1.44;1.0753;4;0
ECDIPIGAGICASYQ;TRUE;15;15;1.23;1.0247;2;0
KQIYKTPPIKDFGGF;TRUE;15;15;1.22;0.9547;1;0
TTAPAICHDGKAHFP;TRUE;15;15;1.13;0.9707;0;0
HWFVTQRNFYEPQII;TRUE;15;15;1.16;0.96;0;0
VVNIQKEIDRLNEVA;TRUE;15;15;1.38;1.0607;4;0
WTFGAGAALQIPFAM;FALSE;15;15;1.25;1.0333;2;0
NDMILSLLSKGRLII;TRUE;15;15;1.17;1.0033;0;0
ICGFIQQKLALGGSV;TRUE;15;15;1.23;1.04;1;0
GFFTYICGFIQQKLA;TRUE;15;15;1.23;1.0587;1;0
QNYGDSATLPKGIMM;TRUE;15;15;1.2;0.9493;0;0
QAWQPGVAMPNLYKM;TRUE;15;15;1.15;0.96;0;0
LAKRFKESPFELEDF;TRUE;15;15;1.1;0.9433;0;0
FTQSRNLQEFKPRSQ;TRUE;15;15;1.09;0.8687;0;2
FRNARNGVLITEGSV;TRUE;15;15;1.36;1.034;3;0
VIWDYKRDAPAHIST;TRUE;15;15;1.22;0.936;1;0
HFDGQQGEVPVSIIN;FALSE;15;15;1.32;0.982;2;2
VNKHAFHTPAFDKSA;TRUE;15;15;1.21;0.9513;1;0
VEWKFYDAQPCSDKA;TRUE;15;15;1.25;0.932;1;1
DELKINAACRKVQHM;TRUE;15;15;1.31;1.0867;4;0
CWHHSIGFDYVYNPF;TRUE;15;15;1.14;0.9667;0;0
WAHGFELTSMKYFVK;TRUE;15;15;1.32;1.0307;2;0
NLSDRVVFVLWAHGF;TRUE;15;15;1.52;1.0767;4;1
FKHLIPLMYKGLPWN;TRUE;15;15;1.16;0.984;0;0
WIGFDVEGCHATREA;TRUE;15;15;1.17;1.0;0;0
KMNYQVNGYPNMFIT;TRUE;15;15;1.18;0.9887;0;0
DYVIFTQTTETAHSC;TRUE;15;15;1.34;1.062;3;0
HDVSSAINRPQIGVV;TRUE;15;15;1.34;0.9593;2;1
FNSVCRLMKTIGPDM;TRUE;15;15;1.28;1.012;1;0
ARIVYTACSHAAVDA;TRUE;15;15;1.39;1.09;5;0
FTGYRVTKNSKVQIG;TRUE;15;15;1.25;1.0613;3;0
WEVGKPRPPLNRNYV;TRUE;15;15;1.2;0.8227;0;6
QLYLGGMSYYCKSHK;TRUE;15;15;1.07;0.9713;0;0
RYWEPEFYEAMYTPH;TRUE;15;15;1.17;0.9673;0;1
NQEYADVFHLYLQYI;TRUE;15;15;1.19;1.0373;0;0
CWTETDLTKGPHEFC;TRUE;15;15;1.1;0.9367;0;1
SMMILSDDAVVCFNS;TRUE;15;15;1.41;1.076;4;0
FNICQAVTANVNALL;TRUE;15;15;1.4;1.158;9;0
ASLVLARKHTTCCSL;TRUE;15;15;1.24;1.032;3;0
KLLKSIAATRGATVV;TRUE;15;15;1.37;1.0813;4;0
LYYDSMSYEDQDALF;TRUE;15;15;1.01;0.9047;0;0
TCFSVAALTNNVAFQ;TRUE;15;15;1.36;1.128;6;0
FVDGVPFVVSTGYHF;TRUE;15;15;1.33;1.05;4;0
DFTEERLKLFDRYFK;TRUE;15;15;1.08;0.956;0;0
DDYFNKKDWYDFVEN;TRUE;15;15;1.16;0.998;0;0
LLKDCPAVAKHDFFK;TRUE;15;15;1.28;1.008;1;0
AFDIYNDKVAGFAKF;TRUE;15;15;1.27;1.08;2;0
WKGYGCSCDQLREPM;TRUE;15;15;1.03;0.8853;0;1
QAITVTPEANMDQES;TRUE;15;15;1.4;1.0253;2;0
SDLQDLKWARFPKSD;TRUE;15;15;1.1;0.9127;0;3
WEIQQVVDADSKIVQ;TRUE;15;15;1.34;1.082;5;0
TAAKLMVVIPDYNTY;TRUE;15;15;1.49;1.1107;6;0
VLKKLKKSLNVAKSE;TRUE;15;15;1.36;1.1333;6;0
SEFSSLPSYAAFATA;TRUE;15;15;1.25;0.9547;3;3
KLWAQCVQLHNDILL;TRUE;15;15;1.2;1.0247;0;0
QGLLPPKNSIDAFKL;TRUE;15;15;1.19;0.9247;0;2
RRVWTLMNVLTLVYK;TRUE;15;15;1.42;1.134;8;0
WLDMVDTSLSGFKLK;TRUE;15;15;1.15;0.9893;0;0
QSTQWSLFFFLYENA;TRUE;15;15;1.15;0.9873;0;0
LKELLQNGMNGRTIL;TRUE;15;15;1.2;0.968;0;0
LLVLVQSTQWSLFFF;TRUE;15;15;1.43;1.0273;3;0
WFLNRFTTTLNDFNL;TRUE;15;15;1.14;0.9707;0;0
NVLAWLYAAVINGDR;TRUE;15;15;1.43;1.144;6;0
KLKVDTANPKTPKYK;TRUE;15;15;1.24;0.9987;3;1
GTTTLNGLWLDDVVY;TRUE;15;15;1.2;1.018;0;0
YREAACCHLAKALND;TRUE;15;15;1.28;1.0653;2;0
IQWMVMFTPLVPFWI;TRUE;15;15;1.26;1.0413;3;0
YLTFYLTNDVSFLAH;TRUE;15;15;1.21;1.0353;1;0
LPGVYSVIYLYLTFY;TRUE;15;15;1.39;1.1113;6;0
SGRWVLNNDYYRSLP;TRUE;15;15;1.18;0.944;0;1
HGTCERSEAGVCVST;FALSE;15;15;1.36;1.0167;4;0
SGKPVPYCYDTNVLE;TRUE;15;15;1.24;0.976;1;0
VPGLPGTILRTTNGD;TRUE;15;15;1.11;0.9333;0;1
VNVVTTKIALKGGKI;TRUE;15;15;1.49;1.184;8;0
RDLGACIDCSARHIN;TRUE;15;15;1.2;0.9713;0;0
AKNVSLDNVLSTFIS;TRUE;15;15;1.22;1.0533;1;0
LLDQALVSDVGDSAE;TRUE;15;15;1.21;1.0093;1;0
YSQLMCQPILLLDQA;TRUE;15;15;1.16;0.9753;0;0
DKAGQKTYERHSLSH;TRUE;15;15;1.11;0.9247;0;2
RDLSLQFKRPINPTD;TRUE;15;15;1.01;0.8893;0;2
KLHNWNCVNCDTFCA;TRUE;15;15;1.18;1.0153;0;0
FFASFYYVWKSYVHV;TRUE;15;15;1.27;1.0793;2;0
CLSGLDSLDTYPSLE;TRUE;15;15;1.0;0.8813;0;1
YREGYLNSTNVTIAT;TRUE;15;15;1.4;1.05;3;0
VGKFCLEASFNYLKS;TRUE;15;15;1.21;1.038;1;0
STTTNIVTRCLNRVC;TRUE;15;15;1.32;1.0613;3;0
NELSRVLGLKTLATH;TRUE;15;15;1.26;1.0447;3;0
ITEEVGHTDLMAAYV;TRUE;15;15;1.34;1.0567;3;0
DVLKSEDAQGMDNLA;TRUE;15;15;1.21;0.9633;1;0
NTWCIRCLWSTKPVE;TRUE;15;15;1.16;0.998;0;0
DVVAIDYKHYTPSFK;TRUE;15;15;1.42;1.0247;3;1
YFTEQPIDLVPNQPY;TRUE;15;15;1.09;0.9213;0;1
KQATKYLVQQESPFV;TRUE;15;15;1.31;1.026;3;2
SIKWADNNCYLATAL;TRUE;15;15;1.25;1.0493;2;0
ITFDNLKTLLSLREV;TRUE;15;15;1.21;1.0127;1;0
YNGYLTSSSKTPEEH;TRUE;15;15;1.05;0.9213;0;0
TSKTTVASLINTLND;FALSE;15;15;1.34;1.1053;6;0
VSWNLREMLAHAEET;TRUE;15;15;1.13;1.002;0;0
EILGTVSWNLREMLA;TRUE;15;15;1.3;1.0213;1;0
AGGTTEMLAKALRKV;TRUE;15;15;1.28;1.0813;4;0
LVSSFLEMKSEKQVE;TRUE;15;15;1.21;1.0327;1;0
EDIQLLKSAYENFNQ;TRUE;15;15;1.22;1.0333;1;0
KHGGGVAGALNKATN;TRUE;15;15;1.29;1.0613;3;0
VEVQPQLEMELTPVV;TRUE;15;15;1.23;0.9967;1;0
QYEYGTEDDYQGKPL;TRUE;15;15;1.06;0.9127;0;0
VSELLTPLGIDLDEW;TRUE;15;15;1.19;0.9713;0;0
GDDTVIEVQGYKSVN;FALSE;15;15;1.47;1.102;4;0
GETFVTHSKGLYRKC;FALSE;15;15;1.25;1.0107;1;0
PVLDWLEEKFKEGVE;TRUE;15;15;1.22;1.06;2;0
FTSDLATNNLVVMAY;TRUE;15;15;1.45;1.106;5;0
WNIGEQKSILSPLYA;FALSE;15;15;1.12;0.9793;0;0
DFKLNEEIAIILASF;TRUE;15;15;1.46;1.1567;6;0
AYWVPRASANIGCNH;TRUE;15;15;1.18;0.9807;0;0
TENLTKEGATTCGYL;FALSE;15;15;1.15;1.052;0;0
RGVYCCREHEHEIAW;TRUE;15;15;1.18;0.9727;0;1
WNTKHSSGVTRELMR;TRUE;15;15;1.14;0.948;0;0
VLVPHVGEIPVAYRK;TRUE;15;15;1.21;1.0493;2;0
GSSGVVNPVMEPIYD;TRUE;15;15;1.31;1.036;1;0
EKWESGVKDCVVLHS;TRUE;15;15;1.31;1.0887;5;0
WKCRSKNPLLYDANY;TRUE;15;15;1.1;0.9293;0;1
GTVTLKQGEIKDATP;TRUE;15;15;1.32;1.07;3;0
ATSRTLSYYKLGASQ;TRUE;15;15;1.16;0.9813;0;0
MWLSYFIASFRLFAR;TRUE;15;15;1.16;0.9993;0;0
WICLLQFAYANRNRF;TRUE;15;15;1.22;1.01;1;1
AIVFITLCFTLKRKT;TRUE;15;15;1.47;1.124;5;0
EGNSPFHPLADNKFA;TRUE;15;15;1.09;0.8567;0;5
RCSFYEDFLEYHDVR;TRUE;15;15;1.05;0.956;0;0
QEPKLGSLVVRCSFY;TRUE;15;15;1.26;1.0113;2;0
FYSKWYIRVGARKSA;TRUE;15;15;1.19;1.0293;0;0
QKKQQTVTLLPAADL;TRUE;15;15;1.29;1.0333;2;0
TDYKHWPQIAQFAPS;TRUE;15;15;1.22;0.9353;1;0
KAYNVTQAFGRRGPE;FALSE;15;15;1.3;0.9547;3;3
IGTRNPANNAAIVLQ;TRUE;15;15;1.45;1.0253;4;1
IWVATEGALNTPKDH;TRUE;15;15;1.37;1.03;3;0
SWFTALTQHGKEDLK;TRUE;15;15;1.18;0.9907;0;0
SNQNGERSGARSKQR;TRUE;15;15;0.93;0.848;0;3
KENDSKEGFFTY;TRUE;12;12;1.07;0.95;0;0
AEIVDTVSALVY;FALSE;12;12;1.38;1.1292;6;0
SEISMDNSPNLAW;TRUE;13;13;1.04;0.8869;0;2
GELGDVRETMSY;TRUE;12;12;1.13;0.9625;0;0
REVRTIKVF;TRUE;9;9;1.38;1.0667;4;0
GDCEEEEFEPSTQY;TRUE;14;14;1.1;0.9264;0;0
SEHDYQIGGYTEKW;TRUE;14;14;1.14;0.9664;0;0
SRIGMEVTPSGTW;TRUE;13;13;1.28;0.9669;1;1
REVLSDRELHLSW;TRUE;13;13;1.08;0.9138;0;0
SEDMLNPNY;TRUE;9;9;1.01;0.9033;0;0
QELGKYEQYIKW;TRUE;12;12;1.18;1.0317;0;0
REGVFVSNGTHW;TRUE;12;12;1.3;1.02;3;0
QELIRQGTDYKHW;TRUE;13;13;1.03;0.93;0;1
YEAMYTPHTVL;TRUE;11;11;1.17;0.9609;0;0
GEYSHVVAFNTLL;TRUE;13;13;1.38;1.0862;4;0
GEVITFDNLKTL;TRUE;12;12;1.33;1.0592;3;0
YELQTPFEIKL;TRUE;11;11;1.25;0.9627;1;0
GEIPVAYRKVLL;TRUE;12;12;1.21;1.0658;2;0
YEDFLEYHDVRVVL;TRUE;14;14;1.39;1.0171;2;0
HPTQAPTHL;TRUE;9;9;0.94;0.8689;0;1
FPKSDGTGTIY;TRUE;11;11;1.16;0.9055;0;2
LPNDDTLRVEAFEY;TRUE;14;14;1.28;0.975;1;2
FPQSAPHGVVF;TRUE;11;11;1.21;0.8845;1;3
MIERFVSL;TRUE;8;8;1.2;0.9812;0;0
YLRKHFSM;TRUE;8;8;0.97;0.9012;0;0
HVMSKHTDF;TRUE;9;9;1.11;0.9522;0;0
QPYRVVVL;TRUE;8;8;1.39;1.0312;2;0
GPKQASLNGVTL;TRUE;12;12;1.18;0.985;0;0
SPYNSQNAVASKIL;TRUE;14;14;1.34;1.0229;5;2
KPRPPLNRNYVF;TRUE;12;12;1.08;0.8025;0;5
MPILTLTRAL;TRUE;10;10;1.26;1.009;1;0
KPASRELKVTF;TRUE;11;11;1.31;0.9809;2;1
KPLEFGATSAAL;TRUE;12;12;1.17;0.9983;0;0
SPFHPLADNKFAL;TRUE;13;13;1.18;0.9054;0;2
YYCKSHKPPISF;TRUE;12;12;1.07;0.87;0;2
YYRARAGEAANF;TRUE;12;12;1.19;0.9767;0;0
VYDPLQPELDSF;TRUE;12;12;1.0;0.8417;0;3
IYNDKVAGFAKF;TRUE;12;12;1.27;1.0825;2;0
AVANGDSEVVLK;TRUE;12;12;1.43;1.0442;3;0
ASFNYLKSPNFSK;TRUE;13;13;1.13;0.9254;0;1
ALGGSVAIK;TRUE;9;9;1.34;1.0233;2;0
KSAGFPFNK;TRUE;9;9;1.04;0.8978;0;0
RQVVNVVTTK;TRUE;10;10;1.61;1.197;5;0
TLKGGAPTK;TRUE;9;9;1.09;0.9356;0;0
TLADAGFIK;TRUE;9;9;1.22;1.0067;1;0
RIFTIGTVTLK;TRUE;11;11;1.32;1.1091;5;0
WLDMVDTSL;TRUE;9;9;1.15;0.9989;0;0
ALLEDEFTPFDV;TRUE;12;12;1.09;0.94;0;0
ITEHSWNADLY;TRUE;11;11;1.05;0.9355;0;0
VTDVTQLYLGGMSY;TRUE;14;14;1.29;1.0171;2;0
WARFPKSDGTGTIY;TRUE;14;14;1.16;0.8886;0;3
TTQTACTDDNALAY;TRUE;14;14;1.19;0.9964;0;0
TGVHAGTDLEGNFY;TRUE;14;14;1.14;0.9821;0;0
ALRKVPTDNYITTY;TRUE;14;14;1.22;1.0093;2;0
VLPPLLTDEMIAQY;TRUE;14;14;1.2;0.9829;0;0
NTNSSPDDQIGYY;TRUE;13;13;1.08;0.8254;0;5
SLENVAFNV;TRUE;9;9;1.38;1.0889;4;0
DVTDVTQLYLGGMSY;TRUE;15;15;1.29;1.0287;2;0
LSDDAVVCFNSTY;TRUE;13;13;1.41;1.0638;4;0
YSDVENPHLMGWDY;TRUE;14;14;1.06;0.9179;0;0
VTDTPKGPKVKYLY;TRUE;14;14;1.34;0.9829;2;2
MTNRQFHQKLLK;TRUE;12;12;1.16;0.9133;0;2
QTACTDDNALAYY;TRUE;13;13;1.22;0.9962;1;0
AELAKNVSLDNVL;TRUE;13;13;1.32;1.0762;3;0
SSTFNVPMEKLK;TRUE;12;12;1.21;1.0017;1;0
ITEEVGHTDLMAAY;TRUE;14;14;1.34;1.0364;2;0
FTEQPIDLVPNQPY;TRUE;14;14;1.09;0.9121;0;1
SEYKGPITDVFY;TRUE;12;12;1.24;0.9875;1;0
SNEKQEILGTVSW;TRUE;13;13;1.3;1.0538;1;0
TSDLATNNLVVMAY;TRUE;14;14;1.45;1.1171;5;0
ACHNSEVGPEHSL;TRUE;13;13;1.07;0.9085;0;2
STDTGVEHVTFFIY;TRUE;14;14;1.33;1.0729;3;0
ASQRVAGDSGFAAY;TRUE;14;14;1.14;0.9557;0;0
KAATYQEAAVYLW;TRUE;13;13;1.35;1.1154;5;0
RLTVPTEGLEVTW;TRUE;13;13;1.25;1.0262;2;0
KPSVSVYYADNHW;TRUE;13;13;1.29;1.0238;3;0
MAVPDKETPTF;TRUE;11;11;1.06;0.94;0;0
AEFGDRQGKVHIPF;TRUE;14;14;1.22;0.9321;1;2
TESEGDRELAAAY;TRUE;13;13;1.27;0.9485;2;1
AEFDSFVVPGLW;TRUE;12;12;1.19;1.005;0;0
AEFGDRQGKVHI;TRUE;12;12;1.22;0.9067;1;2
YTESEGDREL;TRUE;10;10;1.03;0.879;0;1
SPIRITTENLTTY;TRUE;13;13;1.19;1.0269;0;0
RQRRSIKDHFNVY;TRUE;13;13;1.11;0.9069;0;1
RITTENLTTY;TRUE;10;10;1.19;1.025;0;0
RPRPQRKAGQLAQL;TRUE;14;14;1.1;0.8593;0;3
RPRPRPQRKAGQL;TRUE;13;13;1.09;0.7385;0;5
RPWTPRSTIQII;TRUE;12;12;1.34;0.8742;1;4
DTAISFRAPPSITV;TRUE;14;14;1.17;0.8986;0;4
TVNSQTVRYK;TRUE;10;10;1.16;0.992;0;0
TVQETAETR;TRUE;9;9;1.23;1.0278;1;0
HFNVYKATR;TRUE;9;9;1.34;1.0667;3;0
RTVYPAPVY;TRUE;9;9;1.13;0.9389;0;0
TQRNMNTMK;TRUE;9;9;1.15;0.94;0;0
ETAETRDTAISF;TRUE;12;12;1.17;0.9833;0;0
FSKPSVSVY;TRUE;9;9;1.21;0.9389;1;0
QYNSPLVPRNAEF;TRUE;13;13;0.99;0.8815;0;2
SFGAPSETFPITF;TRUE;13;13;1.04;0.9023;0;0
SHQVTFDTFQNK;TRUE;12;12;1.15;0.9808;0;0
SVYVDIDADSAFLK;TRUE;14;14;1.37;1.0293;1;0
TLYPESRMLLK;TRUE;11;11;1.06;0.8855;0;2
KLYLMAETPKV;TRUE;11;11;1.2;1.04;0;0
YTESEGDRELAAAY;TRUE;14;14;1.27;0.9543;2;1
KVTAQLTDHVVGEY;TRUE;14;14;1.31;1.0707;4;0
KAATYQEAAIYLW;TRUE;13;13;1.32;1.1046;5;0
VTWGNNEPYKYW;TRUE;12;12;1.14;0.9333;0;0
RTALSVVTW;TRUE;9;9;1.35;1.0744;4;0
TAVDMAEIHTMW;TRUE;12;12;1.25;1.0742;2;0
LALPTKRVTW;TRUE;10;10;1.17;0.978;0;0
KPLVSVYYADNHW;TRUE;13;13;1.31;1.0477;3;0
LSIPLRTRIKW;TRUE;11;11;1.1;0.9136;0;1
VPYSQAPSGFKYW;TRUE;13;13;1.06;0.8754;0;2
VPYSQAPSGFKY;FALSE;12;12;1.0;0.86;0;2
YPDHPTLLSY;TRUE;10;10;1.07;0.833;0;3
YPTVSSYQITDEY;TRUE;13;13;1.12;0.9831;0;0
EANEQVCLY;TRUE;9;9;1.19;1.0322;0;0
VPDTETPTF;TRUE;9;9;0.98;0.9033;0;0
WTPFDNKIVV;TRUE;10;10;1.48;0.985;2;0
IPFPLANVTCRV;TRUE;12;12;1.29;1.0158;3;0
YPAPVYSPPINV;TRUE;12;12;1.04;0.8833;0;2
AECHPPKDHIVNY;TRUE;13;13;1.22;0.88;1;4
LEVTWGNNEPYKYW;TRUE;14;14;1.25;0.9729;1;0
MEFIPTQTFYNRRY;TRUE;14;14;1.06;0.9357;0;0
GEISSCHLPTGTRF;TRUE;14;14;1.03;0.885;0;2
NEFLARNYPTVSSY;TRUE;14;14;1.14;0.9557;0;1
AEHRPVKGERMEW;TRUE;13;13;1.09;0.9177;0;1
AELGDRKGKIHIPF;TRUE;14;14;1.18;0.9614;0;0
QAEFDSFVVPSLW;TRUE;13;13;1.19;0.9985;0;0
YELTPGATVPFLL;TRUE;13;13;1.12;0.9792;0;0
KEDKAYSPEVAL;TRUE;12;12;1.14;0.9808;0;0
GEYLVLSPQTVL;TRUE;12;12;1.28;0.995;1;0
SESEGDRELAAAY;TRUE;13;13;1.27;0.9415;2;1
YTYNLELGLPATL;TRUE;13;13;1.12;0.99;0;0
MEWLVNKINGHHVL;TRUE;14;14;1.37;1.0729;5;0
YPFMWGGAY;TRUE;9;9;1.02;0.9233;0;0
SPIRITTENLATY;TRUE;13;13;1.19;1.0362;0;0
NPSKLRSYPKQHAY;TRUE;14;14;1.04;0.8643;0;3
YPVIHAVGPNFSNY;TRUE;14;14;1.42;0.9886;2;2
HPHEIILYYYELY;FALSE;13;13;1.32;1.0669;4;0
APLGVRGADYTY;TRUE;12;12;1.08;0.9583;0;0
RQRRSTKDNFNVY;TRUE;13;13;1.18;0.8992;0;2
LLKPGGSLLIRAY;TRUE;13;13;1.16;0.9431;0;2
LQNPPKGNF;TRUE;9;9;0.88;0.8067;0;4
RQRADVAIYQDVY;TRUE;13;13;1.33;1.0515;3;1
WLKERGASLQ;TRUE;10;10;1.02;0.927;0;0
YWLKERGASL;TRUE;10;10;1.15;0.945;0;0
MMKSGMFL;TRUE;8;8;1.02;0.9437;0;0
IPANRRLPHSL;TRUE;11;11;0.92;0.7955;0;4
LSIMRGKKL;TRUE;9;9;1.06;0.9522;0;0
IPNTVGVPYKTL;TRUE;12;12;1.29;1.0358;1;0
RPRPQRQAGQLAQL;TRUE;14;14;1.1;0.8229;0;4
RPRPRPQRQAGQL;TRUE;13;13;0.99;0.6992;0;6
TPMASVRFFRAEL;TRUE;13;13;1.08;0.9638;0;0
APLGVRGADYTYNL;TRUE;14;14;1.11;0.9721;0;0
SPQTVLRSQKLSL;TRUE;13;13;1.07;0.9492;0;0
EHVTVIPNTVGV;TRUE;12;12;1.38;1.1025;4;0
TTYPAPVYSPPINV;TRUE;14;14;1.04;0.8879;0;2
MTFDTFQNKA;TRUE;10;10;1.1;0.958;0;0
NTDEESYEL;TRUE;9;9;1.04;0.9367;0;0
HTASASAKLR;TRUE;10;10;1.18;0.992;0;0
LTVGFTDSR;TRUE;9;9;1.2;0.9633;0;0
NVPSRVSPR;TRUE;9;9;0.99;0.8456;0;3
TTNIIPANRR;TRUE;10;10;1.29;0.984;1;1
YVYDVDQRR;TRUE;9;9;1.28;0.9611;1;0
EFIPTQTFYNRR;TRUE;12;12;1.06;0.9367;0;0
EYWEEFAASPIR;TRUE;12;12;1.19;0.9967;0;0
DFNPTTNIIPANRR;TRUE;14;14;1.29;0.9643;1;1
VYNEREFVNR;TRUE;10;10;1.1;0.973;0;0
EYLVLSPQTVLR;TRUE;12;12;1.28;0.9842;1;0
KVFTGVYPF;TRUE;9;9;1.31;1.0289;2;0
KSGMFLTLF;TRUE;9;9;1.15;0.9867;0;0
AVYKKWPESF;TRUE;10;10;1.37;0.989;2;0
RQWSQIIQAF;TRUE;10;10;1.27;0.995;2;1
KSWHLPSVF;TRUE;9;9;1.0;0.88;0;2
GTMGHFILAR;TRUE;10;10;1.17;0.98;0;0
RYQPRPWTPR;TRUE;10;10;0.88;0.717;0;6
RATFNPSKLR;TRUE;10;10;1.0;0.884;0;1
TTNIIPANR;TRUE;9;9;1.29;1.0156;1;0
SQAPSGFKY;TRUE;9;9;1.0;0.8567;0;2
RVPKARNPTVTY;TRUE;12;12;1.09;0.9358;0;0
ATFNPSKLRSY;TRUE;11;11;0.96;0.8791;0;1
RVHPDSSLAGRKGY;TRUE;14;14;1.02;0.855;0;3
RQKVNENPLY;TRUE;10;10;1.22;0.983;1;0
AVHAPTSLY;TRUE;9;9;1.07;0.9167;0;0
KARNPTVTYGK;TRUE;11;11;1.23;0.9755;1;0
KLAFKRSSK;TRUE;9;9;1.25;0.95;1;0
VTRLGVNSV;TRUE;9;9;1.2;1.0011;0;0
HTASASAKLRVLY;TRUE;13;13;1.22;1.0369;1;0
NVYKATRPY;TRUE;9;9;1.34;1.0011;2;0
TTEGALYSY;TRUE;9;9;1.12;0.9978;0;0
EAYDGRVLVPSGY;TRUE;13;13;1.2;0.9715;0;0
TYPVIHAVGPNF;TRUE;12;12;1.42;1.0425;2;0
DVYAVHAPTSLY;TRUE;12;12;1.33;1.0125;3;0
YQDVYAVHAPTSLY;TRUE;14;14;1.33;1.0264;3;0
VYKGDVYNMDYPPF;TRUE;14;14;1.13;0.9579;0;2
VIMLLYPDHPTLL;TRUE;13;13;1.38;0.8946;2;4
IYQDVYAVHAPTSL;FALSE;14;14;1.33;1.0479;3;0
DYPPFGAGRPGQF;TRUE;13;13;0.9;0.7838;0;7
VYPFMWGGAYCF;FALSE;12;12;1.09;0.9583;0;0
KFTHEKPEGYYNW;TRUE;13;13;1.05;0.9338;0;0
GTIDNADLAKLAFK;TRUE;14;14;1.28;1.06;3;0
RVADPLKRLFKLGK;TRUE;14;14;1.14;0.9636;0;1
ATFNPSKLRSYPK;TRUE;13;13;0.96;0.8608;0;3
SHQMTFDTFQNK;TRUE;12;12;1.06;0.94;0;0
KLRGPVITLYGGPK;TRUE;14;14;1.36;0.9829;1;0
RMYGVDLDSGLFSK;TRUE;14;14;1.11;0.9479;0;1
AVIGVFGVPGSGK;TRUE;13;13;1.45;1.0331;4;1
YLWNEQQPL;TRUE;9;9;1.08;0.9056;0;1
VKIIDAVVSL;TRUE;10;10;1.42;1.157;6;0
AVSDWVMSTV;TRUE;10;10;1.31;1.034;1;0
ALGESIESI;TRUE;9;9;1.13;0.9833;0;0
WLKERGASL;TRUE;9;9;1.02;0.9222;0;0
GLIDELEKAV;TRUE;10;10;1.34;1.046;2;0
MLFDHNVPSRV;TRUE;11;11;1.02;0.9018;0;0
GLYGKTTGYAV;TRUE;11;11;1.24;1.0282;1;0
MLLYPDHPTLL;TRUE;11;11;0.99;0.8182;0;4
ALADEVIRWQRTGL;TRUE;14;14;1.28;0.9921;2;1
HSSDFGGVAIIKY;FALSE;13;13;1.52;1.0469;4;2
KTDDSHDWTKLRY;TRUE;13;13;1.06;0.8785;0;3
MSETPKVPTYRTTY;TRUE;14;14;1.12;0.9443;0;0
FTAMDSTDADVVIY;FALSE;14;14;1.42;1.0229;3;0
YSESEGDRELAAAY;TRUE;14;14;1.27;0.9414;2;1
KVTAQPTDHVVGEY;TRUE;14;14;1.31;1.0029;3;1
EEMSCIPGGRMY;TRUE;12;12;1.12;0.8975;0;2
LEEMSCIPGGRMY;TRUE;13;13;1.12;0.9092;0;2
MSCIPGGRMY;TRUE;10;10;0.95;0.862;0;2
YYMYLDRSDAGEAI;TRUE;14;14;1.23;0.9193;1;3
MYLDRSDAGEAISF;TRUE;14;14;1.23;0.925;1;3
ILEDSVPAEVWTRY;TRUE;14;14;1.27;1.0229;2;0
KTAVEAVNDPRFW;TRUE;13;13;1.46;1.0292;4;2
AAFKSLFGGMSW;FALSE;12;12;1.15;0.9675;0;0
TAIKPSLGLINRW;TRUE;13;13;1.15;0.9746;0;0
STLWEGSPNKYW;TRUE;12;12;1.05;0.8925;0;2
STRKLQTRSQTW;TRUE;12;12;0.98;0.8942;0;1
VPVDWVPTGRTTW;TRUE;13;13;1.09;0.9438;0;1
IPGGRMYADDTAGW;TRUE;14;14;1.02;0.9036;0;2
YCGPWKLDAAW;FALSE;11;11;1.16;0.9491;0;0
LPWHAGADTGTPHW;TRUE;14;14;1.05;0.8993;0;1
SPQDNQMAI;TRUE;9;9;1.17;0.8778;0;2
MALGLTAV;TRUE;8;8;1.25;1.0237;1;0
RKDTQEWKPSTGW;TRUE;13;13;1.07;0.8969;0;1
LEEMSRIPGGRMY;TRUE;13;13;1.05;0.8608;0;4
ETWFFDENHPYRTW;FALSE;14;14;1.08;0.87;0;3
ATSTLWEGSPNKYW;TRUE;14;14;1.11;0.9186;0;2
AEMEEALRGLPVRY;TRUE;14;14;1.18;0.9707;0;1
NELPHGWKAWGKSY;TRUE;14;14;1.16;0.9386;0;1
SVDMYIERAGDITW;TRUE;14;14;1.25;1.0136;1;0
GEFGKAKGSRAI;TRUE;12;12;1.17;0.9892;0;0
AEVTGNSPRLDVAL;TRUE;14;14;1.23;0.925;2;4
GELNAILEENGVQL;TRUE;14;14;1.26;1.0843;4;0
GEAGALITAATSTL;TRUE;14;14;1.32;1.1107;5;0
AEMNTGGDVAHLAL;TRUE;14;14;1.26;1.015;1;0
VEITPNSPRAEATL;TRUE;14;14;1.23;0.8964;1;4
VENWIFRNPGFAL;TRUE;13;13;1.29;0.9323;1;2
TPAVQHAVTTSY;TRUE;12;12;1.26;1.0608;3;0
FAAGKRGAAF;TRUE;10;10;1.17;0.969;0;0
TAMAAEVTRRGSAY;TRUE;14;14;1.34;1.0093;4;2
HAETWFFDENHPY;TRUE;13;13;1.13;0.9338;0;1
NPIAIPFAAGAWY;TRUE;13;13;1.18;1.0392;0;0
MAAEVTRRGSAY;TRUE;12;12;1.34;0.9683;2;2
RQDQRGSGQVVTY;TRUE;13;13;1.32;0.8977;2;5
VQHAVTTSYNNY;TRUE;12;12;1.26;1.0417;3;0
ITPAVQHAVTTSY;TRUE;13;13;1.26;1.0731;4;0
RLKMDKLRLKGVSY;TRUE;14;14;1.16;1.0093;0;0
AMAAEVTRRGSAY;TRUE;13;13;1.34;0.99;3;2
EQRKTFVEL;TRUE;9;9;1.28;1.0144;2;0
FKVRPALL;TRUE;8;8;1.03;0.9275;0;0
SVGKKEAM;TRUE;8;8;1.26;1.0462;2;0
KPIDDRFAHALRFL;TRUE;14;14;1.12;0.9086;0;1
SPNKYWNSSTATSL;TRUE;14;14;1.11;0.95;0;0
RPYKAAAAQLPETL;TRUE;14;14;1.33;1.025;3;0
IRAMVVPRTDNITL;TRUE;14;14;1.3;1.015;3;1
RPRKEPESNLVRSM;TRUE;14;14;1.15;0.8971;0;2
SPRAEATLGGFGSL;TRUE;14;14;1.23;0.9564;1;1
MTIDPQVEKKMGQV;TRUE;14;14;1.33;1.0207;2;0
VVIKNGSYV;TRUE;9;9;1.48;1.0456;2;0
ETDENRAKV;TRUE;9;9;1.17;0.9422;0;0
TVMDIISRQDQR;TRUE;12;12;1.34;0.9492;2;2
EMYWVSGAK;TRUE;9;9;1.23;1.0311;1;0
ETPVECFEPSMLK;TRUE;13;13;1.23;0.9515;1;0
ECTMPPLSFR;FALSE;10;10;0.95;0.82;0;4
TVMDIISR;TRUE;8;8;1.34;1.03;2;0
WFFDENHPYR;TRUE;10;10;0.98;0.858;0;2
EVWTRHGEKR;TRUE;10;10;1.1;0.899;0;0
FIFRANWTPR;TRUE;10;10;1.1;0.938;0;1
EALVEFKDAHAKR;TRUE;13;13;1.3;1.0615;3;0
ALAIIKYTY;TRUE;9;9;1.41;1.1478;5;0
QVASAGITY;TRUE;9;9;1.2;1.04;0;0
FVYNDVEAW;TRUE;9;9;1.25;1.0367;1;0
KTVMDIISR;TRUE;9;9;1.34;1.0489;2;0
KVRPALLVSFIFR;TRUE;13;13;1.26;1.0385;3;0
RSRRAVTLPSHSTR;TRUE;14;14;1.18;0.8871;0;5
KYMDYLSTQVRY;TRUE;12;12;1.12;0.9742;0;0
KVIDLGCGRGGWSY;TRUE;14;14;1.3;0.9207;1;2
NQMSALEFY;TRUE;9;9;1.17;0.9878;0;0
KCGRVIGLY;TRUE;9;9;1.3;1.0333;1;0
KTKDGDIGAVALDY;TRUE;14;14;1.37;1.0529;5;0
GHMCDATMSY;TRUE;10;10;1.09;0.957;0;0
SYYAATIRK;TRUE;9;9;1.31;1.0556;2;0
KTRLRTVILA;TRUE;10;10;1.41;1.02;3;0
RARNIQTLPGIFK;TRUE;13;13;1.14;0.9592;0;0
RIINARKEK;TRUE;9;9;1.19;1.0189;0;0
AIYAALTTF;TRUE;9;9;1.34;1.0922;4;0
DLAKLAILM;TRUE;9;9;1.35;1.1011;4;0
TTVSNMAEVRSY;TRUE;12;12;1.27;1.0483;1;0
EAISFPTTL;TRUE;9;9;1.16;0.9389;0;0
KYMDYLSTQVRYL;TRUE;13;13;1.12;0.9815;0;0
SYAQMWQLLYF;TRUE;11;11;1.08;0.9855;0;0
RAIWYMWLGARF;TRUE;12;12;1.24;1.0192;1;0
YWNSSTATSLCNIF;TRUE;14;14;1.18;0.9857;0;0
GYWIESEKNDTW;TRUE;12;12;1.16;1.0008;0;0
MYLDRNDAGEAISF;FALSE;14;14;1.23;0.9457;1;1
AWAIYAALTTF;TRUE;11;11;1.34;1.1264;6;0
RFQEAIDNL;TRUE;9;9;1.18;1.0;0;0
VPNYNLYIMDEAHF;TRUE;14;14;1.2;1.0193;0;0
VYVKTGKRSGALW;TRUE;13;13;1.42;0.9985;3;0
YYMYLDRNDAGEAI;TRUE;14;14;1.23;0.94;1;1
WFFDENHPYRTW;TRUE;12;12;0.98;0.8425;0;3
AVNDPRFWALVDK;TRUE;13;13;1.28;0.9438;2;2
TDIDTMTIDPQVEK;TRUE;14;14;1.13;0.9836;0;0
AVGLICALAGGFAK;TRUE;14;14;1.34;1.0993;4;0
SLINGVVRLLSK;TRUE;12;12;1.38;1.0742;3;0
RLQRRYGGGLVR;TRUE;12;12;1.08;0.8583;0;3
AVSSAILSR;TRUE;9;9;1.21;1.0167;1;0
RAGDITWEK;TRUE;9;9;1.23;0.9933;1;0
YLSTQVRYL;TRUE;9;9;1.12;0.97;0;0
YLIPGLQAAAA;TRUE;11;11;1.23;0.9873;1;0
YAWDFGVPLL;TRUE;10;10;1.06;0.956;0;0
ALWDVPAPKEV;FALSE;11;11;1.19;0.9573;0;0
KAWGKSYFV;TRUE;9;9;1.19;0.9878;0;0
YLIPGLQAAAARA;TRUE;13;13;1.23;1.0138;1;0
WLAYQVASA;TRUE;9;9;1.27;1.05;2;0
YLGEEGSTPGV;TRUE;11;11;1.07;0.9036;0;1
RLLSKPWDVVTGV;TRUE;13;13;1.45;1.01;3;1
KLDAAWDGHSEV;TRUE;12;12;1.16;0.935;0;2
VLEEMSRIPGGRMY;TRUE;14;14;1.26;0.8893;1;4
VIDLGCGRGGWSYY;TRUE;14;14;1.2;0.8957;0;2
ATSTLWEGSPNKY;TRUE;13;13;1.11;0.9177;0;2
AHFTDPSSIAARGY;TRUE;14;14;1.13;0.9064;0;4
MAAEVTRRGSAYY;TRUE;13;13;1.34;0.9723;2;2
AAHFKPGDAVLETDI;TRUE;15;15;1.31;1.0013;2;0
YRTVYPAPVYSPPIN;TRUE;15;15;1.13;0.9187;0;2
QENASTANRSRYQSR;TRUE;15;15;1.1;0.884;0;5
HPPISFGAPSETFPI;TRUE;15;15;1.1;0.8733;0;2
MNHVTNIIVCSSFPL;TRUE;15;15;1.41;1.0867;5;2
YPVIHAVGPNFSNYT;TRUE;15;15;1.42;0.9893;2;2
VTFDTFQNKANVCWA;TRUE;15;15;1.3;1.0553;4;0
LTDHVVGEYLVLSPQ;FALSE;15;15;1.31;1.0853;3;0
SRMLLKSWHLPSVFH;TRUE;15;15;1.11;0.9313;0;2
IGDLQEVMAVPDKET;TRUE;15;15;1.43;1.0427;3;0
EVIRWQRTGLIDELE;TRUE;15;15;1.18;0.9733;0;1
GFILHDTVTGTACRV;TRUE;15;15;1.24;1.0387;2;0
LMLLEDLGVDHSLLD;FALSE;15;15;1.17;0.9713;0;0
RELVRRLNAVLLPNV;TRUE;15;15;1.3;1.0307;2;0
LFAKTHNLLPLQEVP;TRUE;15;15;1.21;0.9793;1;0
NVTQMRELPTLDSAV;FALSE;15;15;1.17;0.938;0;1
LMSETPKVPTYRTTY;TRUE;15;15;1.12;0.952;0;0
EEVHEEKCYPPKLDE;TRUE;15;15;1.18;0.9487;0;1
WSTCSDTDDELRLDR;TRUE;15;15;0.94;0.8687;0;2
VQETAETRDTAMSLQ;TRUE;15;15;1.23;0.9953;1;0
TLPSTTGNLAAVSDW;TRUE;15;15;1.32;1.0113;2;0
RVSPREYRSSQESAQ;TRUE;15;15;0.94;0.8167;0;7
YSYLEGTRFHQTAVD;TRUE;15;15;1.14;0.9493;0;0
WEKKISEAIQMRTQV;TRUE;15;15;1.26;1.0633;2;0
ESEGDRELAAAYREV;TRUE;15;15;1.27;0.9807;2;1
VTSNTEMFFLFSNFD;FALSE;15;15;1.15;1.002;0;0
VLLVSGYNLALPTKR;TRUE;15;15;1.33;1.0227;1;0
WLVNKINGHHVLLVS;TRUE;15;15;1.37;1.0867;5;0
KGKWNINKQICVTTR;TRUE;15;15;1.35;1.1107;4;0
NPEAASILERKYPFT;TRUE;15;15;1.23;0.996;2;0
VALNEICTRMYGVDL;TRUE;15;15;1.28;1.052;2;0
KVNENPLYASTSEHV;TRUE;15;15;1.22;0.966;1;0
VLCGDPKQCGFFNMM;TRUE;15;15;1.1;0.916;0;1
EITTDVMRQRGLEIS;TRUE;15;15;1.26;0.9627;1;2
LTNPPYHEFAYEGLK;TRUE;15;15;1.15;0.918;0;4
QKLSLIHALAEQVKT;TRUE;15;15;1.26;1.0873;4;0
WSSGLSIPLRTRIKW;TRUE;15;15;1.1;0.91;0;1
VVPSLWSSGLSIPLR;TRUE;15;15;1.14;0.906;0;1
FSKWAKECRKDMEDE;TRUE;15;15;1.21;0.992;1;0
CTYVPATICDQMTGI;TRUE;15;15;1.22;1.026;1;0
GLCSTDLTEGRRGKL;TRUE;15;15;1.05;0.8993;0;2
ERLANYARKLASAAG;TRUE;15;15;1.19;1.034;0;0
DAPSLTDMSCEVSAC;TRUE;15;15;1.2;0.9653;0;1
FMWGGAYCFCDTENT;TRUE;15;15;1.14;0.9867;0;0
CKMLTFLAVLSIGAH;TRUE;15;15;1.32;1.1167;5;0
YQEEWVTHKKEIRLT;TRUE;15;15;1.24;1.076;2;0
LVPRNAEFGDRQGKV;TRUE;15;15;1.06;0.8913;0;2
SHDWTKLRYMDNHTP;TRUE;15;15;1.06;0.92;0;1
RRQRRSIKDHFNVYK;TRUE;15;15;1.25;0.9047;1;2
QIIRPRPRPQRKAGQ;TRUE;15;15;0.94;0.7273;0;6
IVNYPASHTTLGVQD;FALSE;15;15;1.22;0.974;1;0
KCAVHSMTNAVTIRE;TRUE;15;15;1.36;1.0953;6;0
YWLKERGASLQHTAP;TRUE;15;15;1.15;0.94;0;0
TPESKDVYANTQLVL;TRUE;15;15;1.27;1.0433;3;0
YANGDHAVTVKDAKF;TRUE;15;15;1.47;1.078;5;0
FMWGGAYCFCDAENT;TRUE;15;15;1.14;0.9967;0;0
ALIVLCNCLRLLPCC;TRUE;15;15;1.42;1.04;4;0
GNNEPYKYWPQLSTN;TRUE;15;15;0.98;0.8947;0;1
ARNPTVTYGKNQVIM;TRUE;15;15;1.28;1.0393;3;0
TTTDKVINNCKVDQC;TRUE;15;15;1.32;1.1153;5;0
TDSRKISHSCTHPFH;TRUE;15;15;0.98;0.8773;0;2
CTITGTMGHFILARC;FALSE;15;15;1.17;1.0293;0;0
LRMLEDNVMRPGYYQ;TRUE;15;15;1.13;0.9233;0;2
YYNWHHGAVQYSGGR;TRUE;15;15;1.17;0.9433;0;1
SKFTHEKPEGYYNWH;TRUE;15;15;1.05;0.9387;0;0
VPQQKPRRNRKNKKQ;TRUE;15;15;1.14;0.836;0;6
YGEKRVLKPRWMDAR;FALSE;15;15;1.21;0.9453;1;1
LSTQVRYLGEEGSTP;FALSE;15;15;1.12;0.966;0;0
LLYFHRRDLRLMANA;TRUE;15;15;1.2;0.88;0;5
GWDNWEEVPFCSHHF;TRUE;15;15;1.19;0.9373;0;1
TNWLQSNGWDRLKRM;TRUE;15;15;1.02;0.8807;0;1
IPGGRMYADDTAGWD;TRUE;15;15;1.02;0.9093;0;2
RFWALVDKEREHHLR;TRUE;15;15;1.28;0.984;2;1
SNAALGAIFEEEKEW;TRUE;15;15;1.25;1.0953;3;0
RSEHAETWFFDENHP;TRUE;15;15;1.13;0.9473;0;1
SMVGDWLEKRPGAFC;TRUE;15;15;1.08;0.9267;0;2
DGVATGGHAVSRGSA;TRUE;15;15;1.18;0.9807;0;0
WEGSPNKYWNSSTAT;FALSE;15;15;1.08;0.9027;0;2
AVAVSSAILSRTAWG;TRUE;15;15;1.38;1.0433;3;0
AVTTSYNNYSLMAMA;TRUE;15;15;1.24;1.022;2;0
TLGASAWLMWLSEIE;FALSE;15;15;1.14;1.0307;0;0
WMDARVCSDHAALKS;TRUE;15;15;1.18;0.9813;0;0
HGEKRVLKPRWMDAR;TRUE;15;15;1.21;0.9387;1;1
GGGCAETDEDHAHWL;TRUE;15;15;1.1;0.9367;0;0
TVWFVPSVRNGNEIA;TRUE;15;15;1.35;0.9993;1;0
DHSGKTVWFVPSVRN;TRUE;15;15;1.35;1.02;3;0
EALRGLPVRYMTTAV;TRUE;15;15;1.31;0.9753;1;1
GIFKTKDGDIGAVAL;TRUE;15;15;1.37;1.0547;4;0
MWHVTKGSALRSGEG;TRUE;15;15;1.18;0.9707;0;1
YVKTGKRSGALWDVP;TRUE;15;15;1.27;0.9813;2;0
ITWEKDAEVTGNSPR;TRUE;15;15;1.23;1.0193;3;2
PSEVLTAVGLICALA;TRUE;15;15;1.45;1.1587;8;0
WRAGLATCGGFMLLS;TRUE;15;15;1.17;1.0067;0;0
ASCLLQTAISALEGD;FALSE;15;15;1.23;1.056;3;0
ESNLVRSMVTAGSTD;TRUE;15;15;1.24;1.0353;2;0
LIEMKTCEWPKSHTL;TRUE;15;15;1.27;0.9887;2;1
HRAWNSFLVEDHGFG;TRUE;15;15;1.17;0.964;0;1
QRLPVPVNELPHGWK;TRUE;15;15;1.17;0.9187;0;2
AWRDRYKYHPDSPRR;TRUE;15;15;0.93;0.7673;0;7
LLMWLGLNTKNGSIS;TRUE;15;15;1.15;1.012;0;0
TESTENSKMMLELDP;TRUE;15;15;1.18;0.9993;0;0
KDAHAKRQTVVVLGS;TRUE;15;15;1.53;1.1027;4;0
LGLDCEPRTGLDFSD;TRUE;15;15;0.99;0.8627;0;3
TGKSIQPENLEYRIM;TRUE;15;15;1.11;0.9633;0;0
VSNRDFVEGMSGGTW;FALSE;15;15;1.18;0.94;0;1
SQTWLESREYTKHLI;TRUE;15;15;1.18;0.9673;0;0
PMLDEGVEPDDVDCW;TRUE;15;15;1.1;0.9327;0;1
FTAIKPSLGLINRWG;FALSE;15;15;1.29;0.9953;1;0
FYSDWYQPACGKAGC;TRUE;15;15;1.18;0.9267;0;1
YNYPAMLGHAGDMAG;TRUE;15;15;1.05;0.946;0;0
ENWARLGTFNVPNPV;TRUE;15;15;1.15;0.966;0;0
EKCYVSQPALSSAIA;FALSE;15;15;1.28;0.9887;1;0
IVIDPVVTDTAKMAD;TRUE;15;15;1.29;1.098;3;0
SLGTPRAGLRTYLAV;TRUE;15;15;1.32;0.9147;1;1
HDVELLRQVQHLSQD;TRUE;15;15;1.18;0.9673;0;1
AADLVLVDGRIESLL;FALSE;15;15;1.31;1.06;5;0
GGQSSFYSDWYQPAC;FALSE;15;15;0.92;0.8593;0;2
MSQIMYNYPAMLGHA;TRUE;15;15;1.19;0.9893;0;0
GESLANRRAALAALL;TRUE;15;15;1.31;1.0133;3;0
RRQLEYFVAVAQERH;TRUE;15;15;1.46;1.0893;6;0
DPGRSMIVIDPVVTD;FALSE;15;15;1.35;1.0213;2;2
CDLVIDVVYDGPDLA;FALSE;15;15;1.5;1.0507;5;2
DGESRTFLISVAAEL;TRUE;15;15;1.35;1.0433;5;1
DHPITAAAIAEELGM;TRUE;15;15;1.39;1.11;6;0
DLPLLVPLRAIPLLG;TRUE;15;15;1.13;0.9767;0;0
SPPVRRQLPRPRPSW;TRUE;15;15;0.94;0.682;0;10
DLYSKIESLPASQRD;TRUE;15;15;1.18;0.9453;0;2
MTAVAAGALVVETDS;FALSE;15;15;1.44;1.198;10;0
AADVAAALAVDADEW;TRUE;15;15;1.4;1.144;8;0
LIIDDVDQVPDSPAM;TRUE;15;15;1.24;0.92;1;2
GSRSTPVSGGAAALV;FALSE;15;15;1.4;0.956;2;2
ANRLLRRTATHLPLR;TRUE;15;15;1.1;0.9;0;2
LLPSQDLPLLVPLRA;FALSE;15;15;1.13;0.8927;0;3
AAPIAAPAVVGAAGR;TRUE;15;15;1.41;1.1113;5;0
FDDLGVNVNNGLSDL;TRUE;15;15;1.3;1.018;3;0
LRHFTLETTTAAGER;TRUE;15;15;1.23;1.034;1;0
DGLDVDAADVAAALA;TRUE;15;15;1.4;1.108;5;0
AGHTHYLIIDDVDQV;TRUE;15;15;1.24;1.0173;3;0
HETTFAQIVAEELGI;FALSE;15;15;1.38;1.1287;5;0
MVVAARIRIQGIRLW;TRUE;15;15;1.47;1.0547;3;0
LGPMLAAASAWDGLA;TRUE;15;15;1.27;1.01;2;0
QVTLDDAAAADELFS;FALSE;15;15;1.2;1.0313;0;0
DGRVIGRTRLTAKVS;TRUE;15;15;1.35;1.0113;2;0
AMTGLSAAAAGLALN;FALSE;15;15;1.23;1.0727;4;0
AELVAWLEQLLSDSV;FALSE;15;15;1.35;1.0507;4;0
AATWELDNVDASDDG;TRUE;15;15;1.19;0.9867;0;1
AESVVEIEFLVTMIV;FALSE;15;15;1.48;1.2153;11;0
AGRLRLDAACRHIQD;TRUE;15;15;1.12;0.9173;0;1
FAGAGLGPMLAAASA;TRUE;15;15;1.27;1.0;2;0
LLFRFMRPLIENGHV;TRUE;15;15;1.13;0.9293;0;1
DGRVIVRTRLTAKVS;FALSE;15;15;1.35;1.0753;5;0
AMTGVSAAAAGLALN;FALSE;15;15;1.3;1.11;6;0
HVLQSSWVHLLPSRK;TRUE;15;15;1.16;0.9313;0;2
LIGQLIDRSGMAWCI;FALSE;15;15;1.23;0.9633;1;1
AAVSVDALDAVEQAD;FALSE;15;15;1.38;1.11;6;0
AELASVLRLVFPPRR;FALSE;15;15;1.28;0.9867;3;2
SGHTYVSTPGSALLF;FALSE;15;15;1.18;0.9513;0;1
PTVERTLASVALILT;TRUE;15;15;1.42;1.104;6;0
LALRWLVGYSRQRRE;TRUE;15;15;1.18;0.916;0;4
AMSAFFFGLVDAPNH;TRUE;15;15;1.18;1.006;0;1
GSSEIMRLLIAREAV;TRUE;15;15;1.2;1.046;0;0
EFARGVAFAEERAER;FALSE;15;15;1.32;1.038;2;0
IVGDDIFVTNPERLE;TRUE;15;15;1.31;0.9873;2;1
AEGLNILRNADVGTR;TRUE;15;15;1.15;1.0173;0;0
AAGDFWGGAGSAACQ;TRUE;15;15;1.1;0.9553;0;0
AAVADCAAAVAEVDD;FALSE;15;15;1.46;1.1747;8;0
GPVLVYLTITSSLTI;FALSE;15;15;1.41;1.1;5;0
APGFRDRIVATVSTS;TRUE;15;15;1.52;1.004;4;3
SGHTYVSTPGRALLF;TRUE;15;15;1.18;0.9347;0;1
DTLALNTNSRVRVAD;TRUE;15;15;1.19;1.0133;0;0
LALRWLIGYSRQRRE;TRUE;15;15;1.14;0.9027;0;4
ARRGGVVRIAVAARH;TRUE;15;15;1.47;1.1047;6;1
MVRDLRINRIFEGSS;TRUE;15;15;1.13;0.9553;0;0
AAGAAAAAAHTAIQQ;FALSE;15;15;1.34;1.1233;6;0
LALDAAATEFFTDGT;TRUE;15;15;1.25;1.052;1;0
AEGLNILRNADVGIR;TRUE;15;15;1.23;1.0293;1;0
AEHQAIVRDVLAASD;TRUE;15;15;1.27;1.0853;4;0
GLIDITRFWFEQGSL;TRUE;15;15;1.23;0.9793;1;0
RVALVLFGPVLVYLT;TRUE;15;15;1.46;1.1307;7;0
GYTGDATAAVIDQIR;FALSE;15;15;1.44;1.088;5;0
GVNYANDYSDGIRGT;TRUE;15;15;1.23;0.944;1;1
RINDLWIAAVAASRA;FALSE;15;15;1.47;1.1233;5;0
VDEHLLKKVDVQNEK;TRUE;15;15;1.36;1.0933;4;0
GVSHRLVLIDDPILR;TRUE;15;15;1.28;0.9673;2;0
ANVQEDFAHHQFLIK;TRUE;15;15;1.19;0.9707;0;0
RDTLAAHPGTSLILL;TRUE;15;15;1.17;0.958;0;1
ARDIGVDPVQLRLLA;TRUE;15;15;1.08;0.978;0;0
FLSVVLRRIRGMRSD;TRUE;15;15;1.33;0.958;2;3
DFVAEEIRSSKAAAL;TRUE;15;15;1.38;1.0533;3;0
TGAYCYSLSSRYNMV;FALSE;15;15;1.1;0.934;0;2
AILIAATLFATVVAG;TRUE;15;15;1.47;1.2113;10;0
ARLDEFLAWTTRVAN;TRUE;15;15;1.17;1.0247;0;0
AAVWWKALLALAVAV;FALSE;15;15;1.48;1.188;10;0
AATTDIRAQRLATLE;TRUE;15;15;1.2;0.9907;0;0
GRAFRIRRRTSHITV;TRUE;15;15;1.17;0.87;0;3
AAVFAVSETFCITDH;FALSE;15;15;1.46;1.1193;5;0
GRYFTVRAGSLVAWN;FALSE;15;15;1.26;1.0413;1;0
ANVQEDFAYHQFLIK;TRUE;15;15;1.19;1.0013;0;0
IPIAVRNELNLSVLQ;FALSE;15;15;1.31;1.0593;2;0
AKPYLIDTIAHMAIW;FALSE;15;15;1.26;1.07;4;0
AEGVRLLRSGGVIVV;TRUE;15;15;1.54;1.0127;2;1
AAKLGTIVSDESTAV;TRUE;15;15;1.3;1.0613;3;0
PSSLGAVAILIAATL;FALSE;15;15;1.49;1.1613;8;1
ATRDYPARLDEFLAW;TRUE;15;15;1.14;0.8967;0;4
ADSVCGVRVAIVAES;FALSE;15;15;1.56;1.166;7;0
DISDDFFALFLDPTW;FALSE;15;15;1.18;0.94;0;0
LAALDRLVGPDTRAL;TRUE;15;15;1.14;0.9187;0;2
QRSVRALVTATTAVD;TRUE;15;15;1.36;1.11;7;0
IGTLADAQAWAAEIA;TRUE;15;15;1.34;1.082;4;0
EPYAVWLDDWYARES;TRUE;15;15;1.29;0.9933;1;0
RHSENACAVAEFLAD;FALSE;15;15;1.38;1.0907;6;1
GTKNINDVITAVEPR;TRUE;15;15;1.52;1.1327;5;0
GTVNQIYNNAGIAFT;TRUE;15;15;1.25;1.0867;4;0
HIVYTEFKSMLSQSA;TRUE;15;15;1.34;1.03;3;0
VEVQVAYAIGKAAPV;FALSE;15;15;1.44;1.174;9;0
GDLLIGWRLLVLAGV;FALSE;15;15;1.38;1.072;3;0
MKIRRLQRAEQQSSH;TRUE;15;15;1.0;0.8787;0;2
EGQLLLLDAQTLESI;FALSE;15;15;1.14;1.0147;0;0
LVALDRLVGPDTRAL;TRUE;15;15;1.23;0.9307;1;2
AYEPHYVDDRRYFEP;TRUE;15;15;0.98;0.856;0;3
ALDNWSIRRLSSLVG;FALSE;15;15;1.11;0.9107;0;1
ATLNPLAAQIIGQLS;FALSE;15;15;1.33;1.038;3;0
LKTLVLRMQRHSENA;TRUE;15;15;1.33;0.9527;2;4
QVRKAILGLLDVDLL;TRUE;15;15;1.29;1.08;3;0
TEREAFLAYADAVNE;FALSE;15;15;1.24;1.074;5;0
ANIFRRSEELFSLLR;TRUE;15;15;1.08;0.926;0;2
AMRWVAKNVVAAGLA;TRUE;15;15;1.44;1.1947;8;0
LEQYIRDAKIDSLYE;TRUE;15;15;1.16;1.0027;0;0
AISGAGVAGAALAHW;TRUE;15;15;1.32;1.0967;6;0
ASQLARLAAALQEKK;TRUE;15;15;1.28;1.0533;1;0
QEDALRVFERFYRAD;TRUE;15;15;1.17;0.968;0;0
LRSRVFFDWFDAMGV;FALSE;15;15;1.14;0.9613;0;0
DMFRLDDKVAVITGG;TRUE;15;15;1.55;1.08;5;0
AFLCTSASSAIDVGA;FALSE;15;15;1.23;1.03;2;0
FVLIVVAAVGAYLFT;FALSE;15;15;1.62;1.2573;9;0
ATTTTYLVPVNHLPL;TRUE;15;15;1.28;1.044;2;0
LRIALSTRVPTPLPV;TRUE;15;15;1.19;0.936;0;2
VNKFQGDASLAVFGA;TRUE;15;15;1.27;1.0233;4;0
CHLMIDNPDRWAPPY;FALSE;15;15;1.13;0.8493;0;5
NKRWEALHDEQLDAA;TRUE;15;15;1.06;0.95;0;0
ETQVADAAQAVMEAW;FALSE;15;15;1.34;1.1307;7;0
AAQFKESTATLITEY;FALSE;15;15;1.28;1.0807;4;0
SRLRQVLRNLVANAI;TRUE;15;15;1.4;1.04;3;1
ADSWLIRRCSVVQGC;FALSE;15;15;1.25;0.9967;2;0
AGFALFVLTFLVNAA;FALSE;15;15;1.32;1.1527;9;0
DLRMLAARLGSDVPF;TRUE;15;15;1.11;0.95;0;1
FGAYFLRNYFVLIVV;TRUE;15;15;1.62;1.0927;4;0
HAFGASFLARIFPPG;TRUE;15;15;1.13;0.9627;0;1
ARQPGRLRIALSTRV;TRUE;15;15;1.19;0.8987;0;4
GRHVGREVAAAAERE;TRUE;15;15;1.43;1.0653;3;0
PSILAADFARLADEA;TRUE;15;15;1.23;1.0193;2;0
TVRLDQQTRQRLQDI;TRUE;15;15;1.04;0.85;0;5
GYDLDFGIAADQEFI;FALSE;15;15;1.23;0.9947;1;0
AQYKAVARALRQAVE;TRUE;15;15;1.38;1.0733;5;0
VCGYHCWAEFFVAGL;FALSE;15;15;1.27;1.0533;4;0
LLPEATASVAALASM;TRUE;15;15;1.4;1.1013;5;0
LTDTVATILAILALT;FALSE;15;15;1.41;1.1967;10;0
AVVAMAAIATFAAPV;FALSE;15;15;1.47;1.196;9;0
HDDRRLLSLILLARD;TRUE;15;15;1.3;0.9493;1;3
DVLLGDVRSLKQKRS;TRUE;15;15;1.12;0.9753;0;0
ARLFEFVAAFFVVTA;FALSE;15;15;1.42;1.1673;9;0
GSQYTSIRFSERLAE;TRUE;15;15;1.07;0.928;0;1
LTKLTGAGAAAFLMD;TRUE;15;15;1.26;1.0833;3;0
GEILVRQRGTKFHPG;TRUE;15;15;1.29;0.9527;2;1
RGPIPFSLRKFLAGK;TRUE;15;15;1.15;0.9193;0;3
VPYHTVINRHVFESL;TRUE;15;15;1.25;1.0353;2;0
VCGYHCWVEFFVAGL;FALSE;15;15;1.36;1.082;5;0
IEEFRRDVSELLPEA;TRUE;15;15;1.19;0.928;0;1
DPDRGGVEDLIDHIT;TRUE;15;15;1.26;0.944;1;2
IYFDVTGPSPTIVAM;FALSE;15;15;1.4;0.974;3;3
LRNIGVFGVNLVGLS;TRUE;15;15;1.3;1.1133;6;0
LMVYVATVTQLSRIV;FALSE;15;15;1.44;1.144;7;0
MLIFMLWHAIFVEHS;FALSE;15;15;1.37;1.0987;5;0
WAGFAYVAFVTDAYA;FALSE;15;15;1.42;1.1453;5;0
FAKAAAATTAGAFMS;FALSE;15;15;1.33;1.126;6;0
QRLGVKRYGGQVVKA;TRUE;15;15;1.4;1.038;2;0
SQLYRRMLNVAEPLR;TRUE;15;15;1.29;0.9707;2;0
IMTWVTAFFAPTDGG;FALSE;15;15;1.33;1.0387;5;1
CGDWAQALAELRAAR;FALSE;15;15;1.24;1.0247;1;0
DEGIQVLRRAVAALD;TRUE;15;15;1.4;1.0747;5;0
ATVPAAAVGLVILVR;TRUE;15;15;1.5;1.1913;9;0
AEHLRQASGLAREGA;TRUE;15;15;1.08;0.9227;0;0
DTREHDIADSDDYFQ;TRUE;15;15;1.06;0.8773;0;2
QRRFIGLLMLSVLVA;TRUE;15;15;1.35;1.062;2;0
VMAAAVHDFADLADG;TRUE;15;15;1.39;1.054;3;0
NRIPLYQIHQPNPVV;TRUE;15;15;1.07;0.8947;0;1
VYQMQPVVFGAPLPL;TRUE;15;15;1.35;0.986;1;1
RAIVVDVIVDSANPH;FALSE;15;15;1.5;1.1487;7;2
GAAITYIDYEQDWAG;TRUE;15;15;1.35;1.038;4;0
IMTWVTAFFAPLTVA;TRUE;15;15;1.33;1.094;5;0
DDGLSIVRAVASAVW;FALSE;15;15;1.38;1.104;6;1
AMTHYLSDHHYAVDN;TRUE;15;15;1.17;0.938;0;2
VDIAVVVLVLVLTNL;FALSE;15;15;1.66;1.3127;11;0
AAIPRLRRALVAPCT;TRUE;15;15;1.22;0.9507;1;3
MNRQYRRIAVAAKNT;TRUE;15;15;1.47;1.0393;5;2
FVVMSCFFGTLMVIT;FALSE;15;15;1.37;1.09;5;0
HIYLRPFRYYVAYRT;TRUE;15;15;1.29;0.9547;1;2
ANYFRSFSSSRRGRA;TRUE;15;15;0.99;0.7847;0;7
APFPAVIKNRERASA;TRUE;15;15;1.39;0.9987;3;0
AAAAIGAAAAGVTSI;TRUE;15;15;1.39;1.1627;9;0
EGMTILYSDDDIVAV;FALSE;15;15;1.42;1.0247;2;1
AADILKDESYKVTGT;TRUE;15;15;1.24;1.066;5;0
AAEKMIVDGRVEVDG;TRUE;15;15;1.38;1.1047;5;0
FQLQPKYMEMLNLNE;TRUE;15;15;1.17;0.9867;0;0
APGSLMFSTSSSSGT;TRUE;15;15;1.05;0.872;0;3
EFFAIMSDCANTQIG;FALSE;15;15;1.24;1.0353;2;0
SNQQLSLAQQLDIDV;FALSE;15;15;1.16;0.9607;0;0
ISRRRTEVATQVEAA;TRUE;15;15;1.36;1.026;6;3
ALALVVVAFTYLCFT;FALSE;15;15;1.57;1.2207;7;0
ASGNLKRSFGTFQLT;TRUE;15;15;1.07;0.938;0;0
AAISVVLLSISFIVL;FALSE;15;15;1.43;1.1653;8;0
ALRRYHEALGVPIST;TRUE;15;15;1.24;0.9707;1;2
EGMKILYSDDDIVAV;TRUE;15;15;1.42;1.0327;3;1
GELTFDVIHLRGHTP;TRUE;15;15;1.24;0.9767;1;2
AAGLADDYDGVLADV;TRUE;15;15;1.34;1.004;2;1
AGTATIAAVLLASGA;TRUE;15;15;1.45;1.17;8;0
DMTKTLQRIKDLVEA;TRUE;15;15;1.3;1.0467;2;0
AFFAIMSDCANTQIG;FALSE;15;15;1.28;1.0387;2;0
ALGKFADAVAAECRR;FALSE;15;15;1.38;1.0967;5;0
NYEVPAAMADEVEAA;TRUE;15;15;1.33;1.0853;1;0
TFVGLDARYLRAAVR;TRUE;15;15;1.22;0.9987;1;0
ELMLRRRPVSGAPVA;TRUE;15;15;1.1;0.8647;0;4
AKIFTSVVLPSLTPA;TRUE;15;15;1.32;1.0447;4;1
AQIYDLERDPPPRST;TRUE;15;15;1.13;0.764;0;6
FRAFLASARWWPNFE;TRUE;15;15;1.13;0.938;0;1
AFVFAMIAVDLSRLA;FALSE;15;15;1.44;1.1153;7;0
FTTHAIVAAALASTA;TRUE;15;15;1.47;1.1667;6;0
FNVLVAALIVYVGDQ;FALSE;15;15;1.49;1.2387;10;0
EVAWQRLVSKSAAIA;TRUE;15;15;1.26;1.0493;2;0
DLTDWLSSARLNLLA;TRUE;15;15;1.18;0.944;0;0
ELTPDEAAAVAVATQ;FALSE;15;15;1.51;1.1213;6;0
AVFLLYFLLRRDGRA;TRUE;15;15;1.32;0.95;2;4
ARALRATTAIAVVVG;FALSE;15;15;1.65;1.1633;6;0
ATAINGNGSRIQTWT;TRUE;15;15;1.28;0.9713;1;1
ARLVSTPSWRTEITH;TRUE;15;15;1.12;0.9273;0;3
DEFFFMEMNTRLQVE;FALSE;15;15;1.11;0.9993;0;0
AMRHKRFRAFLASAR;TRUE;15;15;1.13;0.938;0;2
ARDFAAEAAFVFAMI;TRUE;15;15;1.38;1.13;8;0
ALLVFFGLFLGVAGT;FALSE;15;15;1.32;1.094;4;0
FVVSFVFNVLVAALI;FALSE;15;15;1.48;1.2227;10;0
ETITGLRPDRPSVRV;TRUE;15;15;1.18;0.82;0;7
DLTDWLSSARLYLLA;FALSE;15;15;1.21;0.952;1;0
LLSTRGYITAEKIRS;TRUE;15;15;1.3;1.0307;3;0
SPQLTPAVFLLYFLL;FALSE;15;15;1.32;1.03;2;1
NAFLGKQVLSAAGVV;FALSE;15;15;1.41;1.094;2;0
ASILGLVAAPLMLLG;FALSE;15;15;1.31;1.0773;3;0
ARLVFNAFLANGDYA;TRUE;15;15;1.27;1.0527;2;0
GDDTLFLERFVLRPR;TRUE;15;15;1.14;0.9687;0;0
AEYLADVTIHVSLTH;TRUE;15;15;1.38;1.1067;5;0
FPDGETRDLFLTLLS;TRUE;15;15;1.16;0.928;0;2
EHRTRVRKYLTLMAF;FALSE;15;15;1.21;1.004;1;1
RDIPLDVIQRLGLAY;TRUE;15;15;1.19;0.9853;0;0
AALLTRVIASAVAEG;FALSE;15;15;1.34;1.144;8;0
ASRGFFGSRPFSRAN;TRUE;15;15;0.91;0.798;0;5
EEQFRLAAAVAAALA;FALSE;15;15;1.43;1.1287;6;0
SSGGMFNNYAIVQGV;FALSE;15;15;1.36;1.056;4;0
RSIDLINQLGGLRKP;TRUE;15;15;1.19;0.968;0;0
KVFVVLYDMTPADEK;TRUE;15;15;1.54;1.0667;4;0
AEVLIDAVAAAGAEC;FALSE;15;15;1.43;1.18;9;0
ISVAYALMVATIVGL;FALSE;15;15;1.52;1.2133;11;0
AACATAAVSVEEGVD;FALSE;15;15;1.39;1.16;9;0
FPDGETRDLFLTLLL;FALSE;15;15;1.19;0.9347;0;2
YGMLKLLVSTEDLKL;FALSE;15;15;1.34;1.0747;3;0
AELAQLDEALKLHLD;TRUE;15;15;1.23;1.036;1;0
RNGIYIIDLQQTLTF;FALSE;15;15;1.33;1.0507;4;0
ASLGFFGSRPFSRAN;TRUE;15;15;1.02;0.828;0;5
AAVWDAARAAAEDEE;TRUE;15;15;1.22;1.06;3;0
LRPGPTMISDRKLAW;FALSE;15;15;1.06;0.8787;0;3
AAWSARVRETLFVDG;TRUE;15;15;1.26;1.02;1;0
ATDVDADVAIALDPD;TRUE;15;15;1.45;1.082;5;0
DFGAQYAQLIARRVR;TRUE;15;15;1.25;1.0167;2;0
HRYFLAAKQTEFALG;FALSE;15;15;1.25;1.0593;2;0
QTLQCIYLSIEYLYV;FALSE;15;15;1.26;1.0847;3;0
ASTLVQVGAVPKAVS;TRUE;15;15;1.34;1.1287;6;0
KGTNAELFIEQVTRM;FALSE;15;15;1.28;1.0847;4;0
GSMPPRPGGAVGGAR;TRUE;15;15;1.21;0.822;1;6
AREVILRLFGPLLDA;TRUE;15;15;1.25;0.9887;4;1
HLTLVHKTNVLTLAG;TRUE;15;15;1.33;1.128;6;0
HCANMLVAAESAIAA;FALSE;15;15;1.36;1.1393;8;0
PPFEGMWWLYVPLAF;FALSE;15;15;1.22;0.9973;1;1
ANLELYLIFPLASEQ;TRUE;15;15;1.24;1.032;2;0
MDRFRWLVAAQGGDL;FALSE;15;15;1.33;0.9787;3;2
AGMVTDPVTCRPDNT;FALSE;15;15;1.24;0.9287;1;3
LEAGRTIWGFPKIMA;TRUE;15;15;1.13;0.9807;0;0
AAHASAGAAASAVSA;FALSE;15;15;1.3;1.0667;3;0
AVLEEVIYLLDTVGE;FALSE;15;15;1.39;1.1473;6;0
KTELWMLMSPTMIAR;TRUE;15;15;1.15;0.998;0;0
EFVKSASSTVEAPVA;TRUE;15;15;1.25;1.0607;3;0
LQHGMEKAREVILRL;TRUE;15;15;1.25;1.0493;4;0
HLTLVHKTNVLTFAG;TRUE;15;15;1.31;1.1227;6;0
GYGLSELVVVIEELG;FALSE;15;15;1.62;1.176;6;0
HQHVNGYRVEVVEPL;FALSE;15;15;1.5;1.0787;4;0
PTLSRVANLELYLIF;TRUE;15;15;1.28;1.0533;3;1
MDRFRRLVAAQGGDL;TRUE;15;15;1.29;0.942;3;3
LTKKIRLKVPLVSSA;TRUE;15;15;1.31;1.08;3;0
LPGKAIVMQMLVRYV;TRUE;15;15;1.43;1.124;7;0
AALLARLDEAITSPA;FALSE;15;15;1.28;1.024;1;0
FGRIRQFNSGRWQAS;TRUE;15;15;0.97;0.854;0;2
CEYFAVNHSTPDALA;FALSE;15;15;1.28;0.9707;2;2
VVAMFALTWAIALLV;FALSE;15;15;1.42;1.174;9;0
LHLQLILREGGAELT;TRUE;15;15;1.19;0.998;0;0
PTMDTTYPVDVDDFR;TRUE;15;15;1.11;0.966;0;0
AATLFGGLEAIGRYL;TRUE;15;15;1.22;1.0333;3;0
RTTEPPRRGGRGARQ;FALSE;15;15;0.88;0.7307;0;9
AAIKAAAHVAAELIP;TRUE;15;15;1.38;1.1813;9;0
HQVEWTNYLTPQALI;TRUE;15;15;1.2;0.9993;0;0
AHRFAQSSTVLFLGR;TRUE;15;15;1.28;0.9873;2;0
QMLWDPIRFDETCPS;FALSE;15;15;1.01;0.882;0;1
AALLVRLDEAITSPA;TRUE;15;15;1.37;1.052;1;0
LSVVAPSQFTFSSRS;TRUE;15;15;1.35;0.944;1;2
CEYFVRQPFPLRTRG;FALSE;15;15;1.23;0.862;1;4
LNTVGFVVVAMFALT;TRUE;15;15;1.56;1.2193;8;0
DQSVSLLHLQLILRE;TRUE;15;15;1.19;1.0073;0;0
IRVGSFRGRWLDPRH;TRUE;15;15;1.06;0.8267;0;7
DAFMSLAGFVRMLEA;FALSE;15;15;1.24;1.0293;1;0
PAHRVAIEFDPPLPP;FALSE;15;15;1.37;0.912;2;4
NYAELTAELELALAS;FALSE;15;15;1.24;1.108;3;0
VLVAQAWHWVDPARA;TRUE;15;15;1.37;1.0087;3;0
ASTKTFLAQIAANYL;TRUE;15;15;1.28;1.1073;4;0
APHVRAYIRRSGAPA;TRUE;15;15;1.25;0.9073;1;2
LLVLVYSLLYYRVLG;FALSE;15;15;1.43;1.104;3;0
GMQMRLTFARSLIND;FALSE;15;15;1.05;0.954;0;0
DFVTALQLDTKLDGI;TRUE;15;15;1.31;1.044;2;0
MIDEALFDAEEKMEK;FALSE;15;15;1.2;1.058;0;0
VLVRRWPKVISRAMV;TRUE;15;15;1.19;0.9893;0;2
AIALAQFYDVPMVST;TRUE;15;15;1.36;1.044;2;0
AAAADAVAEADAELK;FALSE;15;15;1.38;1.122;5;0
AQTVVASTNNAIIAT;FALSE;15;15;1.4;1.1593;7;0
DLVIQVQAPPSVASG;FALSE;15;15;1.42;0.9993;3;1
FTVAPSYYMTETTLR;TRUE;15;15;1.15;1.0073;0;0
MRFIGVIPRPQPHSG;TRUE;15;15;1.36;0.854;1;5
ARIVAQALVGAEPYY;TRUE;15;15;1.36;1.1093;6;0
AGAIGLLLVLVYSLL;FALSE;15;15;1.43;1.1587;6;0
ENLRFFASLYAGATA;FALSE;15;15;1.2;1.0147;0;0
RFVTLTDILGAEDAF;TRUE;15;15;1.27;1.0627;2;0
FNLLTDGNIARAVWG;FALSE;15;15;1.3;1.03;1;0
GIRLVIVLVRRWPKV;TRUE;15;15;1.62;1.0933;5;2
AAGHDVVVLSRCPSG;FALSE;15;15;1.44;1.0053;3;3
DLPVLYELAAEEAGA;TRUE;15;15;1.28;1.092;5;0
AARGIDIDDVTHVIN;TRUE;15;15;1.38;1.0407;2;0
GQLKAVVATSSLELG;FALSE;15;15;1.51;1.1187;5;0
LAYYAARYNIDLDLI;TRUE;15;15;1.25;1.0293;2;0
FDREISPIQAPVLDE;TRUE;15;15;1.15;0.95;0;0
DHFVVFGAVESLSEV;FALSE;15;15;1.35;1.112;6;0
VRGWPVLSFSRPVSL;TRUE;15;15;1.08;0.8847;0;2
AADRIIDLLSRARDS;FALSE;15;15;1.24;0.9447;1;2
AALVRFLAQGVEATS;TRUE;15;15;1.23;1.078;3;0
ADRIAALTLAHAYSR;TRUE;15;15;1.32;1.0607;3;0
ATGAAEAIEAEGLRY;TRUE;15;15;1.34;1.0993;4;0
AVGSPVLVVDRTSYT;TRUE;15;15;1.43;1.0273;2;0
PPNFWAWLIAQVKTV;FALSE;15;15;1.36;1.0933;6;1
GYAGASAAATPLTPF;FALSE;15;15;1.21;1.0;1;1
ALRYDADDDYPAFCI;TRUE;15;15;1.07;0.8767;0;2
GQLRPRVRQDPKIQM;TRUE;15;15;1.02;0.816;0;6
ILVNVNFRYVEGELR;TRUE;15;15;1.46;1.0867;3;0
DHFVLFGAVESLSEV;FALSE;15;15;1.24;1.074;4;0
FGGELAFLQFDIRAH;TRUE;15;15;1.18;0.9947;0;0
AMFLLAIVVDVVINL;FALSE;15;15;1.54;1.2593;9;0
AGARLRWRATKPVAA;TRUE;15;15;1.2;0.9513;0;1
AIVVAAIAAVVAVAA;FALSE;15;15;1.6;1.354;11;0
INAFVVRKSAKAHGM;TRUE;15;15;1.38;1.1027;4;0
LRLLESYRDSFYLLV;TRUE;15;15;1.27;0.9213;1;3
HPSLGTIDDFDDFVS;FALSE;15;15;1.09;0.908;0;2
GYAGASAAATQLTPF;FALSE;15;15;1.21;1.0347;1;0
AGYELKQRIIEHLKQ;TRUE;15;15;1.22;1.0393;1;0
GQLRPRVRKDPKIQM;TRUE;15;15;1.02;0.8513;0;4
NSGFGNAGTNNSGFF;FALSE;15;15;1.05;0.936;0;0
DLTAAVVGAAAVGYL;FALSE;15;15;1.47;1.2133;10;0
ASRTMLMDLETLDWD;TRUE;15;15;1.07;0.982;0;0
ATGVVIHVVADAAAL;FALSE;15;15;1.51;1.2207;9;0
AGGVLVIDGAGSLHT;TRUE;15;15;1.43;1.062;4;0
STVAVAAADFSPEEQ;TRUE;15;15;1.51;1.0587;5;2
FSMTGTEVVTIAAAE;TRUE;15;15;1.52;1.172;7;0
GNAGHGGAGGNGAAA;TRUE;15;15;1.16;0.9307;0;0
ADGPDDAALEAAAER;TRUE;15;15;1.26;0.98;4;3
TLADLEDMASAWVEH;FALSE;15;15;1.23;1.0273;1;0
DDQLLAWAADDLVTV;FALSE;15;15;1.3;1.044;3;0
NTGAFISGNYSNGVL;TRUE;15;15;1.19;0.9913;0;0
MSFVIAVPEFLSAAA;TRUE;15;15;1.51;1.104;5;0
LNTMFDEDHDELVLV;TRUE;15;15;1.41;0.9613;1;1
ASRTMLMDLKTLDWD;TRUE;15;15;1.1;0.9953;0;0
TIQVARALAARVAIT;TRUE;15;15;1.33;1.1233;6;0
NWSDGSAPIEEMMAT;TRUE;15;15;1.22;0.954;1;2
NTVAVAAADFSPEEQ;TRUE;15;15;1.51;1.0627;5;2
FSVGWLYWYFWVIVV;FALSE;15;15;1.58;1.1127;3;0
DGGQGGNGAGAGASG;TRUE;15;15;1.13;0.9253;0;1
GRAKLDHSYDDLASS;TRUE;15;15;1.02;0.8947;0;2
TLADLEDIASAWVEH;FALSE;15;15;1.23;1.0567;1;0
ARIAFLIRFGTGVLP;TRUE;15;15;1.35;1.038;1;0
VKSMILHEILPIDVS;TRUE;15;15;1.3;1.052;2;0
IIRMVDLMISRVAGQ;TRUE;15;15;1.31;1.0567;2;0
EVPFARIGRLGQVPV;TRUE;15;15;1.11;0.9513;0;0
FGFLKSKLRTGGLLL;TRUE;15;15;1.14;0.9787;0;0
ALRTLALPFGIQVET;TRUE;15;15;1.28;1.0187;2;0
GKSEFLRTLILSLVA;TRUE;15;15;1.29;1.0407;2;0
ALILVDAANPLAGKP;TRUE;15;15;1.42;1.0547;5;0
FLLVPVLILLTVSGR;TRUE;15;15;1.39;1.1307;6;0
AGGQGATAGAGGAGA;TRUE;15;15;1.2;0.9913;0;0
LAMEGLAAFFFESTF;FALSE;15;15;1.2;1.0493;0;0
AIIGAFAARRWYRKW;TRUE;15;15;1.33;0.9953;3;1
AGGAGGVGAVGGKGG;TRUE;15;15;1.3;1.048;3;0
GQNTPAIAAAEAEYE;TRUE;15;15;1.39;1.0793;4;0
AFATEAASMIASNTA;TRUE;15;15;1.25;1.0893;3;0
AWLIMLMTSPPTRAA;FALSE;15;15;1.26;0.936;4;4
CEQEGVVVDDAVYPL;FALSE;15;15;1.44;1.112;6;0
PYQNFDALRTLALPF;TRUE;15;15;1.07;0.962;0;0
NQSFRQVTSVTDRMS;TRUE;15;15;1.31;0.9647;2;1
NTLFQTLTSIAEKVD;TRUE;15;15;1.42;1.076;2;0
PLWVFLLVPVLILLT;TRUE;15;15;1.4;1.1493;8;0
AAAGTGIAGAGGRGG;TRUE;15;15;1.2;1.0033;0;1
ITTVYHFIFVPLTIG;TRUE;15;15;1.35;1.0913;3;0
TALGASITNLSSPLV;FALSE;15;15;1.17;0.988;0;1
LIGNGGAGGAGGVGA;TRUE;15;15;1.11;0.98;0;0
AGWLGSVAAAAEAVA;FALSE;15;15;1.43;1.1313;6;0
AFTSEGIQLLASNAS;TRUE;15;15;1.22;1.0193;1;0
MSQLSFFAAESVPPP;FALSE;15;15;1.25;0.9653;1;1
DRVSWFPVARARTKL;TRUE;15;15;1.09;0.9667;0;0
AVVTFNVVAFTVAEV;FALSE;15;15;1.43;1.2427;11;0
LGLRFSTGHALLASA;TRUE;15;15;1.15;0.9587;0;0
LVAEILRIISGGRLI;FALSE;15;15;1.4;1.0507;3;1
GQGDILATAFLQAGQ;TRUE;15;15;1.32;1.052;3;0
AGGAVGAVAARTRSG;TRUE;15;15;1.41;1.0753;7;1
RAGPAAPAASVPAEP;TRUE;15;15;1.12;0.9613;0;0
TCWFARALELRTLLI;FALSE;15;15;1.13;1.0113;0;0
ELFVAAYVPYVAWLV;FALSE;15;15;1.47;1.168;8;0
AANKAAAAATTQVLA;TRUE;15;15;1.34;1.1587;10;0
ETLRSLYFLSSRVSG;TRUE;15;15;1.06;0.9207;0;0
MSQLSFFAAESVPPA;FALSE;15;15;1.25;0.9793;1;0
FVIFLREGFPINILN;TRUE;15;15;1.34;1.0087;3;1
GLIALLIAFALTTNV;FALSE;15;15;1.38;1.1647;9;0
PCFGAIQRQTTSTPG;FALSE;15;15;1.18;0.938;0;0
LSAEYAAVADELIGL;TRUE;15;15;1.38;1.122;6;0
CGCGGYLWSMLKRVE;FALSE;15;15;1.18;0.9867;0;0
LGLASLAGGAVGAVA;TRUE;15;15;1.41;1.0847;4;0
AGGAGGAGGIGAGGA;FALSE;15;15;1.07;0.986;0;0
ALGWAMRRKPFSRFN;TRUE;15;15;1.14;0.87;0;5
ALSAEYAAVAQELSV;TRUE;15;15;1.38;1.1187;6;0
MSFVLISPEVVSAAA;TRUE;15;15;1.38;1.108;5;0
ALTALGMLDHQEEDL;TRUE;15;15;1.25;0.9653;1;0
MISVLGPISGHVLKAVFSRG;TRUE;20;20;1.48;1.0615;6;0
KPGKISHIMLDVAFTSHEHF;TRUE;20;20;1.27;1.0275;2;0
KAQLNRHSYLKDSDFLDAA;TRUE;19;19;1.12;0.91;0;2
HDVSKGDDNKLGGALQAKA;TRUE;19;19;1.2;0.9874;0;0
PQYSEHPTFTSQYRIQ;TRUE;16;16;0.97;0.8694;0;3
LNIPSINVHHYPSAA;TRUE;15;15;1.13;0.9433;0;1
LQNALDILDKVHEPF;TRUE;15;15;1.3;1.0367;1;0
KTTRPFKVIIKPPVP;TRUE;15;15;1.51;1.0207;3;1
ALPLKMLNIPSINVH;TRUE;15;15;1.24;1.0147;1;0
LAWTRQQNQWKEPDV;TRUE;15;15;1.04;0.9047;0;1
AGILARNLVPMVATV;TRUE;15;15;1.44;1.08;4;0
MLDVAFTSHEHFGLL;TRUE;15;15;1.22;0.98;1;0
LPLKMLNIPSINVHH;TRUE;15;15;1.24;1.0187;1;0
SRVIAGTVFVAYHRD;TRUE;15;15;1.42;1.134;6;0
VYKYDSRPPEDVFQNG;TRUE;16;16;1.19;0.8544;0;4
SVASIVGTLVRMAPVM;TRUE;16;16;1.43;1.1113;5;0
WSERAGEAMVLVYYES;TRUE;16;16;1.45;1.1031;6;0
SSRRYTEVYLEHRMQE;TRUE;16;16;1.27;0.9613;3;2
LASQARWTGATRAVDS;TRUE;16;16;1.21;0.9731;1;0
AVVHLQRATIRRGDAP;TRUE;16;16;1.34;0.945;2;3
HADWNNQSIVKTGERQ;FALSE;16;16;1.32;1.0156;4;0
EASAITTYVGFSVVYP;TRUE;16;16;1.35;1.1287;7;0
QNRYEYIWGLYPTYTE;TRUE;16;16;1.19;0.9819;0;0
AVALLNKLGRIRAGED;TRUE;16;16;1.37;1.0237;2;0
RVSVQSVNSASRVAIS;TRUE;16;16;1.2;1.0337;0;0
LKTYSVQLKLYDDKNASLGL;TRUE;20;20;1.25;1.0325;2;0
YVSIDKFRIFCKALNPKEIE;TRUE;20;20;1.28;1.0495;1;0
GALETTGVVLLLEYIPEITL;TRUE;20;20;1.43;1.1325;6;0
PALLLMHELIHVLHGLYGMQ;TRUE;20;20;1.28;1.046;3;0
LYKKMEAVKLRDLKT;TRUE;15;15;1.34;1.0893;6;0
KLESKINKVFSTPIP;TRUE;15;15;1.39;1.0627;2;1
WLGTVNTQFQKRSYQ;TRUE;15;15;1.19;0.9887;0;0
DDNTIYQYLYAQKSP;TRUE;15;15;1.16;1.0267;0;0
IINAIPYLGNSYSLL;TRUE;15;15;1.41;0.9853;1;0
SLQYLALVALVAPKK;TRUE;15;15;1.48;1.1567;5;0
WEFVNTPPLVKLWYQ;TRUE;15;15;1.3;1.0207;3;1
QEPFKNLKTGKYAKM;TRUE;15;15;1.25;1.044;1;0
LGPAATLEEMMTACQ;TRUE;15;15;1.23;1.0553;1;0
YKRWIILGLNKIVRM;TRUE;15;15;1.37;1.1167;5;0
GWPFKLVPVDPREVQ;TRUE;15;15;1.26;0.946;1;1
WSKSSIVGWPAVRER;TRUE;15;15;1.21;1.0027;1;0
AIRHIPRRIRQGLER;TRUE;15;15;1.12;0.846;0;4
GIVQQQNNLLRAIEA;FALSE;15;15;1.16;1.0073;0;0
TWFNSTWSTKGSNNT;TRUE;15;15;1.06;0.9427;0;0
RIQRGPGRAFVTIGK;TRUE;15;15;1.38;0.938;3;5
DKELYPLASLRSLFG;TRUE;15;15;1.07;0.9287;0;0
GSSMDSKSSGWGMNH;TRUE;15;15;0.95;0.864;0;2
QGNMQREPNQAFGSG;TRUE;15;15;1.0;0.8667;0;3
DDQIAQSLCGEDLII;TRUE;15;15;1.22;0.9893;1;0
KLPNSKQSQDEPLRS;TRUE;15;15;0.89;0.8293;0;3
LPWKTTEQDLKEYFS;FALSE;15;15;1.16;0.998;0;0
LHAPDAGWGNLVYVV;TRUE;15;15;1.53;0.9967;2;0
MRGVRLVEGILHAPD;TRUE;15;15;1.29;1.0327;3;0
SKDSTYSLSSTLTLS;FALSE;15;15;1.08;0.9387;0;0
DKSRWQQGNVFSCSV;TRUE;15;15;1.12;0.9327;0;2
AVEWESNGQPENNYK;TRUE;15;15;1.26;0.916;1;3
VVDVSHEDPEVKFNW;TRUE;15;15;1.33;0.99;3;2
PSVFLFPPKPKDTLM;TRUE;15;15;1.16;0.8887;0;4
YICNVNHKPSNTKVD;TRUE;15;15;1.31;0.998;2;2
GTAALGCLVKDYFPE;TRUE;15;15;1.24;1.0607;3;0
SSIHWYQQRTNGSPR;TRUE;15;15;1.03;0.8633;0;2
DILLTQSPAILSVSP;TRUE;15;15;1.32;0.994;1;0
YNRAPYTFGQGTKVE;TRUE;15;15;1.23;0.9427;1;0
NYLAWYQQKPGKAPK;TRUE;15;15;1.16;0.9513;0;1
LRAEDTAVYYCAKVS;TRUE;15;15;1.33;1.1047;5;0
WVRQAPGKGLEWVSA;TRUE;15;15;1.18;0.972;0;1
GSGTDFTLTISSLQP;TRUE;15;15;1.23;0.9647;1;1
LQWNSLKASDTAMYY;TRUE;15;15;1.18;0.9933;0;0
SDIRYSPSFQGQVTM;TRUE;15;15;1.13;0.8693;0;4
TPRVTGGGAMA;TRUE;11;11;1.09;0.9536;0;0
QEFFWDANDIY;FALSE;11;11;1.13;0.9645;0;0
QAIRETVELR;TRUE;10;10;1.26;1.043;2;0
EFFWDANDI;FALSE;9;9;1.03;0.9411;0;0
GPISGHVLK;TRUE;9;9;1.15;0.9356;0;0
IIYTRNHEV;TRUE;9;9;1.18;0.9422;0;0
RPSTPRAAV;TRUE;9;9;1.03;0.8178;0;3
QYDPVAALF;TRUE;9;9;1.34;1.0044;1;0
SGQLLWDTVTGVNMT;TRUE;15;15;1.33;1.0547;2;0
IGRWYSRTMSKTQRM;FALSE;15;15;1.09;0.9087;0;1
TAEIRLMCTKTYLDT;FALSE;15;15;1.19;1.0553;0;0
TDTYHSYAKNILRTQ;TRUE;15;15;1.28;1.006;2;0
REPFIACGPKECKHF;TRUE;15;15;1.18;0.978;0;0
IQTLTLFLTLGGVLL;FALSE;15;15;1.17;1.0667;0;0
GEYSLPTFDSLNITA;TRUE;15;15;1.25;0.932;1;1
VLLSNEGIINSEDEH;TRUE;15;15;1.21;1.01;2;0
STQEAINKITKNLNS;TRUE;15;15;1.36;1.1153;6;0
PIWVKTPLKLANGTK;TRUE;15;15;1.36;1.0653;1;0
VLLPQKVWCASGRSK;TRUE;15;15;1.3;0.9827;1;1
QITVWGFHSDNKTQM;TRUE;15;15;1.26;0.9673;2;1
ATSKIGFFSTMAWAV;TRUE;15;15;1.32;1.0533;2;0
ALGRPMCVGTTPSAK;TRUE;15;15;1.19;0.928;0;2
HDGGKETWHSAATAI;TRUE;15;15;1.35;0.9927;1;0
TDGSASGVSECRFLK;TRUE;15;15;1.09;0.9513;0;0
AWSGSACHDGKEWTY;TRUE;15;15;1.14;0.9293;0;0
SATKGVTLLLPGPEW;TRUE;15;15;1.3;0.9987;5;3
ILLKFSPTEITAPTM;TRUE;15;15;1.27;1.0007;2;0
EFSLPTFDSLNITAA;TRUE;15;15;1.28;0.9507;2;1
VEIGNGCFETKHKCN;TRUE;15;15;1.25;1.0213;1;0
DELHNEILELDEKVD;TRUE;15;15;1.24;1.0407;1;0
EGGWEGMIAGWHGYT;TRUE;15;15;1.2;0.9907;0;0
IWVKTPLKLANGTKY;TRUE;15;15;1.36;1.0573;1;0
EKYGGLNKSKPYYTG;TRUE;15;15;1.1;0.9553;0;0
GGLPQSGRIVVDYMV;FALSE;15;15;1.37;0.986;5;4
ITVWGFHSDNETQMA;TRUE;15;15;1.26;0.9467;1;1
GFFATMAWAVPDKNK;TRUE;15;15;1.32;1.0527;2;0
HVRLSTHNVINAEGA;TRUE;15;15;1.35;1.0453;3;0
CFWVELIRGRPEENT;TRUE;15;15;1.33;0.948;4;4
ELTGLDCIRPCFWVE;TRUE;15;15;1.21;0.9507;1;1
WHGSNRPWVSFNQNL;TRUE;15;15;1.1;0.8747;0;3
VCRDNWHGSNRPWVS;TRUE;15;15;0.98;0.8187;0;4
IKSWRNNILRTQESE;TRUE;15;15;1.07;0.9453;0;0
NSRFESVAWSASACH;TRUE;15;15;1.23;0.998;1;0
KGDVFVIREPFISCS;TRUE;15;15;1.36;1.03;3;0
GWAIYSKDNSVRIGS;TRUE;15;15;1.21;1.0067;1;0
QSVITYENNTWVNQT;TRUE;15;15;1.34;1.0853;2;0
KLESTRIYQILAIYS;TRUE;15;15;1.36;1.0647;4;0
TCMESVKNGTYDYPK;TRUE;15;15;1.2;1.0087;0;0
GFLDIWTYNAELLVL;TRUE;15;15;1.32;1.0827;2;0
QNEQGSGYAADLKST;TRUE;15;15;1.16;0.956;0;0
NIHPITIGKCPKYVK;TRUE;15;15;1.29;1.028;1;0
VEPGDKITFEATGNL;TRUE;15;15;1.25;1.0213;2;0
LVLWGIHHPSTTADQ;TRUE;15;15;1.27;0.9273;1;4
FEIFPKASSWPNHDS;TRUE;15;15;1.11;0.872;0;4
EDKHNGKLCKLRGVA;TRUE;15;15;1.22;1.0007;1;0
TFTTANADTLCIGYH;TRUE;15;15;1.19;1.0567;0;0
SVEGKSCINRCFYVE;TRUE;15;15;1.23;1.022;1;0
DGNDVWMGRTINETS;TRUE;15;15;1.19;1.0013;0;0
NNEEGGHGVKGWAFD;TRUE;15;15;1.25;0.9847;1;0
CRDNWKGSNRPIVDI;TRUE;15;15;1.16;0.8993;0;2
LVDSVVSWSKDILRT;TRUE;15;15;1.33;1.0447;2;0
NNVHSNNTVRDRTPY;TRUE;15;15;1.11;0.9127;0;2
GGDIWVTREPYVSCD;TRUE;15;15;1.23;0.9947;1;0
MLCEPTIIERNITEI;TRUE;15;15;1.28;1.038;1;0
IMWACQKGNIRCNIC;TRUE;15;15;1.23;1.0193;1;0
LWSYNAELLVALENQ;TRUE;15;15;1.34;1.104;5;0
DTKIDLWSYNAELLV;FALSE;15;15;1.32;1.0367;1;0
WYGFRHQNSEGRGQA;TRUE;15;15;0.89;0.8267;0;5
QNVNRITYGACPRYV;TRUE;15;15;1.2;0.982;0;1
WGVHHPGTDKDQIFL;TRUE;15;15;1.08;0.886;0;2
DKLYIWGVHHPGTDK;TRUE;15;15;1.26;0.9553;2;2
QNKKWDLFVERSKAY;TRUE;15;15;1.15;1.016;0;0
PHQILDGENCTLIDA;TRUE;15;15;1.2;0.9953;0;0
LCLVFAQKIPGNDNS;TRUE;15;15;1.29;1.012;5;1
YTAKRPFVKLNVETD;TRUE;15;15;1.4;1.0493;4;0
ALTHYAAQPGGYYNG;TRUE;15;15;1.12;0.938;0;1
RTKIRQLPNLLRGYE;FALSE;15;15;1.07;0.916;0;1
VKSTDYHQKRETIRL;TRUE;15;15;1.12;0.9387;0;0
NSLFERLNEGHSKPI;TRUE;15;15;1.01;0.9073;0;1
LHRLNAYDQSGRLVA;TRUE;15;15;1.12;0.9113;0;2
YSWIDYPSTPGRCLD;TRUE;15;15;1.01;0.8293;0;6
KVLLFMNPSAGIEGF;TRUE;15;15;1.31;0.9947;2;0
QKEIQAKEAMKEVLS;TRUE;15;15;1.33;1.134;8;0
FWAPMTRSGGNEAGG;TRUE;15;15;1.01;0.8913;0;3
TSSEDDVGRKTQKKQ;TRUE;15;15;1.17;0.9447;0;1
LKLRWESYPNLVKST;TRUE;15;15;1.22;0.9627;1;0
MTTTQIEWRMKKMAI;TRUE;15;15;1.34;1.0547;2;0
KEEVNTQKEGKFRLT;TRUE;15;15;1.25;1.0387;2;0
LDYPGQDRLNRLKRK;TRUE;15;15;1.03;0.8267;0;5
MAWTIGHLNQIKRGI;TRUE;15;15;1.25;1.024;1;0
FWAPMTRSGGNEVGG;TRUE;15;15;1.09;0.9073;0;3
DDMERNLIQNAHAVE;TRUE;15;15;1.24;1.0013;2;1
IRWLIEEVRHKLKIT;TRUE;15;15;1.35;1.0773;3;0
FAWRSSNENGRPPLT;TRUE;15;15;0.91;0.8;0;6
VIFDRLETLILLRAF;TRUE;15;15;1.27;1.036;3;0
MASVPASRYLTDMTL;TRUE;15;15;1.08;0.948;0;1
RVADQELGDAPFLDR;TRUE;15;15;1.13;0.9127;0;1
WILDRLFFKCIYRRF;TRUE;15;15;1.23;0.9947;2;0
THPSSSAGLKNDLLE;TRUE;15;15;1.13;0.9093;0;3
ARPEDVSFQGRGVFE;TRUE;15;15;1.05;0.9053;0;3
IDPFRLLQNSQVYSL;TRUE;15;15;1.11;0.9193;0;1
FWRGENGRKTRIAYE;TRUE;15;15;1.17;0.9373;0;0
AGLTHMMIWHSNLND;TRUE;15;15;1.13;0.9747;0;0
EEVRHRLRTTENSFE;TRUE;15;15;1.01;0.9073;0;2
EWNDNTVRVSKNLQR;TRUE;15;15;1.22;1.018;1;0
IVGEISPLPSFPGHT;TRUE;15;15;1.37;0.8573;1;6
KLSDAPFLDRLRRDQ;TRUE;15;15;1.03;0.8253;0;5
WILDRLFFKCVYRLF;TRUE;15;15;1.27;1.0273;2;0
STGLRDDLLENLQTY;TRUE;15;15;1.13;0.924;0;1
ALMEWLKTRPILSPL;TRUE;15;15;1.16;0.9687;0;0
VSFRGRGVFELSDEK;TRUE;15;15;1.19;0.934;0;2
LLQNSQIYSLIRPNE;TRUE;15;15;1.23;0.9507;1;0
FWRGENGRKTRSAYE;TRUE;15;15;0.99;0.8893;0;0
IMIWHSNLNDATYQR;TRUE;15;15;1.19;0.9653;0;0
ELKLSDHEGRLIQNS;TRUE;15;15;1.1;0.9173;0;2
VSSFQDILLRMSKMQ;TRUE;15;15;1.12;0.958;0;1
AGALASCMGLIYNRM;TRUE;15;15;1.21;1.0433;1;0
LTVPSERGLQRRRFV;FALSE;15;15;1.01;0.8267;0;5
WAIRTRSGGNTNQQR;TRUE;15;15;1.11;0.8847;0;3
TRALVRTGMDPRMCS;TRUE;15;15;1.18;0.904;0;4
REVSILRHSYQKEIQ;TRUE;15;15;1.27;0.9753;1;1
GMGKGEDVQKLAEEL;TRUE;15;15;1.28;1.0467;2;0
SALEWIKNKRCLTDI;TRUE;15;15;1.25;1.0507;3;0
TNPIEIPIKQTIPNF;TRUE;15;15;1.28;1.024;2;0
ERPIALSKQAVRRML;TRUE;15;15;1.22;1.0087;1;0
DLRVLSALTGTEFKP;TRUE;15;15;1.24;1.0307;1;0
ISIYAKIPQLGFNVE;TRUE;15;15;1.39;1.0413;3;0
AYEKILLNLKNKCSA;TRUE;15;15;1.29;1.108;5;0
KRVGLDPSLISTFAG;TRUE;15;15;1.17;0.9453;0;1
KMVRDDKTIYFSPIR;TRUE;15;15;1.25;0.9727;1;0
NMVVKLGEFYNQMMV;TRUE;15;15;1.44;1.0913;4;0
IWFRDFCSIAPVLFS;TRUE;15;15;1.23;0.974;1;1
FCQDIIDSLDKPEMT;TRUE;15;15;1.14;0.9547;0;0
VIQSAYWFNEWLGFE;TRUE;15;15;1.23;1.016;1;0
LPEIGPDAAPVEHVG;TRUE;15;15;1.22;0.956;1;1
RPEMTFFSVKNIKKK;TRUE;15;15;1.39;1.078;4;0
SNNPWVIQSVYWFNE;TRUE;15;15;1.32;1.042;1;1
ASMGKYKVIPITNRV;TRUE;15;15;1.42;1.092;5;0
GKKKQRVNKRSYLIR;TRUE;15;15;1.13;0.9893;0;0
MEVVQQTRVDRLTQG;TRUE;15;15;1.32;0.9887;3;0
GDMLIRSAIGQVSRP;TRUE;15;15;1.26;0.9927;1;1
MRRNYFTSEVSHCRA;TRUE;15;15;1.16;0.9467;0;0
KQYDSDEPELRSLAS;TRUE;15;15;0.98;0.844;0;4
NVVKPHEKGINPNYL;TRUE;15;15;1.22;0.9787;1;0
GWKEPNVVKPHEKGI;TRUE;15;15;1.22;1.0027;2;0
IKTRLFTIRQEMASR;TRUE;15;15;1.14;0.9913;0;0
PMIVELAEKTMKEYG;TRUE;15;15;1.4;1.1373;6;0
GIFENSCLETMEAVQ;FALSE;15;15;1.3;1.0493;2;0
KGVEEGSIGKVCRTL;TRUE;15;15;1.31;1.0647;3;0
KWEKYCVLEIGDMLL;TRUE;15;15;1.35;1.0987;5;0
FENCRDISDLKQYDS;TRUE;15;15;1.08;0.922;0;0
IKTFFGWKEPYIVKP;TRUE;15;15;1.24;1.0327;3;0
AYVDGFEPNGCIEGK;TRUE;15;15;1.18;0.9613;0;1
NKIKSENTHIHIFSF;TRUE;15;15;1.2;1.0267;0;0
NEKKAKLSNAVAKML;TRUE;15;15;1.38;1.1433;7;0
DEEHPGLFQAASQNA;TRUE;15;15;1.15;0.918;0;2
WLGFEKEGSKVLESV;TRUE;15;15;1.31;1.0593;3;0
KALRVIFTKCLMHYV;TRUE;15;15;1.38;1.1133;6;0
QMKWGMEARRCLLQS;TRUE;15;15;1.09;0.9513;0;0
LYGLAVKGQSHLRGD;TRUE;15;15;1.29;0.98;3;3
YAKWATGDGLTYQKI;TRUE;15;15;1.23;1.0107;2;0
ANENFLWKLWRDCVN;TRUE;15;15;1.16;0.9953;0;0
LWQVLIGEEDVEKGI;TRUE;15;15;1.31;1.102;4;0
GKGRVLSRLTELQAE;TRUE;15;15;1.12;0.9887;0;0
YVISDMNFLDEEGKA;TRUE;15;15;1.16;0.9893;0;0
MFESKRMKLRTQIPA;TRUE;15;15;1.09;0.9587;0;0
TELSFTITGDNTKWN;TRUE;15;15;1.15;1.0073;0;0
TALANTIEVFRSNGL;TRUE;15;15;1.33;1.0587;4;0
RQTYDWTLNRNQPAA;TRUE;15;15;1.02;0.8993;0;2
LLNASWFNSFLTHAL;TRUE;15;15;1.11;0.9793;0;0
ASPQLEGFSAESRKL;TRUE;15;15;1.0;0.9167;0;0
VSMEFSLTDPRLEPH;TRUE;15;15;1.16;0.8693;0;6
KGVYINTALLNASCA;TRUE;15;15;1.32;1.1113;6;0
GLWDSFRQSERGEET;TRUE;15;15;0.92;0.8333;0;5
MAWTVVNSICNTTGA;TRUE;15;15;1.41;1.1233;6;0
FEIIEGRDRTMAWTV;TRUE;15;15;1.29;0.976;3;3
CLSKAYANMWSLMYFHKR;TRUE;18;18;1.22;1.035;1;0
VQLIRMAEAEMVIHHQH;TRUE;17;17;1.39;1.09;5;0
MEMTYKNKVVKVLRP;TRUE;15;15;1.59;1.1827;6;0
CTKEEFIAKVRSHAAIGAY;TRUE;19;19;1.41;1.1053;7;0
YMPDVLEKLELLQRRFGG;TRUE;18;18;1.32;0.9828;1;2
ELYKRTDIVEVDRDTAR;TRUE;17;17;1.37;1.0194;3;0
SLILPGIKAQQSKLAQRRV;TRUE;19;19;1.17;0.9958;0;0
LSLSGIAQSASVLSFMDKG;TRUE;19;19;1.18;1.0137;0;0
TSGMVIFFMSPKGISRMSMA;TRUE;20;20;1.33;0.997;3;0
LPSIRAANVMAASLRKAGKS;TRUE;20;20;1.31;1.0565;4;0
GHDWILADKRPTAWFLPSIR;TRUE;20;20;1.21;0.9505;1;1
IDAMCHATLTYRMLEPTRVV;TRUE;20;20;1.19;0.9965;0;0
ILAECARRRLRTLVL;TRUE;15;15;1.26;0.9373;2;4
VFHTMWHVTRGAFLVRNGK;FALSE;19;19;1.24;1.0274;1;0
LAGLAFQEMENFLGPIAVG;TRUE;19;19;1.18;1.0279;0;0
NGGDAMYMALIAAFSIRPG;TRUE;19;19;1.36;1.0605;5;1
VTLLDLLKLTVAVGLHFHEM;TRUE;20;20;1.45;1.108;6;0
WGKNLVFSPGRKNGS;TRUE;15;15;1.26;0.9307;2;3
SSAGGFFTSVGKGIHTVFGS;TRUE;20;20;1.26;1.039;2;0
AINKGILVTVNPIASTND;TRUE;18;18;1.49;1.1233;5;0
SGGVWREMHHLVEFEPPHA;TRUE;19;19;1.25;0.9489;1;3
FFAVTALTIAYLVGSNMTQR;TRUE;20;20;1.4;1.1355;10;0
QGLAVLRKVKRVVASLMRGL;TRUE;20;20;1.42;1.1295;10;0
KRLWKMLDPRQGLAVLRK;TRUE;18;18;1.26;0.9567;2;4
TAEWLWKEL;TRUE;9;9;1.16;1.0256;0;0
VAVSFVTL;TRUE;8;8;1.33;1.0813;3;0
AGWDTRITL;TRUE;9;9;1.11;0.9322;0;0
IAASIILEF;TRUE;9;9;1.31;1.1067;5;0
SSPILSITI;TRUE;9;9;1.24;0.98;2;0
NFSLGVLGM;TRUE;9;9;1.16;1.0022;0;0
DTAWDFGSL;TRUE;9;9;1.04;0.9111;0;0
NGWDRLKRM;TRUE;9;9;0.92;0.8633;0;1
WYMWLGARF;TRUE;9;9;1.1;0.9689;0;0
AWDFGVPLL;TRUE;9;9;1.06;0.9478;0;0
HWLEARMLL;TRUE;9;9;1.07;0.9744;0;0
WHVTKGSAL;TRUE;9;9;1.18;1.0133;0;0
IHQIFGAAF;TRUE;9;9;1.23;1.0122;1;0
KSYAQMWSLMY;TRUE;11;11;1.08;0.9736;0;0
KSYAQMWSL;TRUE;9;9;1.08;0.96;0;0
RVQRPTPRGTVM;TRUE;12;12;1.07;0.7983;0;5
SSVNMISRM;TRUE;9;9;1.23;1.0011;2;0
RTPQDNQLTY;TRUE;10;10;1.05;0.851;0;3
HVTRGAVLM;TRUE;9;9;1.25;1.0089;1;0
RSLRPQPTELKY;TRUE;12;12;1.18;0.8142;0;5
VTKWTDIPY;TRUE;9;9;1.28;0.9856;1;0
LSRNSTHEMY;TRUE;10;10;1.03;0.878;0;2
GTLPGHMTERF;TRUE;11;11;0.99;0.8773;0;0
FTDPSSIAARGY;TRUE;12;12;1.13;0.9142;0;3
KSYFVRAAKTNNSF;TRUE;14;14;1.24;1.0571;2;0
AMAAEVTRRGSAYY;TRUE;14;14;1.34;0.9921;3;2
KTPVESWEEIPYL;TRUE;13;13;1.13;0.9938;0;0
VVPMVTQMAM;TRUE;10;10;1.34;1.066;3;0
NTPEGIIPSMF;TRUE;11;11;1.07;0.9527;0;0
LSPVRVPNYNLI;TRUE;12;12;1.17;0.9458;0;0
LMWKQITPELNHIL;TRUE;14;14;1.17;1.0;0;0
RSVALVPHVGMGL;TRUE;13;13;1.35;1.0438;2;0
KTPVTKWTDIPYL;TRUE;13;13;1.28;1.0146;1;0
IGRARVSPGAGWSI;TRUE;14;14;1.09;0.9057;0;1
RVPDPQEGTRQVM;TRUE;13;13;1.06;0.8362;0;4
AVPPGERARNIQTL;TRUE;14;14;1.14;0.8886;0;2
IFRANWTPRESMLL;TRUE;14;14;1.08;0.895;0;3
GTPHWNNKEALVEF;TRUE;14;14;1.34;1.0129;3;2
ITPNSPRAEATL;TRUE;12;12;1.23;0.8642;1;4
VSPFGGLKRLPAGL;TRUE;14;14;1.04;0.895;0;1
SSVFNVVNSSIGLIM;FALSE;15;15;1.47;1.1007;5;0
EWSPCSVTCGNGIQV;TRUE;15;15;1.18;0.9733;0;1
HIEQYLKKIQNSLST;TRUE;15;15;1.3;1.0427;2;0
NPNANPNANPNANPN;TRUE;15;15;0.98;0.8773;0;3
YGKQENWYSLKKNSR;TRUE;15;15;1.13;0.9947;0;0
MMRKLAILSVSSFLF;TRUE;15;15;1.33;1.0593;2;0
AVLTGYSLFQKEKMVLNEGTS;TRUE;21;21;1.33;1.0752;6;0
RIMNDKKLIRMLFDTYEYVK;TRUE;20;20;1.28;1.051;3;0
AIKDKLKPGGLDEYQNQLYGICNE;TRUE;24;24;1.23;0.9854;2;1
ETYGKVKNTDKELSKIYGTKY;TRUE;21;21;1.3;1.0971;4;0
NIISCNKNDKNQ;TRUE;12;12;1.18;1.0017;0;0
WVDGNCEDIPHVNEFSAIDLFE;FALSE;22;22;1.16;1.005;0;0
YEKAKNAYQKANQAVLKAKEASSYD;TRUE;25;25;1.39;1.13;11;0
ISKIENEIETLVENIKKDEE;FALSE;20;20;1.36;1.159;10;0
TLTKEYEDIVLKSHMNRESDD;TRUE;21;21;1.31;1.0171;4;3
TKILLKHYKGLVKYYNGESSP;TRUE;21;21;1.32;1.0714;7;1
GISYYEKVLAKYKDDLE;TRUE;17;17;1.39;1.1047;6;0
KGELIDQLGVRDKEAGVALR;TRUE;20;20;1.29;1.0475;3;0
AAIREWARRNGHNVSTRGRI;TRUE;20;20;1.16;0.918;0;3
DLQKALEAQSRALRAELAA;TRUE;19;19;1.26;1.0163;2;0
EANSKLAALEKLNKELEESK;TRUE;20;20;1.28;1.1045;4;0
PLKMLNIPSINVHHY;TRUE;15;15;1.24;1.0193;1;0
VCQRHSPDCSRLVGATPER;FALSE;19;19;1.25;0.86;1;6
ISLPSYYPDQKSLENYIAQT;TRUE;20;20;1.22;0.932;1;5
ECELVNSPEFGLLAQVTPEQ;TRUE;20;20;1.26;1.0225;4;1
QMSDPAYNINISLPSYYPDQ;TRUE;20;20;1.24;0.9135;1;5
FNLWGPAFHERYPNVTITA;TRUE;19;19;1.4;0.9495;2;2
SEFAYGSFVRTVSLPVGADE;FALSE;20;20;1.24;1.025;1;0
AFSPEVIPMFSALSEGATPQ;TRUE;20;20;1.17;0.981;0;0
SLRCCRIRFTWALALLQAGM;TRUE;20;20;1.26;1.0195;3;0
YWFEKALRDKKGFII;TRUE;15;15;1.27;1.0313;2;0
RIEAMDPATVEQQEHWFEKA;TRUE;20;20;1.23;1.001;1;0
AYIRKTLALDKTEQEALEYF;TRUE;20;20;1.24;1.0735;1;0
MERGPVGGAGLGAGARIQALLG;TRUE;22;22;1.22;0.985;1;1
SASTGQATPLPVTIPSSVST;TRUE;20;20;1.19;0.946;0;0
CVFCWWHHTNPVGTEWRWKM;TRUE;20;20;1.21;0.961;1;1
KLCRWTKSMLRGRGACYKHT;TRUE;20;20;1.13;0.9455;0;2
SASTGDATPLPVTNTSSVST;TRUE;20;20;1.15;0.952;0;0
KKEKQQDMRWVEQLEWSLSK;TRUE;20;20;1.19;0.9805;0;1
IDICNHQGATPLVLTKRRGV;TRUE;20;20;1.33;0.9915;1;0
RPPRAVQYSHTHTTNYKLSS;TRUE;20;20;1.15;0.948;0;1
EQLHKVKVVTRIYHKAKHTK;TRUE;20;20;1.59;1.149;7;0
FWQHGQPFPRFSLPFLSIAS;TRUE;20;20;1.18;0.822;0;8
QSGTNASVFWQHGQPFPRFS;TRUE;20;20;1.18;0.881;0;6
HIVMQYMYVPPGAPIPTTRN;FALSE;20;20;1.28;0.949;1;1
FTYARFDSEITMVPSVAAKD;TRUE;20;20;1.35;1.039;3;1
FDLEITIVTNNKGLM;TRUE;15;15;1.45;1.1333;6;0
LWANLRLDQGFRKWE;FALSE;15;15;1.14;0.912;0;2
IETRYVMNDNTNAEA;TRUE;15;15;1.18;1.0253;0;0
ITVSISPMCAEFSGARAKTV;TRUE;20;20;1.35;1.008;2;0
NWLNFDGTLLGNLLIFPHQF;TRUE;20;20;1.2;0.982;0;1
TAIKHRAKITMA;FALSE;12;12;1.31;1.0608;2;0
LLHLRQSPKAGLLSL;TRUE;15;15;1.17;0.896;0;3
PYAGLIMIMTMNNPK;TRUE;15;15;1.33;1.0773;6;0
NYAKGKLTRNYMILL;TRUE;15;15;1.25;1.042;1;0
IIIEKFSTDRTTRGQ;FALSE;15;15;1.43;0.9627;2;1
KRWTMYFKAKNYPSQ;TRUE;15;15;1.23;1.0173;2;1
LRGAFILRIIKGFVD;TRUE;15;15;1.31;1.0947;4;0
KRPYLKNDNTAKVAI;TRUE;15;15;1.47;1.0373;3;0
DLKMAVSFSQFNRRF;TRUE;15;15;1.35;0.98;2;1
RKVSSTMRSLVAVIN;FALSE;15;15;1.53;1.054;3;0
TRITDVIINPSPELE;TRUE;15;15;1.34;0.99;4;3
LSLPSTISINLQVHI;TRUE;15;15;1.26;1.006;1;0
SYWFLTKEVKILMKL;TRUE;15;15;1.41;1.1607;7;0
STELYLISKDAYCTI;TRUE;15;15;1.26;1.0627;2;0
LIWDYIMRTLRDTSH;TRUE;15;15;1.18;0.948;0;2
QLGYIKNLSKPAKAA;TRUE;15;15;1.24;1.0353;1;0
EIFSFFRTFGHPPLE;TRUE;15;15;1.1;0.86;0;4
MLFKTSIPKICKITS;TRUE;15;15;1.37;1.0773;2;0
NVLIRINNYLSDRPK;TRUE;15;15;1.32;0.97;1;2
LVINDLIYAYTSNLI;TRUE;15;15;1.27;1.0833;4;0
VRRLLVMINSTHNSP;TRUE;15;15;1.38;1.0153;3;1
WGNQIIKVGPAVSIR;TRUE;15;15;1.41;1.0987;3;0
PNYIINKASSLGGAD;TRUE;15;15;1.36;1.032;3;0
IKLQGIASLYRTNIT;TRUE;15;15;1.19;1.018;0;0
IIQYKNLLNRLLIPL;TRUE;15;15;1.28;1.0273;1;0
MLKTIKSWILGKRNQ;TRUE;15;15;1.31;1.066;4;0
LSLETIITSLTRDII;TRUE;15;15;1.32;1.0547;4;0
NSPKIRVYNTVISYI;TRUE;15;15;1.36;1.0973;6;0
FVPCSICSNNPTCWAICKRIP;TRUE;21;21;1.27;1.0;3;0
NKLINHKHMNILKWL;TRUE;15;15;1.26;1.058;4;0
VRMRLINIDRIHIKN;FALSE;15;15;1.22;1.0193;1;0
YESLPFYKAEKIVNL;TRUE;15;15;1.42;1.0687;5;0
VDLEMIINDKAISPP;TRUE;15;15;1.32;1.0753;3;0
VITTIIKDDILSAVK;TRUE;15;15;1.45;1.1313;6;0
KYKNAVTELQLLMQSTPP;TRUE;18;18;1.31;1.05;5;1
DRGWYCDNAGSVSFFPQA;TRUE;18;18;1.12;0.94;0;1
RFLGFLLGVGSAIAS;FALSE;15;15;1.24;1.044;2;0
