sequence;length;syn_failed;syn_rules;sol_failed;sol_rules;mol_weight;net_charge;avg_hydro;isoelectric_point
TYASQGLVASIKNF;14;1;9;1;5;1498.7;0.99;3.15;8.26
FYEPQIITTDNTF;13;1;9;2;1|5;1588.74;-2.01;2.1;4.05
KMFDAYVNTFSSTF;14;2;9|10;3;1|4|5;1657.87;-0.01;2.53;5.83
ALWEIQQVV;9;2;9|10;2;1|5;1085.27;-1.0;3.59;4.05
SNWTTSVQVEYLQIT;15;2;9|10;1;5;1768.94;-1.01;1.94;4.05
VTFVNISRSELQTIV;15;1;9;2;1|5;1705.98;-0.0;2.89;5.97
SPKVTIDCSLFVCSN;15;2;9|10;2;1|5;1612.89;-0.1;2.72;5.55
LFNKFGAISSSLQEI;15;1;9;2;1|5;1653.9;-0.0;3.95;6.0
PFNNWFLLTNGSTLV;15;2;9|10;3;1|3|5;1722.96;-0.0;5.43;5.95
VDVLVNVSATNIQNL;15;1;9;2;1|5;1598.82;-1.0;4.12;4.05
TYLEGSVRVVTTF;13;1;9;2;1|5;1471.68;-0.01;2.63;5.66
EVGHTDLMAAY;11;2;9|10;3;1|4|5;1206.34;-1.9;2.67;4.35
ETLGVLVPHV;10;1;9;4;1|3|4|5;1063.26;-0.9;4.77;5.24
WTFGAGAALQIPFAM;15;2;9|10;2;3|5;1580.88;-0.0;8.93;5.53
HFDGQQGEVPVSIIN;15;2;7|9;4;1|3|4|5;1639.79;-1.91;2.49;4.35
HGTCERSEAGVCVST;15;2;9|10;4;1|3|4|5;1535.68;-0.99;-0.55;5.4
TSKTTVASLINTLND;15;1;9;2;4|5;1577.75;-0.01;0.68;5.75
GDDTVIEVQGYKSVN;15;0;none;3;1|3|5;1623.74;-2.0;-0.06;4.05
GETFVTHSKGLYRKC;15;1;10;4;1|2|3|5;1726.0;2.05;-2.11;9.2
WNIGEQKSILSPLYA;15;2;9|10;3;1|3|5;1718.97;-0.0;2.94;6.0
TENLTKEGATTCGYL;15;2;9|10;2;3|5;1600.77;-1.05;0.29;4.53
KAYNVTQAFGRRGPE;15;1;9;4;2|3|4|5;1693.89;1.99;-4.13;9.99
AEIVDTVSALVY;12;1;9;2;1|5;1279.45;-2.0;5.31;4.05
VPYSQAPSGFKY;12;1;9;2;3|5;1343.5;1.0;1.42;8.47
HPHEIILYYYELY;13;1;9;3;1|4|5;1752.99;-1.81;3.76;5.23
IYQDVYAVHAPTSL;14;1;9;1;5;1576.77;-0.9;4.1;5.08
VYPFMWGGAYCF;12;2;9|10;3;1|3|5;1440.71;-0.05;7.42;5.49
HSSDFGGVAIIKY;13;1;9;4;1|3|4|5;1393.57;0.09;3.71;6.74
FTAMDSTDADVVIY;14;1;10;2;1|5;1547.7;-3.01;3.89;4.05
AAFKSLFGGMSW;12;2;9|10;3;1|3|5;1301.54;1.0;5.23;8.8
YCGPWKLDAAW;11;2;9|10;3;1|3|5;1309.52;-0.05;2.67;5.83
ETWFFDENHPYRTW;14;1;10;3;1|4|5;1928.05;-1.9;-1.81;4.65
ECTMPPLSFR;10;2;9|10;4;1|3|4|5;1180.42;-0.05;-0.08;6.09
MYLDRNDAGEAISF;14;1;10;2;1|5;1601.76;-2.0;0.22;4.05
ALWDVPAPKEV;11;1;10;3;1|3|5;1224.42;-1.0;2.37;4.37
LTDHVVGEYLVLSPQ;15;1;9;3;1|3|5;1669.9;-1.9;4.16;4.35
LMLLEDLGVDHSLLD;15;1;10;3;1|4|5;1682.96;-3.9;4.54;4.05
NVTQMRELPTLDSAV;15;3;8|9|10;2;1|5;1673.91;-1.01;-0.42;4.37
VTSNTEMFFLFSNFD;15;2;9|10;3;1|4|5;1798.99;-2.0;3.88;4.05
IVNYPASHTTLGVQD;15;1;9;3;3|4|5;1614.78;-0.9;2.87;5.33
CTITGTMGHFILARC;15;2;9|10;4;1|2|3|5;1623.99;1.01;4.73;8.08
YGEKRVLKPRWMDAR;15;1;10;5;1|2|3|4|5;1905.27;2.99;-7.16;10.27
LSTQVRYLGEEGSTP;15;1;9;2;3|5;1636.78;-1.0;-0.78;4.53
WEGSPNKYWNSSTAT;15;2;9|10;2;3|5;1727.81;-0.0;-1.34;6.0
TLGASAWLMWLSEIE;15;2;9|10;3;1|4|5;1706.98;-2.0;6.65;4.24
ASCLLQTAISALEGD;15;2;9|10;3;1|4|5;1491.69;-2.04;4.29;4.05
VSNRDFVEGMSGGTW;15;2;9|10;3;1|3|5;1641.78;-1.0;0.88;4.37
FTAIKPSLGLINRWG;15;2;9|10;4;1|2|3|5;1673.0;1.99;3.54;11.0
EKCYVSQPALSSAIA;15;2;9|10;2;4|5;1566.8;-0.05;2.42;6.09
AADLVLVDGRIESLL;15;1;7;2;1|5;1583.85;-2.0;4.25;4.05
GGQSSFYSDWYQPAC;15;2;9|10;2;3|5;1695.79;-1.05;1.37;4.05
DPGRSMIVIDPVVTD;15;3;7|9|10;4;1|3|4|5;1613.86;-2.0;1.9;4.17
CDLVIDVVYDGPDLA;15;2;7|10;3;1|3|5;1606.82;-4.04;4.91;4.05
MTAVAAGALVVETDS;15;2;9|10;2;1|5;1434.63;-2.0;5.98;4.05
GSRSTPVSGGAAALV;15;1;9;2;3|5;1329.48;1.0;3.52;9.75
LLPSQDLPLLVPLRA;15;1;9;3;1|3|5;1645.02;-0.0;3.96;5.84
HETTFAQIVAEELGI;15;1;9;3;1|4|5;1657.84;-2.9;4.24;4.24
QVTLDDAAAADELFS;15;1;8;2;1|5;1565.65;-4.0;2.35;4.05
AMTGLSAAAAGLALN;15;2;9|10;2;3|5;1331.56;-0.0;7.49;5.57
AELVAWLEQLLSDSV;15;2;9|10;2;1|5;1672.9;-3.0;4.86;4.05
AESVVEIEFLVTMIV;15;2;9|10;2;1|5;1679.01;-3.0;8.14;4.05
DGRVIVRTRLTAKVS;15;1;7;4;1|2|4|5;1670.98;3.0;-3.49;11.71
AMTGVSAAAAGLALN;15;2;9|10;2;3|5;1317.53;-0.0;7.51;5.57
LIGQLIDRSGMAWCI;15;2;9|10;3;1|3|5;1676.04;-0.05;5.12;5.83
AAVSVDALDAVEQAD;15;1;9;3;1|4|5;1473.56;-4.0;2.93;4.05
AELASVLRLVFPPRR;15;1;9;5;1|2|3|4|5;1724.09;2.0;-0.5;11.7
SGHTYVSTPGSALLF;15;1;9;2;3|5;1536.71;0.09;5.31;6.46
EFARGVAFAEERAER;15;1;9;3;1|4|5;1737.9;-1.0;-4.13;4.95
AAVADCAAAVAEVDD;15;2;9|10;3;1|4|5;1390.49;-4.04;4.43;4.05
GPVLVYLTITSSLTI;15;1;9;3;1|3|5;1576.9;-0.0;8.45;5.52
AAGAAAAAAHTAIQQ;15;1;9;1;5;1322.45;0.1;5.29;6.79
GYTGDATAAVIDQIR;15;1;9;3;3|4|5;1550.69;-1.0;1.64;4.21
RINDLWIAAVAASRA;15;2;9|10;3;1|4|5;1626.88;0.99;1.89;9.6
TGAYCYSLSSRYNMV;15;2;9|10;1;5;1714.95;0.94;1.05;7.84
AAVWWKALLALAVAV;15;2;9|10;2;1|5;1581.97;1.0;10.26;8.8
AAVFAVSETFCITDH;15;2;9|10;3;1|4|5;1610.81;-1.95;5.75;4.35
GRYFTVRAGSLVAWN;15;2;9|10;4;1|2|3|5;1696.93;2.0;1.61;10.84
IPIAVRNELNLSVLQ;15;1;9;2;1|5;1679.0;-0.0;2.98;6.0
AKPYLIDTIAHMAIW;15;1;10;2;1|5;1743.11;0.1;6.04;6.79
PSSLGAVAILIAATL;15;1;9;2;3|5;1396.69;-0.0;9.69;5.95
ADSVCGVRVAIVAES;15;2;9|10;2;1|5;1475.69;-1.04;3.8;4.37
DISDDFFALFLDPTW;15;3;7|9|10;3;1|4|5;1801.97;-4.0;4.79;4.05
RHSENACAVAEFLAD;15;2;9|10;3;1|4|5;1632.78;-1.95;-0.17;4.83
VEVQVAYAIGKAAPV;15;1;9;3;1|3|5;1514.79;-0.0;5.95;5.97
GDLLIGWRLLVLAGV;15;2;9|10;3;1|3|5;1594.97;-0.0;8.28;5.84
EGQLLLLDAQTLESI;15;1;9;3;1|4|5;1642.87;-3.0;3.47;4.05
ALDNWSIRRLSSLVG;15;2;9|10;2;1|5;1686.94;1.0;0.27;9.64
ATLNPLAAQIIGQLS;15;1;9;2;3|5;1509.77;-0.0;5.69;5.57
TEREAFLAYADAVNE;15;1;9;3;1|4|5;1698.81;-3.0;-0.41;4.24
LRSRVFFDWFDAMGV;15;1;10;2;1|5;1846.15;-0.0;2.3;5.96
AFLCTSASSAIDVGA;15;2;9|10;1;5;1412.59;-1.05;6.47;4.05
FVLIVVAAVGAYLFT;15;1;9;2;1|5;1582.95;-0.01;12.75;5.52
CHLMIDNPDRWAPPY;15;2;9|10;3;1|3|5;1828.11;-0.95;-0.09;5.21
ETQVADAAQAVMEAW;15;2;9|10;3;1|4|5;1619.77;-3.0;2.58;4.05
AAQFKESTATLITEY;15;1;9;1;5;1672.85;-1.0;1.59;4.53
ADSWLIRRCSVVQGC;15;2;9|10;2;1|5;1692.99;0.91;-0.08;8.11
AGFALFVLTFLVNAA;15;1;9;2;1|5;1553.87;-0.0;11.04;5.57
GYDLDFGIAADQEFI;15;1;9;3;1|3|5;1673.8;-4.0;4.37;4.05
VCGYHCWAEFFVAGL;15;2;9|10;3;1|3|5;1702.0;-0.99;8.31;5.24
LTDTVATILAILALT;15;1;9;2;1|5;1528.85;-1.0;8.84;4.05
AVVAMAAIATFAAPV;15;2;9|10;1;5;1402.73;-0.0;10.86;5.57
ARLFEFVAAFFVVTA;15;1;9;2;1|5;1688.01;-0.0;8.22;6.05
VCGYHCWVEFFVAGL;15;2;9|10;3;1|3|5;1730.05;-0.99;8.77;5.24
IYFDVTGPSPTIVAM;15;2;9|10;3;1|3|5;1610.89;-1.0;7.17;4.05
LMVYVATVTQLSRIV;15;2;9|10;2;1|5;1693.09;1.0;5.68;8.75
MLIFMLWHAIFVEHS;15;2;9|10;2;1|5;1874.31;-0.81;9.33;5.94
WAGFAYVAFVTDAYA;15;2;9|10;1;5;1651.84;-1.01;8.5;4.05
FAKAAAATTAGAFMS;15;2;9|10;1;5;1415.64;0.99;6.06;8.75
IMTWVTAFFAPTDGG;15;3;7|9|10;3;1|3|5;1613.86;-1.0;7.56;4.05
CGDWAQALAELRAAR;15;2;9|10;3;1|4|5;1630.85;-0.04;-0.75;6.06
RAIVVDVIVDSANPH;15;0;none;3;1|4|5;1604.83;-0.91;2.75;5.21
DDGLSIVRAVASAVW;15;3;7|9|10;3;1|4|5;1558.76;-1.0;4.14;4.21
VDIAVVVLVLVLTNL;15;1;9;2;1|5;1579.99;-1.0;10.99;4.05
FVVMSCFFGTLMVIT;15;2;9|10;2;1|5;1695.15;-0.05;11.02;5.52
EGMTILYSDDDIVAV;15;2;9|10;3;1|4|5;1640.83;-4.0;4.31;4.05
EFFAIMSDCANTQIG;15;2;9|10;3;1|4|5;1646.87;-2.04;4.29;4.05
SNQQLSLAQQLDIDV;15;1;9;2;1|5;1671.83;-2.01;-0.08;4.05
ALALVVVAFTYLCFT;15;2;9|10;2;1|5;1631.02;-0.05;11.11;5.56
AAISVVLLSISFIVL;15;1;9;2;1|5;1544.94;-0.0;12.45;5.57
AFFAIMSDCANTQIG;15;2;9|10;2;1|5;1588.83;-1.05;5.65;4.05
ALGKFADAVAAECRR;15;1;10;3;1|4|5;1577.83;0.96;-1.0;8.27
AFVFAMIAVDLSRLA;15;2;9|10;2;1|5;1623.99;-0.0;7.55;5.88
FNVLVAALIVYVGDQ;15;1;9;2;1|5;1620.91;-1.01;8.46;4.05
ELTPDEAAAVAVATQ;15;1;9;2;4|5;1485.61;-3.0;3.11;4.05
ARALRATTAIAVVVG;15;1;9;3;1|2|5;1468.77;2.0;4.1;12.0
DEFFFMEMNTRLQVE;15;1;10;3;1|4|5;1936.2;-3.0;-0.34;4.24
ALLVFFGLFLGVAGT;15;1;9;3;1|3|5;1524.87;-0.0;12.6;5.57
FVVSFVFNVLVAALI;15;1;9;2;1|5;1638.03;-0.01;12.75;5.53
DLTDWLSSARLYLLA;15;2;9|10;3;1|4|5;1736.99;-1.0;2.87;4.21
SPQLTPAVFLLYFLL;15;1;9;3;1|3|5;1722.11;-0.01;8.8;5.24
NAFLGKQVLSAAGVV;15;2;8|9;3;1|3|5;1473.74;0.99;6.06;8.75
ASILGLVAAPLMLLG;15;2;9|10;3;1|3|5;1438.84;-0.0;11.16;5.57
EHRTRVRKYLTLMAF;15;2;9|10;4;1|2|4|5;1921.31;3.1;-4.42;10.9
AALLTRVIASAVAEG;15;1;9;2;1|5;1441.69;-0.0;5.74;6.05
EEQFRLAAAVAAALA;15;1;9;3;1|4|5;1530.75;-1.0;3.87;4.53
SSGGMFNNYAIVQGV;15;2;9|10;2;3|5;1543.72;-0.01;4.92;5.24
AEVLIDAVAAAGAEC;15;2;9|10;2;1|5;1402.59;-3.04;6.71;4.05
ISVAYALMVATIVGL;15;2;9|10;2;1|5;1520.9;-0.0;11.13;5.52
AACATAAVSVEEGVD;15;2;9|10;3;1|4|5;1392.51;-3.04;4.5;4.05
FPDGETRDLFLTLLL;15;2;7|9;3;1|3|5;1750.03;-2.0;3.11;4.05
YGMLKLLVSTEDLKL;15;2;9|10;2;1|5;1723.11;-0.01;2.89;6.07
RNGIYIIDLQQTLTF;15;1;9;3;1|4|5;1795.07;-0.01;2.18;5.84
LRPGPTMISDRKLAW;15;2;9|10;4;1|2|3|5;1741.1;2.0;-1.4;10.84
HRYFLAAKQTEFALG;15;1;9;4;1|2|4|5;1752.01;1.09;1.03;8.6
QTLQCIYLSIEYLYV;15;3;8|9|10;2;1|5;1849.18;-1.05;5.42;4.05
KGTNAELFIEQVTRM;15;1;10;3;1|4|5;1737.02;-0.01;-0.79;6.14
HCANMLVAAESAIAA;15;2;9|10;3;1|4|5;1471.73;-0.95;6.07;5.24
PPFEGMWWLYVPLAF;15;2;9|10;3;1|3|5;1853.22;-1.0;8.82;4.05
MDRFRWLVAAQGGDL;15;2;9|10;3;1|3|5;1735.01;-0.0;0.33;5.71
AGMVTDPVTCRPDNT;15;3;7|9|10;3;1|3|5;1576.78;-1.05;-0.83;4.21
AAHASAGAAASAVSA;15;1;9;1;5;1212.29;0.1;6.2;6.79
AVLEEVIYLLDTVGE;15;1;9;3;1|4|5;1662.9;-4.0;5.99;4.05
GYGLSELVVVIEELG;15;1;9;3;1|3|5;1576.81;-3.0;7.1;4.05
HQHVNGYRVEVVEPL;15;0;none;4;1|3|4|5;1775.99;-0.81;-0.2;6.0
AALLARLDEAITSPA;15;1;9;2;1|5;1511.74;-1.0;3.38;4.37
CEYFAVNHSTPDALA;15;2;9|10;2;1|5;1637.79;-1.94;2.81;4.35
VVAMFALTWAIALLV;15;2;9|10;2;1|5;1618.07;-0.0;12.87;5.49
RTTEPPRRGGRGARQ;15;0;none;4;2|3|4|5;1694.89;3.99;-12.04;12.0
QMLWDPIRFDETCPS;15;3;7|8|10;3;1|3|5;1838.1;-2.05;-0.54;4.05
CEYFVRQPFPLRTRG;15;2;9|10;4;1|2|3|5;1869.19;1.96;-3.44;9.5
DAFMSLAGFVRMLEA;15;2;9|10;3;1|4|5;1657.98;-1.0;4.85;4.37
PAHRVAIEFDPPLPP;15;2;7|9;3;1|3|5;1655.92;-0.9;1.98;5.33
NYAELTAELELALAS;15;2;8|9;2;1|5;1607.78;-3.01;3.75;4.05
LLVLVYSLLYYRVLG;15;1;9;2;1|5;1784.22;0.99;8.15;8.5
GMQMRLTFARSLIND;15;1;10;3;1|4|5;1753.09;1.0;-0.75;9.6
MIDEALFDAEEKMEK;15;1;10;3;1|4|5;1799.06;-4.0;-1.61;4.08
AAAADAVAEADAELK;15;0;none;3;1|4|5;1415.52;-3.0;2.32;4.05
AQTVVASTNNAIIAT;15;1;9;1;5;1473.65;-0.0;4.66;5.57
DLVIQVQAPPSVASG;15;1;9;3;3|4|5;1480.68;-1.0;4.68;4.05
AGAIGLLLVLVYSLL;15;1;9;3;1|3|5;1514.92;-0.0;12.18;5.57
ENLRFFASLYAGATA;15;1;9;2;4|5;1630.82;-0.0;3.44;6.1
FNLLTDGNIARAVWG;15;3;7|9|10;3;1|3|5;1646.87;-0.01;3.74;5.84
AAGHDVVVLSRCPSG;15;2;9|10;3;1|3|5;1467.67;0.05;2.72;6.78
GQLKAVVATSSLELG;15;1;9;3;1|3|5;1472.7;-0.0;4.04;6.0
DHFVVFGAVESLSEV;15;1;9;3;1|4|5;1634.81;-2.9;5.72;4.13
AADRIIDLLSRARDS;15;0;none;2;1|5;1671.88;0.0;-3.91;6.09
PPNFWAWLIAQVKTV;15;2;9|10;3;1|3|5;1770.11;1.0;5.71;9.18
GYAGASAAATPLTPF;15;1;9;2;3|5;1394.55;-0.0;6.53;5.52
DHFVLFGAVESLSEV;15;1;9;3;1|4|5;1648.84;-2.9;5.7;4.13
AMFLLAIVVDVVINL;15;2;9|10;2;1|5;1630.07;-1.0;11.65;4.05
AIVVAAIAAVVAVAA;15;1;9;2;1|5;1308.63;-0.0;13.12;5.57
HPSLGTIDDFDDFVS;15;1;9;4;1|3|4|5;1664.75;-3.9;2.09;4.05
GYAGASAAATQLTPF;15;1;9;2;3|5;1425.56;-0.0;5.56;5.52
NSGFGNAGTNNSGFF;15;2;8|9;2;3|5;1490.51;-0.01;2.58;5.53
DLTAAVVGAAAVGYL;15;1;9;3;3|4|5;1390.6;-1.0;8.73;4.05
ATGVVIHVVADAAAL;15;1;9;2;1|5;1406.65;-0.9;8.99;5.08
TLADLEDMASAWVEH;15;2;9|10;3;1|4|5;1687.85;-3.9;2.6;4.05
DDQLLAWAADDLVTV;15;2;9|10;3;1|4|5;1644.8;-4.0;3.51;4.05
FSVGWLYWYFWVIVV;15;2;9|10;2;1|5;1964.34;-0.01;12.39;5.52
TLADLEDIASAWVEH;15;2;9|10;3;1|4|5;1669.81;-3.9;3.34;4.05
LAMEGLAAFFFESTF;15;2;9|10;2;1|5;1680.95;-2.0;8.15;4.05
AWLIMLMTSPPTRAA;15;2;9|10;3;1|3|5;1659.06;1.0;4.88;9.8
CEQEGVVVDDAVYPL;15;2;9|10;3;1|3|5;1635.81;-4.04;3.02;4.05
TALGASITNLSSPLV;15;1;9;2;3|5;1443.66;-0.01;6.06;5.18
AGWLGSVAAAAEAVA;15;2;9|10;2;3|5;1343.5;-1.0;8.41;4.05
MSQLSFFAAESVPPP;15;3;6|9|10;2;3|5;1607.85;-1.0;4.63;4.05
AVVTFNVVAFTVAEV;15;1;9;2;1|5;1565.83;-1.0;9.1;4.05
LVAEILRIISGGRLI;15;1;9;3;1|3|5;1623.02;1.0;5.38;9.6
TCWFARALELRTLLI;15;2;9|10;2;1|5;1806.21;0.95;3.25;7.91
ELFVAAYVPYVAWLV;15;2;9|10;3;1|4|5;1740.08;-1.0;10.2;4.05
MSQLSFFAAESVPPA;15;2;9|10;2;3|5;1581.81;-1.0;5.13;4.05
GLIALLIAFALTTNV;15;1;9;2;1|5;1529.89;-0.0;10.73;5.53
PCFGAIQRQTTSTPG;15;2;9|10;2;3|5;1563.76;0.96;0.12;8.68
CGCGGYLWSMLKRVE;15;2;9|10;4;1|3|4|5;1702.06;0.91;1.98;8.05
AGGAGGAGGIGAGGA;15;1;9;2;3|5;1000.04;-0.0;8.8;5.57
HADWNNQSIVKTGERQ;16;2;9|10;3;1|4|5;1883.02;0.09;-5.19;6.75
GIVQQQNNLLRAIEA;15;1;9;2;1|5;1666.9;-0.0;0.3;6.0
LPWKTTEQDLKEYFS;15;1;10;2;1|5;1885.11;-1.0;-2.01;4.68
SKDSTYSLSSTLTLS;15;1;9;1;5;1589.72;-0.01;-0.19;5.55
QEFFWDANDIY;11;2;8|10;2;1|5;1447.52;-3.0;1.28;4.05
EFFWDANDI;9;1;10;3;1|4|5;1156.22;-3.0;1.87;4.05
IGRWYSRTMSKTQRM;15;1;10;3;1|2|5;1901.26;4.0;-6.19;11.72
TAEIRLMCTKTYLDT;15;1;10;2;1|5;1759.08;-0.05;-0.56;5.73
IQTLTLFLTLGGVLL;15;1;9;3;1|3|5;1601.99;-0.0;9.97;5.53
GGLPQSGRIVVDYMV;15;2;9|10;3;1|3|5;1590.87;-0.0;3.68;5.84
DTKIDLWSYNAELLV;15;2;9|10;3;1|4|5;1780.01;-2.0;2.28;4.05
RTKIRQLPNLLRGYE;15;1;9;5;1|2|3|4|5;1857.2;2.99;-6.09;10.9
LTVPSERGLQRRRFV;15;1;9;4;1|2|3|5;1814.13;3.0;-5.87;12.0
GIFENSCLETMEAVQ;15;1;10;2;1|5;1670.89;-3.04;2.66;4.05
VFHTMWHVTRGAFLVRNGK;19;2;9|10;5;1|2|3|4|5;2256.68;3.2;1.47;12.0
SSVFNVVNSSIGLIM;15;2;9|10;2;1|5;1566.84;-0.01;7.09;5.24
WVDGNCEDIPHVNEFSAIDLFE;22;2;7|10;4;1|3|4|5;2549.76;-5.94;3.62;4.05
ISKIENEIETLVENIKKDEE;20;0;none;3;1|4|5;2373.64;-3.99;-3.97;4.44
VCQRHSPDCSRLVGATPER;19;2;9|10;5;1|2|3|4|5;2111.4;1.01;-5.75;8.05
SEFAYGSFVRTVSLPVGADE;20;1;9;4;1|3|4|5;2131.33;-2.0;3.76;4.43
HIVMQYMYVPPGAPIPTTRN;20;2;9|10;4;2|3|4|5;2285.73;1.09;3.64;8.6
LWANLRLDQGFRKWE;15;2;9|10;3;1|4|5;1932.22;1.0;-2.74;8.75
TAIKHRAKITMA;12;1;10;3;1|2|5;1340.66;3.09;-0.77;11.17
IIIEKFSTDRTTRGQ;15;0;none;3;1|2|5;1765.0;1.0;-3.57;8.75
RKVSSTMRSLVAVIN;15;2;9|10;4;1|2|4|5;1661.01;2.99;-0.99;12.0
VRMRLINIDRIHIKN;15;1;10;3;1|2|5;1891.33;3.1;-3.65;11.71
RFLGFLLGVGSAIAS;15;1;9;4;1|3|4|5;1507.8;0.99;7.81;9.75
