sequence;synthesis_flag;length;syn_failed;syn_rules;sol_failed;sol_rules;discard
SELLTPLGIDLDEW;TRUE;14;2;9|10;3;1|3|5;1
KEITVATSRTLSYY;TRUE;14;1;9;2;4|5;0
KENSYTTTIKPVTY;TRUE;14;1;9;2;4|5;0
QELGKYEQYIKWPW;TRUE;14;2;8|10;3;1|3|5;1
AESHVDTDLTKPY;TRUE;13;0;none;2;1|5;0
QEYADVFHLYLQY;TRUE;13;2;8|9;2;1|5;1
VETFYPKLQSSQAW;TRUE;14;2;9|10;1;5;1
HEIAWYTERSEKSY;TRUE;14;2;9|10;3;1|4|5;1
DCEEEEFEPSTQY;TRUE;13;2;9|10;3;1|4|5;1
GELGDVRETMSYLF;TRUE;14;2;9|10;3;1|3|5;1
QESFGGASCCLY;TRUE;12;3;8|9|10;2;3|5;1
TVYSDVENPHLMGW;TRUE;14;1;10;3;1|3|5;0
TEHSWNADLY;TRUE;10;1;10;2;1|5;0
IPIQASLPF;TRUE;9;1;9;2;3|5;0
IPYNSVTSSIVI;TRUE;12;1;9;1;5;0
PYIVGDVV;TRUE;8;1;9;3;1|3|5;0
NPNYEDLLI;TRUE;9;1;8;2;1|5;0
YMPASWVMRI;TRUE;10;2;9|10;2;1|5;1
DYVYLPYPDPSRI;TRUE;13;2;7|9;4;1|3|4|5;1
FAFACPDGVKHVY;TRUE;13;3;7|9|10;3;1|3|5;1
FPNITNLCPFGEVF;TRUE;14;2;9|10;3;1|3|5;1
VPVAIHADQLTPTW;TRUE;14;2;9|10;3;1|3|5;1
TPFEIKLAKKFDTF;TRUE;14;0;none;2;1|5;0
QPYPNASFDNFKF;TRUE;13;2;8|9;2;3|5;1
YPDPSRILGAGCF;TRUE;13;3;7|9|10;3;1|3|5;1
HPNQEYADVFHLY;TRUE;13;0;none;3;1|4|5;0
VAIKITEHSW;TRUE;10;1;10;2;1|5;0
VAIHADQLTPTW;TRUE;12;2;9|10;2;1|5;1
KVTKGKAKKGAW;TRUE;12;1;10;5;1|2|3|4|5;0
RYMSALNHTKKW;TRUE;12;2;9|10;4;1|2|4|5;1
YANGGKGFCKLHNW;TRUE;14;2;9|10;4;1|2|3|5;1
RTIKGTHHWLLL;TRUE;12;1;10;4;1|2|4|5;0
KGVAPGTAVLRQW;TRUE;13;2;9|10;5;1|2|3|4|5;1
RSYLTPGDSSSGW;TRUE;13;2;9|10;3;3|4|5;1
KWDLTAFGLVAEW;TRUE;13;2;9|10;3;1|4|5;1
LTNDVSFLAHIQW;TRUE;13;2;9|10;2;1|5;1
QSAVKRTIKGTHHW;TRUE;14;2;8|10;3;1|2|5;1
YVYNPFMIDVQQW;TRUE;13;2;9|10;2;1|5;1
GSVAIKITEHSW;TRUE;12;2;9|10;2;1|5;1
TSPISEHDYQIGGY;TRUE;14;1;9;2;3|5;0
NLDSKVGGNYNYLY;TRUE;14;2;8|9;2;3|5;1
VTRELMRELNGGAY;TRUE;14;2;9|10;3;1|3|5;1
QSDIEVTGDSCNNY;TRUE;14;3;8|9|10;1;5;1
LTLDNQDLNGNWY;TRUE;13;2;9|10;2;1|5;1
RNRDVDTDFVNEFY;TRUE;14;0;none;3;1|4|5;0
YTFEKGDYGDAVVY;TRUE;14;0;none;3;1|3|5;0
KLFIRQEEVQEL;TRUE;12;0;none;3;1|4|5;0
SKNPLLYDANYFL;TRUE;13;1;9;2;1|5;0
YTVELGTEV;TRUE;9;0;none;2;1|5;0
YMHHMELPTGV;TRUE;11;2;9|10;3;1|3|5;1
ALLEDEFTPFDVV;TRUE;13;0;none;2;1|5;0
FLLPSLATVA;TRUE;10;1;9;2;1|5;0
VMCGGSLYV;TRUE;9;2;9|10;3;1|3|5;1
NLWNTFTRL;TRUE;9;3;8|9|10;2;1|5;1
SVIDLLLDDFVEI;TRUE;13;0;none;2;1|5;0
SLVPGFNEKTHV;TRUE;12;1;9;3;1|3|5;0
TLATHGLAA;TRUE;9;0;none;1;5;0
AIASEFSSL;TRUE;9;0;none;1;5;0
VVFDEISMA;TRUE;9;1;10;2;1|5;0
KLALGGSVAI;TRUE;10;1;9;4;1|3|4|5;0
TLSEQLDFI;TRUE;9;0;none;2;1|5;0
YIVGDVVQEGV;TRUE;11;0;none;3;1|3|5;0
ASFDNFKFV;TRUE;9;0;none;2;1|5;0
ALNNIINNA;TRUE;9;1;9;1;5;0
KTFPPTEPKKDKKK;TRUE;14;1;9;5;1|2|3|4|5;0
TVYDPLQPELDSFK;TRUE;14;1;7;4;1|3|4|5;0
KHCLHVVGPNVNK;TRUE;13;2;9|10;5;1|2|3|4|5;1
AIDYKHYTPSFKK;TRUE;13;1;9;4;1|2|4|5;0
RVIGHSMQNCVLK;TRUE;13;2;9|10;4;1|2|4|5;1
KLMVVIPDYNTYK;TRUE;13;2;9|10;3;1|4|5;1
STFKCYGVSPTK;TRUE;12;2;9|10;4;2|3|4|5;1
ATYYLFDESGEFK;TRUE;13;1;9;3;1|4|5;0
AKHCLHVVGPNVNK;TRUE;14;2;9|10;5;1|2|3|4|5;1
ASMPTTIAKNTVK;TRUE;13;2;9|10;3;2|4|5;1
TFSSTFNVPMEK;TRUE;12;2;9|10;3;1|4|5;1
AVANGDSEVVLKK;TRUE;13;1;9;3;1|4|5;0
AWQPGVAMPNLYK;TRUE;13;2;9|10;3;3|4|5;1
IYKTPPIKDFGGF;TRUE;13;0;none;3;1|3|5;0
NFYEPQIITTDNTF;TRUE;14;2;8|9;1;5;1
AYYRARAGEAANF;TRUE;13;0;none;1;5;0
RYVLMDGSIIQF;TRUE;12;3;7|9|10;3;1|4|5;1
VYYGNALDQAISMW;TRUE;14;2;9|10;1;5;1
VYKQFDTYNLWNTF;TRUE;14;2;9|10;2;1|5;1
AYYVGYLQPRTF;TRUE;12;1;9;2;3|5;0
VIEVQGYKSVNITF;TRUE;14;1;9;2;1|5;0
TYASQGLVASIKNF;FALSE;14;1;9;1;5;0
FYEPQIITTDNTF;FALSE;13;1;9;2;1|5;0
SYSGQSTQLGIEF;TRUE;13;1;9;2;3|5;0
YLTFYLTNDVSF;TRUE;12;1;9;2;1|5;0
IYTELEPPCRF;TRUE;11;1;10;3;1|3|5;0
TYFTQSRNLQEF;TRUE;12;1;9;1;5;0
RQWLPTGTLL;TRUE;10;2;9|10;4;1|3|4|5;1
NSFTRGVYY;TRUE;9;1;8;1;5;0
DSSSGWTAGAAAYY;TRUE;14;2;9|10;3;3|4|5;1
YTMSLGAENSVAY;TRUE;13;2;9|10;1;5;1
TTYPGQGLNGY;TRUE;11;1;9;2;3|5;0
ETISLAGSYKDWSY;TRUE;14;2;9|10;2;4|5;1
EVTGDSCNNYMLTY;TRUE;14;2;9|10;2;4|5;1
NVIPTITQMNLKY;TRUE;13;3;8|9|10;2;1|5;1
SVMLTNDNTSRY;TRUE;12;2;9|10;1;5;1
DYGDAVVYRGTTTY;TRUE;14;1;9;3;3|4|5;0
YVVDDPCPIHFY;TRUE;12;2;7|10;3;1|3|5;1
TLADAGFIKQY;TRUE;11;0;none;2;1|5;0
SVPWDTIANY;TRUE;10;2;9|10;1;5;1
SFLPGVYSVIYLY;TRUE;13;1;9;3;1|3|5;0
RYFKYWDQTY;TRUE;10;1;10;3;1|4|5;0
NTNPIQLSSY;TRUE;10;2;8|9;1;5;1
YSRYRIGNYK;TRUE;10;0;none;3;2|4|5;0
KSREETGLLM;TRUE;10;2;9|10;3;1|4|5;1
KLKKSLNVAK;TRUE;10;1;9;4;1|2|4|5;0
ATRGATVVIGTSK;TRUE;13;1;9;4;2|3|4|5;0
VLHDIGNPK;TRUE;9;0;none;4;1|3|4|5;0
RVAGDSGFAAYSRY;TRUE;14;1;9;3;3|4|5;0
RVYSSANNCTFEY;TRUE;13;2;9|10;2;4|5;1
VSSPDAVTAY;TRUE;10;1;9;1;5;0
KFNPPALQDAYY;TRUE;12;1;9;3;3|4|5;0
KYFSGAMDTTSY;TRUE;12;2;9|10;2;4|5;1
RTQLPPAYTNSFTR;TRUE;14;1;9;4;2|3|4|5;0
SFTRGVYYPDKVFR;TRUE;14;1;9;5;1|2|3|4|5;0
RFASVYAWNRKR;TRUE;12;2;9|10;4;1|2|4|5;1
RVYSTGSNVFQTR;TRUE;13;1;9;3;2|4|5;0
TTFDSEYCR;TRUE;9;1;10;3;1|4|5;0
KFRIDGDMVPHISR;TRUE;14;2;7|10;5;1|2|3|4|5;1
IINNTVYTK;TRUE;9;1;9;2;4|5;0
LSWEVGKPR;TRUE;9;1;10;4;1|3|4|5;0
STQDLFLPF;TRUE;9;1;9;2;1|5;0
GVVDYGARF;TRUE;9;0;none;3;1|3|5;0
KMFDAYVNTFSSTF;FALSE;14;2;9|10;3;1|4|5;1
ALWEIQQVV;FALSE;9;2;9|10;2;1|5;1
FTRGVYYPDKVFR;TRUE;13;1;9;5;1|2|3|4|5;0
DFIDTKRGVYCCR;TRUE;13;2;9|10;3;1|4|5;1
ETFVTHSKGLYR;TRUE;12;0;none;4;1|2|4|5;0
EYYHTTDPSFLGR;TRUE;13;2;7|9;4;1|3|4|5;1
NYSGVVTTVMFLAR;TRUE;14;3;8|9|10;3;1|4|5;1
DWYDFVENPDILR;TRUE;13;1;10;3;1|4|5;0
TFKLSYGIATVR;TRUE;12;1;9;4;1|2|4|5;0
DYVPLKSATCITR;TRUE;13;2;9|10;3;1|4|5;1
AVFDKNLYDK;TRUE;10;0;none;3;1|4|5;0
VIPDYNTYK;TRUE;9;0;none;2;4|5;0
TVFPPTSFGPLVRK;TRUE;14;1;9;5;1|2|3|4|5;0
NVAFELWAKR;TRUE;10;2;8|10;3;1|4|5;1
YVVDDPCPI;TRUE;9;2;7|10;3;1|3|5;1
ATATIPIQA;TRUE;9;1;9;1;5;0
FVFPLNSII;TRUE;9;1;9;2;1|5;0
TTYPGQGLNGYTV;TRUE;13;1;9;2;3|5;0
TTNGDFLHFL;TRUE;10;0;none;2;1|5;0
TVFPPTSFGPLV;TRUE;12;1;9;2;3|5;0
KEDLKFPRGQGVPI;TRUE;14;1;9;4;1|3|4|5;0
SPARMAGNGGDAAL;TRUE;14;2;9|10;2;3|5;1
LPKEITVATSRTL;TRUE;13;1;9;2;1|5;0
APKEIIFLEGETL;TRUE;13;0;none;3;1|3|5;0
KPNELSRVLGLKTL;TRUE;14;0;none;5;1|2|3|4|5;0
KPVPYCYDTNVL;TRUE;12;2;9|10;4;1|3|4|5;1
LPAPRTLLTKGTL;TRUE;13;0;none;4;1|2|3|5;0
SLEIPRRNVATL;TRUE;12;1;9;2;1|5;0
APAHISTIGVCSM;TRUE;13;2;9|10;3;1|3|5;1
KPRSQMEIDFLEL;TRUE;13;1;10;3;1|4|5;0
RVLQKAAI;TRUE;8;0;none;4;1|2|4|5;0
VLKLKVDTA;TRUE;9;0;none;2;1|5;0
VPQEHYVRI;TRUE;9;0;none;2;1|5;0
AQFAPSASAFF;TRUE;11;1;9;1;5;0
SQRVAGDSGFAAY;TRUE;13;1;9;2;3|5;0
LMRELNGGAY;TRUE;10;2;9|10;3;1|3|5;1
TQYEYGTEDDY;TRUE;11;0;none;1;5;0
VLMDGSIIQFPNTY;TRUE;14;3;7|9|10;3;1|3|5;1
LSFKELLVY;TRUE;9;0;none;2;1|5;0
TTLPVNVAF;TRUE;9;1;9;1;5;0
FDNPVLPFNDGVYF;TRUE;14;2;7|9;3;1|3|5;1
VAELEGIQY;TRUE;9;0;none;2;1|5;0
VPMEKLKTL;TRUE;9;1;10;2;1|5;0
TPFDVVRQCSGVTF;TRUE;14;2;9|10;3;1|3|5;1
FAQDGNAAISDY;TRUE;12;2;7|9;1;5;1
FAQDGNAAISDYDY;TRUE;14;2;7|9;1;5;1
MPLSAPTLVPQEHY;TRUE;14;2;9|10;2;3|5;1
TESIVRFPNITNL;TRUE;13;1;9;2;1|5;0
KEIDRLNEVAKNL;TRUE;13;0;none;3;1|4|5;0
AEYHNESGLKTIL;TRUE;13;0;none;2;1|5;0
GELGDVRETMSYL;TRUE;13;2;9|10;3;1|3|5;1
RRAFGEYSHVVAF;TRUE;13;0;none;4;1|2|4|5;0
YEQAVANGDSEVVL;TRUE;14;1;9;2;1|5;0
RELGVVHNQDVNL;TRUE;13;0;none;3;1|4|5;0
MSRIGMEVTPSGTW;TRUE;14;2;9|10;3;1|3|5;1
DFAFNNWFLLTNTSS;TRUE;15;2;9|10;3;1|4|5;1
TNTSSVVDGVVRSFQ;TRUE;15;2;7|9;2;1|5;1
NETTSAFVGALPKTV;TRUE;15;2;8|9;2;3|5;1
SYADVLVNVSQTSIA;TRUE;15;1;9;1;5;0
YHKHTFIVLYVDFKP;TRUE;15;1;9;3;1|2|5;0
NVGRWSASINTGNCP;TRUE;15;3;8|9|10;2;3|5;1
TSGNLLGFKDVTKGT;TRUE;15;1;9;3;1|3|5;0
PKFFYASNGTYNCTD;TRUE;15;2;9|10;3;3|4|5;1
ASNGTYNCTDAVLTY;TRUE;15;2;9|10;1;5;1
SNWTTSVQVEYLQIT;FALSE;15;2;9|10;1;5;1
KKAFTLANVSSFGDY;TRUE;15;1;9;3;1|4|5;0
LAIQARLNYVALQTD;TRUE;15;1;9;3;1|4|5;0
ALQTDVLQENQKILA;TRUE;15;0;none;2;1|5;0
TLTKYTEVRASRQLA;TRUE;15;0;none;3;1|2|5;0
EAWSGLCVDGTNGYV;TRUE;15;3;7|9|10;4;1|3|4|5;1
VTFVNISRSELQTIV;FALSE;15;1;9;2;1|5;0
CCCSTGCCGFFSCFA;TRUE;15;2;9|10;3;1|3|5;1
QKPFLSDFNNGIFSR;TRUE;15;2;8|9;4;1|3|4|5;1
AYYADSGMPTTFLFS;TRUE;15;2;9|10;2;3|5;1
YWVTPLSKRQYLLKF;TRUE;15;2;9|10;3;1|2|5;1
VKPVATVHRRIPDLP;TRUE;15;1;9;4;1|2|3|5;0
KWLNNFNVPSPLNWE;TRUE;15;2;9|10;4;1|3|4|5;1
FNVPSPLNWERKIFS;TRUE;15;2;9|10;3;1|3|5;1
PSSWNRRYGFNNFNL;TRUE;15;2;9|10;3;2|3|5;1
RRYGFNNFNLSSHSV;TRUE;15;1;9;4;1|2|4|5;0
NNFNLSSHSVVYSRY;TRUE;15;2;8|9;2;2|5;1
DHTDWCRCSCLPDPI;TRUE;15;3;7|9|10;4;1|3|4|5;1
CRCSCLPDPITAYDP;TRUE;15;3;7|9|10;3;1|3|5;1
GWSYDTCVSNNRCNI;TRUE;15;2;9|10;2;1|5;1
ALLYRNLKCSYVLNN;TRUE;15;2;9|10;3;1|2|5;1
SSSSSRRKRRSISAS;TRUE;15;1;9;2;2|5;0
RRKRRSISASYRFVT;TRUE;15;1;9;4;1|2|4|5;0
FIQTNSPKVTIDCSL;TRUE;15;2;9|10;2;1|5;1
SPKVTIDCSLFVCSN;FALSE;15;2;9|10;2;1|5;1
IDCSLFVCSNYAACH;TRUE;15;2;9|10;3;1|4|5;1
GGSEIRDLLCVQSFN;TRUE;15;2;9|10;3;1|3|5;1
MFPPWSAAAGIPFSL;TRUE;15;2;9|10;2;3|5;1
AQALNSLLQQLFNKF;TRUE;15;1;9;2;1|5;0
LFNKFGAISSSLQEI;FALSE;15;1;9;2;1|5;0
DVGIAPKQGYFIKHN;TRUE;15;1;9;5;1|2|3|4|5;0
GTYEMYVKWPWYVWL;TRUE;15;2;9|10;3;1|3|5;1
YVKWPWYVWLLISFS;TRUE;15;2;9|10;2;1|5;1
NGFFYIDVGNHRSAF;TRUE;15;2;8|9;3;1|3|5;1
CVFSVVNATVTVNVT;TRUE;15;2;9|10;2;1|5;1
PFNNWFLLTNGSTLV;FALSE;15;2;9|10;3;1|3|5;1
WPVPGLKSSTGFVYF;TRUE;15;2;9|10;3;1|3|5;1
SLDNLKSGVIVFKTL;TRUE;15;1;9;2;1|5;0
VDVLVNVSATNIQNL;FALSE;15;1;9;2;1|5;0
WHIYLKSGTCPFSFS;TRUE;15;2;9|10;4;1|2|3|5;1
LYVTWSEGNSITGVP;TRUE;15;2;9|10;2;3|5;1
LLGFKNVSTGNIFIV;TRUE;15;1;9;3;1|3|5;0
LPNFYYVSNGGNNCT;TRUE;15;2;9|10;2;3|5;1
TSTPIVVDCATYVCN;TRUE;15;2;9|10;2;1|5;1
SLANVTSFGDYNLSS;TRUE;15;1;9;1;5;0
SIADLACAQYYNGIM;TRUE;15;2;9|10;1;5;1
VALQTDVLQENQKIL;TRUE;15;1;9;2;1|5;0
DVVNQQGSALNHLTS;TRUE;15;1;9;2;4|5;0
QGSALNHLTSQLRHN;TRUE;15;2;8|9;2;2|5;1
NHLTSQLRHNFQAIS;TRUE;15;2;8|9;3;1|2|5;1
TDYKNVKAWSGICVD;TRUE;15;2;9|10;3;1|4|5;1
NISRVELHTVIPDYV;TRUE;15;1;8;2;1|5;0
SLFQTTVELQGLIDQ;TRUE;15;1;9;2;1|5;0
KDTGPPPISTDTVDV;TRUE;15;2;6|9;4;1|3|4|5;1
LWFKPPFLSDFINGI;TRUE;15;2;9|10;3;1|3|5;1
QDGYNKLQGLLEVSV;TRUE;15;3;7|8|9;3;1|3|5;1
RKELWHLDTGVVSCL;TRUE;15;2;9|10;3;1|4|5;1
WVTPLTSRQYLLAFN;TRUE;15;2;9|10;2;1|5;1
WLNDKSVPSPLNWER;TRUE;15;2;9|10;4;1|3|4|5;1
NIDAAKIYGMCFSSI;TRUE;15;3;8|9|10;2;1|5;1
KIYGMCFSSITIDKF;TRUE;15;2;9|10;3;1|4|5;1
CFSSITIDKFAIPNG;TRUE;15;2;9|10;3;1|3|5;1
GKNNGIGTCPAGTNY;TRUE;15;2;9|10;2;3|5;1
NYDLYGILGQGIFVE;TRUE;15;2;8|9;4;1|3|4|5;1
YNSWQNLLYDSNGNL;TRUE;15;2;9|10;1;5;1
GSGYCVDYSKNRRSR;TRUE;15;2;9|10;5;1|2|3|4|5;1
LMNGVTLSTKLKDGV;TRUE;15;3;7|9|10;3;1|3|5;1
RSAIEDLLFDKVKLS;TRUE;15;0;none;3;1|4|5;0
LWTAAAGVPFYLNVQ;TRUE;15;2;9|10;2;3|5;1
LNNLLQQLSNRFGAI;TRUE;15;1;9;2;1|5;0
KFSAAQAMEKVNECV;TRUE;15;2;9|10;3;1|4|5;1
PGLCIAGDRGIAPKS;TRUE;15;2;9|10;3;1|3|5;1
LNTSIPNLPDFKEEL;TRUE;15;1;9;3;1|3|5;0
YTGYQELVIKTSHDD;TRUE;15;1;9;3;1|4|5;0
RDHTFCVGSLIFHTIGQLLP;TRUE;20;2;9|10;4;1|3|4|5;1
WTSPRFVETTRSSSFLTSLP;TRUE;20;2;9|10;2;3|5;1
FGNGQFNFSEPLNGCTMQLS;TRUE;20;2;9|10;2;3|5;1
WPLSSSVPSQKTYQVSYGFR;TRUE;20;2;9|10;4;2|3|4|5;1
NIDLSNDKKWKLQLHELTKL;TRUE;20;2;8|10;3;1|2|5;1
RAVPDSERVIPPRTTTPYFF;TRUE;20;1;9;4;1|3|4|5;0
PQSGVPALSASTPSHRTPPSSQ;TRUE;22;1;9;3;2|3|5;0
PQSGVPALSASTPSHRTPPS;TRUE;20;1;9;3;2|3|5;0
YLQPRTFLL;TRUE;9;0;none;2;1|5;0
FIAGLIAIV;TRUE;9;1;9;2;1|5;0
ALNLGETFV;TRUE;9;1;9;2;1|5;0
FLPGVYSVI;TRUE;9;1;9;3;1|3|5;0
LMIERFVSL;TRUE;9;1;10;2;1|5;0
SLVKPSFYV;TRUE;9;1;9;2;1|5;0
YLFDESGEFKL;TRUE;11;0;none;2;1|5;0
FVVPGLPGTI;TRUE;10;1;9;3;1|3|5;0
IQPGQTFSV;TRUE;9;1;9;2;3|5;0
YYVGYLQPRTF;TRUE;11;1;9;2;3|5;0
AYSNNSIAIPTNF;TRUE;13;1;9;1;5;0
TYLEGSVRVVTTF;FALSE;13;1;9;2;1|5;0
KYKFVRIQPGQTF;TRUE;13;1;9;5;1|2|3|4|5;0
VYMPASWVMRIMTW;TRUE;14;2;9|10;2;1|5;1
SYYCKSHKPPISF;TRUE;13;2;9|10;4;1|2|3|5;1
RYPANSIVCRF;TRUE;11;2;9|10;4;1|2|4|5;1
EVFNATRFASVY;TRUE;12;1;9;3;1|4|5;0
FVTHSKGLY;TRUE;9;0;none;3;1|2|5;0
EVGHTDLMAAY;FALSE;11;2;9|10;3;1|4|5;1
DVTQLYLGGMSYY;TRUE;13;2;9|10;3;3|4|5;1
DAVVYRGTTTY;TRUE;11;1;9;2;4|5;0
EIVDTVSALVY;TRUE;11;1;9;3;1|4|5;0
EAVKTQFNY;TRUE;9;1;9;2;4|5;0
LTDEMIAQY;TRUE;9;2;9|10;2;1|5;1
FLFVAAIFY;TRUE;9;1;9;2;1|5;0
WFSQRGGSY;TRUE;9;1;10;2;3|5;0
RLYYDSMSY;TRUE;9;1;10;2;4|5;0
AYKIEELFY;TRUE;9;0;none;2;1|5;0
ASKIITLKK;TRUE;9;0;none;4;1|2|4|5;0
KSILSPLYA;TRUE;9;1;9;2;4|5;0
RVFSAVGNI;TRUE;9;1;9;3;1|4|5;0
ALRANSAVK;TRUE;9;1;9;3;2|4|5;0
VVYRGTTTY;TRUE;9;1;9;1;5;0
LTRNPAWRK;TRUE;9;1;10;4;1|2|4|5;0
SGFAAYSRY;TRUE;9;1;9;1;5;0
GWTAGAAAYY;TRUE;10;2;9|10;2;3|5;1
LIISVTSNY;TRUE;9;1;9;1;5;0
HFYSKWYIR;TRUE;9;1;10;4;1|2|4|5;0
RGVYYPDKVFR;TRUE;11;1;9;5;1|2|3|4|5;0
KSNLKPFER;TRUE;9;0;none;4;1|2|4|5;0
GTHWFVTQR;TRUE;9;2;9|10;4;1|2|4|5;1
KFNPPALQDAYYR;TRUE;13;1;9;3;3|4|5;0
KYFSGAMDTTSYR;TRUE;13;2;9|10;2;4|5;1
SICSTMTNR;TRUE;9;2;9|10;2;4|5;1
KGLPWNVVR;TRUE;9;2;9|10;5;1|2|3|4|5;1
GTYEGNSPF;TRUE;9;1;9;2;3|5;0
RTNVYLAVF;TRUE;9;1;9;3;1|4|5;0
VVAFNTLLF;TRUE;9;1;9;2;1|5;0
RVVFNGVSF;TRUE;9;1;9;3;1|4|5;0
SLLMPILTL;TRUE;9;2;9|10;2;1|5;1
AMYTPHTVL;TRUE;9;2;9|10;1;5;1
VMHANYIFW;TRUE;9;2;9|10;2;1|5;1
FASVYAWNR;TRUE;9;2;9|10;2;4|5;1
HFVNLDNLR;TRUE;9;0;none;3;1|4|5;0
YFSGAMDTTSYR;TRUE;12;2;9|10;2;4|5;1
EGNFYGPFVDR;TRUE;11;1;9;4;1|3|4|5;0
EYADVFHLYLQYIR;TRUE;14;1;9;3;1|4|5;0
NTVIWDYKR;TRUE;9;3;8|9|10;3;1|4|5;1
NASVVNIQK;TRUE;9;2;8|9;2;4|5;1
TTDPSFLGR;TRUE;9;2;7|9;3;3|4|5;1
WVLNNDYYR;TRUE;9;2;9|10;3;1|4|5;1
TVFPPTSFGPLVR;TRUE;13;1;9;4;1|3|4|5;0
HVASCDAIMTR;TRUE;11;1;10;3;1|4|5;0
ETLGVLVPHV;FALSE;10;1;9;4;1|3|4|5;0
YTVEEAKTV;TRUE;9;0;none;2;1|5;0
YVWKSYVHV;TRUE;9;1;10;3;1|2|5;0
TTLNDFNLV;TRUE;9;0;none;2;1|5;0
YTACSHAAV;TRUE;9;2;9|10;1;5;1
LVKPSFYVY;TRUE;9;1;9;2;1|5;0
RQIAPGQTGKIADY;TRUE;14;1;9;3;3|4|5;0
LIRKSNHNF;TRUE;9;0;none;3;1|2|5;0
YQKVGMQKY;TRUE;9;1;10;2;2|5;0
SQAWQPGVAM;TRUE;10;2;9|10;2;3|5;1
GAISSVLNDILSRLD;TRUE;15;1;9;3;1|4|5;0
KLIANQFNSAIGKIQ;TRUE;15;1;9;4;1|2|4|5;0
TLVKQLSSNFGAISS;TRUE;15;1;9;1;5;0
STECSNLLLQYGSFC;TRUE;15;2;9|10;2;1|5;1
LVDLPIGINITRFQT;TRUE;15;1;9;3;1|3|5;0
RFASVYAWNRKRISN;TRUE;15;2;9|10;4;1|2|4|5;1
TQTNSPRRARSVASQ;TRUE;15;1;9;2;2|5;0
FKNHTSPDVDLGDIS;TRUE;15;0;none;3;1|3|5;0
VSSQCVNLTTRTQLP;TRUE;15;2;9|10;1;5;1
CEFQFCNDPFLGVYY;TRUE;15;3;7|9|10;3;1|3|5;1
IVRFPNITNLCPFGE;TRUE;15;2;9|10;4;1|3|4|5;1
YAWNRKRISNCVADY;TRUE;15;2;9|10;3;1|2|5;1
VVLSFELLHAPATVC;TRUE;15;2;9|10;2;1|5;1
GTNTSNQVAVLYQDV;TRUE;15;1;9;1;5;0
ECDIPIGAGICASYQ;TRUE;15;2;9|10;4;1|3|4|5;1
KQIYKTPPIKDFGGF;TRUE;15;0;none;5;1|2|3|4|5;0
TTAPAICHDGKAHFP;TRUE;15;3;7|9|10;3;1|3|5;1
HWFVTQRNFYEPQII;TRUE;15;2;9|10;3;1|4|5;1
VVNIQKEIDRLNEVA;TRUE;15;1;9;2;1|5;0
WTFGAGAALQIPFAM;FALSE;15;2;9|10;2;3|5;1
NDMILSLLSKGRLII;TRUE;15;3;8|9|10;2;1|5;1
ICGFIQQKLALGGSV;TRUE;15;2;9|10;3;1|3|5;1
GFFTYICGFIQQKLA;TRUE;15;2;9|10;3;1|3|5;1
QNYGDSATLPKGIMM;TRUE;15;3;8|9|10;2;3|5;1
QAWQPGVAMPNLYKM;TRUE;15;3;8|9|10;2;3|5;1
LAKRFKESPFELEDF;TRUE;15;0;none;2;1|5;0
FTQSRNLQEFKPRSQ;TRUE;15;0;none;3;1|2|5;0
FRNARNGVLITEGSV;TRUE;15;1;9;3;1|3|5;0
VIWDYKRDAPAHIST;TRUE;15;1;10;2;1|5;0
HFDGQQGEVPVSIIN;FALSE;15;2;7|9;4;1|3|4|5;1
VNKHAFHTPAFDKSA;TRUE;15;0;none;3;1|2|5;0
VEWKFYDAQPCSDKA;TRUE;15;2;9|10;2;1|5;1
DELKINAACRKVQHM;TRUE;15;2;9|10;4;1|2|4|5;1
CWHHSIGFDYVYNPF;TRUE;15;2;9|10;3;1|3|5;1
WAHGFELTSMKYFVK;TRUE;15;1;10;4;1|2|4|5;0
NLSDRVVFVLWAHGF;TRUE;15;3;8|9|10;2;1|5;1
FKHLIPLMYKGLPWN;TRUE;15;2;9|10;4;1|2|3|5;1
WIGFDVEGCHATREA;TRUE;15;1;10;3;1|3|5;0
KMNYQVNGYPNMFIT;TRUE;15;2;9|10;3;3|4|5;1
DYVIFTQTTETAHSC;TRUE;15;2;9|10;3;1|4|5;1
HDVSSAINRPQIGVV;TRUE;15;1;9;4;1|3|4|5;0
FNSVCRLMKTIGPDM;TRUE;15;2;9|10;3;1|3|5;1
ARIVYTACSHAAVDA;TRUE;15;2;9|10;2;1|5;1
FTGYRVTKNSKVQIG;TRUE;15;0;none;4;1|2|3|5;0
WEVGKPRPPLNRNYV;TRUE;15;1;10;4;1|2|3|5;0
QLYLGGMSYYCKSHK;TRUE;15;3;8|9|10;5;1|2|3|4|5;1
RYWEPEFYEAMYTPH;TRUE;15;2;9|10;4;1|3|4|5;1
NQEYADVFHLYLQYI;TRUE;15;2;8|9;2;1|5;1
CWTETDLTKGPHEFC;TRUE;15;1;10;3;1|3|5;0
SMMILSDDAVVCFNS;TRUE;15;2;9|10;2;1|5;1
FNICQAVTANVNALL;TRUE;15;2;9|10;2;1|5;1
ASLVLARKHTTCCSL;TRUE;15;2;9|10;3;1|2|5;1
KLLKSIAATRGATVV;TRUE;15;1;9;4;1|2|4|5;0
LYYDSMSYEDQDALF;TRUE;15;1;10;2;1|5;0
TCFSVAALTNNVAFQ;TRUE;15;2;9|10;1;5;1
FVDGVPFVVSTGYHF;TRUE;15;2;7|9;3;1|3|5;1
DFTEERLKLFDRYFK;TRUE;15;0;none;3;1|4|5;0
DDYFNKKDWYDFVEN;TRUE;15;1;10;3;1|4|5;0
LLKDCPAVAKHDFFK;TRUE;15;2;9|10;4;1|2|4|5;1
AFDIYNDKVAGFAKF;TRUE;15;1;9;2;1|5;0
WKGYGCSCDQLREPM;TRUE;15;2;9|10;3;1|3|5;1
QAITVTPEANMDQES;TRUE;15;3;8|9|10;1;5;1
SDLQDLKWARFPKSD;TRUE;15;1;10;3;1|4|5;0
WEIQQVVDADSKIVQ;TRUE;15;2;9|10;2;1|5;1
TAAKLMVVIPDYNTY;TRUE;15;2;9|10;2;1|5;1
VLKKLKKSLNVAKSE;TRUE;15;1;9;4;1|2|4|5;0
SEFSSLPSYAAFATA;TRUE;15;1;9;1;5;0
KLWAQCVQLHNDILL;TRUE;15;2;9|10;3;1|4|5;1
QGLLPPKNSIDAFKL;TRUE;15;2;8|9;3;1|3|5;1
RRVWTLMNVLTLVYK;TRUE;15;2;9|10;4;1|2|4|5;1
WLDMVDTSLSGFKLK;TRUE;15;2;9|10;3;1|4|5;1
QSTQWSLFFFLYENA;TRUE;15;3;8|9|10;2;1|5;1
LKELLQNGMNGRTIL;TRUE;15;2;9|10;3;1|3|5;1
LLVLVQSTQWSLFFF;TRUE;15;2;9|10;2;1|5;1
WFLNRFTTTLNDFNL;TRUE;15;2;9|10;2;1|5;1
NVLAWLYAAVINGDR;TRUE;15;3;8|9|10;3;1|4|5;1
KLKVDTANPKTPKYK;TRUE;15;0;none;5;1|2|3|4|5;0
GTTTLNGLWLDDVVY;TRUE;15;2;9|10;3;1|3|5;1
YREAACCHLAKALND;TRUE;15;1;10;3;1|4|5;0
IQWMVMFTPLVPFWI;TRUE;15;2;9|10;3;1|3|5;1
YLTFYLTNDVSFLAH;TRUE;15;1;9;3;1|4|5;0
LPGVYSVIYLYLTFY;TRUE;15;1;9;3;1|3|5;0
SGRWVLNNDYYRSLP;TRUE;15;2;9|10;3;1|3|5;1
HGTCERSEAGVCVST;FALSE;15;2;9|10;4;1|3|4|5;1
SGKPVPYCYDTNVLE;TRUE;15;2;9|10;4;1|3|4|5;1
VPGLPGTILRTTNGD;TRUE;15;1;9;3;3|4|5;0
VNVVTTKIALKGGKI;TRUE;15;1;9;4;1|2|3|5;0
RDLGACIDCSARHIN;TRUE;15;2;9|10;3;1|4|5;1
AKNVSLDNVLSTFIS;TRUE;15;1;9;2;1|5;0
LLDQALVSDVGDSAE;TRUE;15;1;9;3;1|4|5;0
YSQLMCQPILLLDQA;TRUE;15;2;9|10;2;1|5;1
DKAGQKTYERHSLSH;TRUE;15;0;none;4;1|2|4|5;0
RDLSLQFKRPINPTD;TRUE;15;1;9;4;1|3|4|5;0
KLHNWNCVNCDTFCA;TRUE;15;2;9|10;3;1|4|5;1
FFASFYYVWKSYVHV;TRUE;15;2;9|10;3;1|2|5;1
CLSGLDSLDTYPSLE;TRUE;15;2;9|10;4;1|3|4|5;1
YREGYLNSTNVTIAT;TRUE;15;1;9;1;5;0
VGKFCLEASFNYLKS;TRUE;15;2;9|10;2;1|5;1
STTTNIVTRCLNRVC;TRUE;15;2;9|10;3;1|2|5;1
NELSRVLGLKTLATH;TRUE;15;1;8;4;1|2|4|5;0
ITEEVGHTDLMAAYV;TRUE;15;2;9|10;2;1|5;1
DVLKSEDAQGMDNLA;TRUE;15;1;10;3;1|4|5;0
NTWCIRCLWSTKPVE;TRUE;15;3;8|9|10;3;1|4|5;1
DVVAIDYKHYTPSFK;TRUE;15;1;9;3;1|4|5;0
YFTEQPIDLVPNQPY;TRUE;15;1;9;2;3|5;0
KQATKYLVQQESPFV;TRUE;15;1;9;3;1|4|5;0
SIKWADNNCYLATAL;TRUE;15;2;9|10;2;1|5;1
ITFDNLKTLLSLREV;TRUE;15;1;9;2;1|5;0
YNGYLTSSSKTPEEH;TRUE;15;1;9;3;3|4|5;0
TSKTTVASLINTLND;FALSE;15;1;9;2;4|5;0
VSWNLREMLAHAEET;TRUE;15;2;9|10;2;1|5;1
EILGTVSWNLREMLA;TRUE;15;2;9|10;3;1|4|5;1
AGGTTEMLAKALRKV;TRUE;15;2;9|10;4;1|2|3|5;1
LVSSFLEMKSEKQVE;TRUE;15;2;9|10;3;1|4|5;1
EDIQLLKSAYENFNQ;TRUE;15;0;none;3;1|4|5;0
KHGGGVAGALNKATN;TRUE;15;1;9;4;2|3|4|5;0
VEVQPQLEMELTPVV;TRUE;15;2;9|10;3;1|3|5;1
QYEYGTEDDYQGKPL;TRUE;15;1;8;2;3|5;0
VSELLTPLGIDLDEW;TRUE;15;2;9|10;3;1|3|5;1
GDDTVIEVQGYKSVN;FALSE;15;0;none;3;1|3|5;0
GETFVTHSKGLYRKC;FALSE;15;1;10;4;1|2|3|5;0
PVLDWLEEKFKEGVE;TRUE;15;1;10;4;1|3|4|5;0
FTSDLATNNLVVMAY;TRUE;15;2;9|10;2;1|5;1
WNIGEQKSILSPLYA;FALSE;15;2;9|10;3;1|3|5;1
DFKLNEEIAIILASF;TRUE;15;1;9;3;1|4|5;0
AYWVPRASANIGCNH;TRUE;15;2;9|10;4;2|3|4|5;1
TENLTKEGATTCGYL;FALSE;15;2;9|10;2;3|5;1
RGVYCCREHEHEIAW;TRUE;15;2;9|10;3;1|4|5;1
WNTKHSSGVTRELMR;TRUE;15;2;9|10;4;1|2|4|5;1
VLVPHVGEIPVAYRK;TRUE;15;1;9;5;1|2|3|4|5;0
GSSGVVNPVMEPIYD;TRUE;15;2;9|10;4;1|3|4|5;1
EKWESGVKDCVVLHS;TRUE;15;1;10;3;1|4|5;0
WKCRSKNPLLYDANY;TRUE;15;2;9|10;3;1|2|5;1
GTVTLKQGEIKDATP;TRUE;15;1;9;3;1|3|5;0
ATSRTLSYYKLGASQ;TRUE;15;1;9;2;2|5;0
MWLSYFIASFRLFAR;TRUE;15;2;9|10;4;1|2|4|5;1
WICLLQFAYANRNRF;TRUE;15;2;9|10;3;1|2|5;1
AIVFITLCFTLKRKT;TRUE;15;2;9|10;3;1|2|5;1
EGNSPFHPLADNKFA;TRUE;15;1;9;4;1|3|4|5;0
RCSFYEDFLEYHDVR;TRUE;15;1;10;3;1|4|5;0
QEPKLGSLVVRCSFY;TRUE;15;3;8|9|10;3;1|3|5;1
FYSKWYIRVGARKSA;TRUE;15;1;10;3;1|2|5;0
QKKQQTVTLLPAADL;TRUE;15;2;8|9;2;1|5;1
TDYKHWPQIAQFAPS;TRUE;15;2;9|10;2;3|5;1
KAYNVTQAFGRRGPE;FALSE;15;1;9;4;2|3|4|5;0
IGTRNPANNAAIVLQ;TRUE;15;1;9;2;3|5;0
IWVATEGALNTPKDH;TRUE;15;2;9|10;4;1|3|4|5;1
SWFTALTQHGKEDLK;TRUE;15;2;9|10;3;1|4|5;1
SNQNGERSGARSKQR;TRUE;15;1;9;4;2|3|4|5;0
KENDSKEGFFTY;TRUE;12;1;9;3;1|4|5;0
AEIVDTVSALVY;FALSE;12;1;9;2;1|5;0
SEISMDNSPNLAW;TRUE;13;2;9|10;2;1|5;1
GELGDVRETMSY;TRUE;12;1;10;3;1|3|5;0
REVRTIKVF;TRUE;9;0;none;4;1|2|4|5;0
GDCEEEEFEPSTQY;TRUE;14;2;9|10;3;1|3|5;1
SEHDYQIGGYTEKW;TRUE;14;2;9|10;3;1|3|5;1
SRIGMEVTPSGTW;TRUE;13;2;9|10;3;1|3|5;1
REVLSDRELHLSW;TRUE;13;1;10;3;1|4|5;0
SEDMLNPNY;TRUE;9;2;9|10;1;5;1
QELGKYEQYIKW;TRUE;12;2;8|10;2;1|5;1
REGVFVSNGTHW;TRUE;12;2;9|10;4;1|3|4|5;1
QELIRQGTDYKHW;TRUE;13;2;8|10;2;1|5;1
YEAMYTPHTVL;TRUE;11;2;9|10;2;1|5;1
GEYSHVVAFNTLL;TRUE;13;1;9;2;1|5;0
GEVITFDNLKTL;TRUE;12;0;none;2;1|5;0
YELQTPFEIKL;TRUE;11;1;9;2;1|5;0
GEIPVAYRKVLL;TRUE;12;1;9;3;1|3|5;0
YEDFLEYHDVRVVL;TRUE;14;0;none;2;1|5;0
HPTQAPTHL;TRUE;9;1;9;3;3|4|5;0
FPKSDGTGTIY;TRUE;11;2;7|9;2;3|5;1
LPNDDTLRVEAFEY;TRUE;14;0;none;2;1|5;0
FPQSAPHGVVF;TRUE;11;1;9;3;1|3|5;0
MIERFVSL;TRUE;8;1;10;2;1|5;0
YLRKHFSM;TRUE;8;1;10;3;1|2|5;0
HVMSKHTDF;TRUE;9;1;10;3;1|4|5;0
QPYRVVVL;TRUE;8;1;8;2;1|5;0
GPKQASLNGVTL;TRUE;12;1;9;2;3|5;0
SPYNSQNAVASKIL;TRUE;14;1;9;1;5;0
KPRPPLNRNYVF;TRUE;12;0;none;5;1|2|3|4|5;0
MPILTLTRAL;TRUE;10;2;9|10;2;1|5;1
KPASRELKVTF;TRUE;11;0;none;4;1|2|4|5;0
KPLEFGATSAAL;TRUE;12;1;9;3;3|4|5;0
SPFHPLADNKFAL;TRUE;13;0;none;3;1|3|5;0
YYCKSHKPPISF;TRUE;12;2;9|10;4;1|2|3|5;1
YYRARAGEAANF;TRUE;12;0;none;1;5;0
VYDPLQPELDSF;TRUE;12;1;7;3;1|3|5;0
IYNDKVAGFAKF;TRUE;12;1;9;2;1|5;0
AVANGDSEVVLK;TRUE;12;1;9;3;1|4|5;0
ASFNYLKSPNFSK;TRUE;13;1;9;3;2|4|5;0
ALGGSVAIK;TRUE;9;1;9;3;3|4|5;0
KSAGFPFNK;TRUE;9;1;9;4;2|3|4|5;0
RQVVNVVTTK;TRUE;10;1;9;4;1|2|4|5;0
TLKGGAPTK;TRUE;9;1;9;4;2|3|4|5;0
TLADAGFIK;TRUE;9;0;none;3;1|4|5;0
RIFTIGTVTLK;TRUE;11;1;9;4;1|2|4|5;0
WLDMVDTSL;TRUE;9;1;10;2;1|5;0
ALLEDEFTPFDV;TRUE;12;0;none;2;1|5;0
ITEHSWNADLY;TRUE;11;1;10;2;1|5;0
VTDVTQLYLGGMSY;TRUE;14;2;9|10;2;3|5;1
WARFPKSDGTGTIY;TRUE;14;3;7|9|10;2;3|5;1
TTQTACTDDNALAY;TRUE;14;2;9|10;1;5;1
TGVHAGTDLEGNFY;TRUE;14;0;none;2;3|5;0
ALRKVPTDNYITTY;TRUE;14;1;9;1;5;0
VLPPLLTDEMIAQY;TRUE;14;2;9|10;3;1|3|5;1
NTNSSPDDQIGYY;TRUE;13;2;8|9;2;3|5;1
SLENVAFNV;TRUE;9;1;9;2;1|5;0
DVTDVTQLYLGGMSY;TRUE;15;2;9|10;4;1|3|4|5;1
LSDDAVVCFNSTY;TRUE;13;2;9|10;2;1|5;1
YSDVENPHLMGWDY;TRUE;14;1;10;3;1|3|5;0
VTDTPKGPKVKYLY;TRUE;14;0;none;4;1|2|3|5;0
MTNRQFHQKLLK;TRUE;12;1;10;4;1|2|4|5;0
QTACTDDNALAYY;TRUE;13;3;8|9|10;1;5;1
AELAKNVSLDNVL;TRUE;13;0;none;2;1|5;0
SSTFNVPMEKLK;TRUE;12;2;9|10;3;1|4|5;1
ITEEVGHTDLMAAY;TRUE;14;2;9|10;2;1|5;1
FTEQPIDLVPNQPY;TRUE;14;1;9;2;3|5;0
SEYKGPITDVFY;TRUE;12;0;none;3;1|3|5;0
SNEKQEILGTVSW;TRUE;13;2;9|10;2;1|5;1
TSDLATNNLVVMAY;TRUE;14;2;9|10;1;5;1
ACHNSEVGPEHSL;TRUE;13;1;10;3;1|3|5;0
STDTGVEHVTFFIY;TRUE;14;1;9;2;1|5;0
ASQRVAGDSGFAAY;TRUE;14;1;9;2;3|5;0
KAATYQEAAVYLW;TRUE;13;2;9|10;2;4|5;1
RLTVPTEGLEVTW;TRUE;13;2;9|10;4;1|3|4|5;1
KPSVSVYYADNHW;TRUE;13;2;9|10;3;1|4|5;1
MAVPDKETPTF;TRUE;11;1;10;3;1|3|5;0
AEFGDRQGKVHIPF;TRUE;14;0;none;3;1|3|5;0
TESEGDRELAAAY;TRUE;13;1;9;2;1|5;0
AEFDSFVVPGLW;TRUE;12;2;9|10;3;1|3|5;1
AEFGDRQGKVHI;TRUE;12;0;none;3;1|3|5;0
YTESEGDREL;TRUE;10;0;none;2;1|5;0
SPIRITTENLTTY;TRUE;13;1;9;1;5;0
RQRRSIKDHFNVY;TRUE;13;0;none;4;1|2|4|5;0
RITTENLTTY;TRUE;10;1;9;2;4|5;0
RPRPQRKAGQLAQL;TRUE;14;1;9;4;2|3|4|5;0
RPRPRPQRKAGQL;TRUE;13;0;none;5;1|2|3|4|5;0
RPWTPRSTIQII;TRUE;12;2;9|10;5;1|2|3|4|5;1
DTAISFRAPPSITV;TRUE;14;1;9;3;3|4|5;0
TVNSQTVRYK;TRUE;10;1;9;3;2|4|5;0
TVQETAETR;TRUE;9;0;none;2;4|5;0
HFNVYKATR;TRUE;9;0;none;4;1|2|4|5;0
RTVYPAPVY;TRUE;9;1;9;3;3|4|5;0
TQRNMNTMK;TRUE;9;2;9|10;3;2|4|5;1
ETAETRDTAISF;TRUE;12;1;9;3;1|4|5;0
FSKPSVSVY;TRUE;9;1;9;1;5;0
QYNSPLVPRNAEF;TRUE;13;2;8|9;2;3|5;1
SFGAPSETFPITF;TRUE;13;1;9;2;3|5;0
SHQVTFDTFQNK;TRUE;12;0;none;3;1|4|5;0
SVYVDIDADSAFLK;TRUE;14;0;none;3;1|4|5;0
TLYPESRMLLK;TRUE;11;1;10;3;1|4|5;0
KLYLMAETPKV;TRUE;11;2;9|10;3;1|4|5;1
YTESEGDRELAAAY;TRUE;14;1;9;1;5;0
KVTAQLTDHVVGEY;TRUE;14;1;9;3;1|4|5;0
KAATYQEAAIYLW;TRUE;13;2;9|10;2;4|5;1
VTWGNNEPYKYW;TRUE;12;2;9|10;2;3|5;1
RTALSVVTW;TRUE;9;2;9|10;3;1|4|5;1
TAVDMAEIHTMW;TRUE;12;1;10;2;1|5;0
LALPTKRVTW;TRUE;10;2;9|10;3;1|2|5;1
KPLVSVYYADNHW;TRUE;13;2;9|10;3;1|4|5;1
LSIPLRTRIKW;TRUE;11;2;9|10;3;1|2|5;1
VPYSQAPSGFKYW;TRUE;13;2;9|10;2;3|5;1
VPYSQAPSGFKY;FALSE;12;1;9;2;3|5;0
YPDHPTLLSY;TRUE;10;1;9;2;3|5;0
YPTVSSYQITDEY;TRUE;13;1;9;1;5;0
EANEQVCLY;TRUE;9;2;9|10;3;1|4|5;1
VPDTETPTF;TRUE;9;0;none;2;3|5;0
WTPFDNKIVV;TRUE;10;1;10;2;1|5;0
IPFPLANVTCRV;TRUE;12;2;9|10;3;1|3|5;1
YPAPVYSPPINV;TRUE;12;1;9;2;3|5;0
AECHPPKDHIVNY;TRUE;13;1;10;3;1|3|5;0
LEVTWGNNEPYKYW;TRUE;14;2;9|10;3;1|3|5;1
MEFIPTQTFYNRRY;TRUE;14;2;9|10;2;1|5;1
GEISSCHLPTGTRF;TRUE;14;2;9|10;3;1|3|5;1
NEFLARNYPTVSSY;TRUE;14;2;8|9;1;5;1
AEHRPVKGERMEW;TRUE;13;1;10;3;1|3|5;0
AELGDRKGKIHIPF;TRUE;14;0;none;4;1|2|3|5;0
QAEFDSFVVPSLW;TRUE;13;3;8|9|10;2;1|5;1
YELTPGATVPFLL;TRUE;13;1;9;3;1|3|5;0
KEDKAYSPEVAL;TRUE;12;0;none;3;1|4|5;0
GEYLVLSPQTVL;TRUE;12;1;9;3;1|3|5;0
SESEGDRELAAAY;TRUE;13;1;9;2;1|5;0
YTYNLELGLPATL;TRUE;13;1;9;2;3|5;0
MEWLVNKINGHHVL;TRUE;14;1;10;2;1|5;0
YPFMWGGAY;TRUE;9;2;9|10;2;3|5;1
SPIRITTENLATY;TRUE;13;1;9;1;5;0
NPSKLRSYPKQHAY;TRUE;14;1;8;3;2|3|5;0
YPVIHAVGPNFSNY;TRUE;14;1;9;2;3|5;0
HPHEIILYYYELY;FALSE;13;1;9;3;1|4|5;0
APLGVRGADYTY;TRUE;12;1;9;2;3|5;0
RQRRSTKDNFNVY;TRUE;13;1;9;4;1|2|4|5;0
LLKPGGSLLIRAY;TRUE;13;1;9;4;1|2|3|5;0
LQNPPKGNF;TRUE;9;1;9;2;3|5;0
RQRADVAIYQDVY;TRUE;13;1;9;3;1|4|5;0
WLKERGASLQ;TRUE;10;2;9|10;2;1|5;1
YWLKERGASL;TRUE;10;1;10;2;1|5;0
MMKSGMFL;TRUE;8;2;9|10;2;1|5;1
IPANRRLPHSL;TRUE;11;0;none;4;1|2|3|5;0
LSIMRGKKL;TRUE;9;1;10;3;1|2|5;0
IPNTVGVPYKTL;TRUE;12;1;9;2;3|5;0
RPRPQRQAGQLAQL;TRUE;14;1;9;4;2|3|4|5;0
RPRPRPQRQAGQL;TRUE;13;1;9;4;2|3|4|5;0
TPMASVRFFRAEL;TRUE;13;2;9|10;2;1|5;1
APLGVRGADYTYNL;TRUE;14;1;9;2;3|5;0
SPQTVLRSQKLSL;TRUE;13;1;9;3;1|2|5;0
EHVTVIPNTVGV;TRUE;12;1;9;4;1|3|4|5;0
TTYPAPVYSPPINV;TRUE;14;1;9;2;3|5;0
MTFDTFQNKA;TRUE;10;1;10;2;1|5;0
NTDEESYEL;TRUE;9;1;8;2;1|5;0
HTASASAKLR;TRUE;10;1;9;3;2|4|5;0
LTVGFTDSR;TRUE;9;1;9;3;1|4|5;0
NVPSRVSPR;TRUE;9;1;8;4;2|3|4|5;0
TTNIIPANRR;TRUE;10;1;9;3;2|4|5;0
YVYDVDQRR;TRUE;9;0;none;3;1|4|5;0
EFIPTQTFYNRR;TRUE;12;1;9;3;1|4|5;0
EYWEEFAASPIR;TRUE;12;2;9|10;3;1|4|5;1
DFNPTTNIIPANRR;TRUE;14;1;9;3;3|4|5;0
VYNEREFVNR;TRUE;10;0;none;3;1|4|5;0
EYLVLSPQTVLR;TRUE;12;1;9;3;1|4|5;0
KVFTGVYPF;TRUE;9;1;9;4;1|3|4|5;0
KSGMFLTLF;TRUE;9;2;9|10;3;1|4|5;1
AVYKKWPESF;TRUE;10;1;10;2;1|5;0
RQWSQIIQAF;TRUE;10;2;9|10;3;1|4|5;1
KSWHLPSVF;TRUE;9;2;9|10;4;1|2|4|5;1
GTMGHFILAR;TRUE;10;1;10;5;1|2|3|4|5;0
RYQPRPWTPR;TRUE;10;1;10;4;2|3|4|5;0
RATFNPSKLR;TRUE;10;1;9;4;1|2|4|5;0
TTNIIPANR;TRUE;9;1;9;2;4|5;0
SQAPSGFKY;TRUE;9;1;9;2;3|5;0
RVPKARNPTVTY;TRUE;12;1;9;4;2|3|4|5;0
ATFNPSKLRSY;TRUE;11;1;9;2;2|5;0
RVHPDSSLAGRKGY;TRUE;14;1;9;5;1|2|3|4|5;0
RQKVNENPLY;TRUE;10;0;none;3;1|4|5;0
AVHAPTSLY;TRUE;9;1;9;1;5;0
KARNPTVTYGK;TRUE;11;1;9;4;2|3|4|5;0
KLAFKRSSK;TRUE;9;0;none;4;1|2|4|5;0
VTRLGVNSV;TRUE;9;1;9;2;1|5;0
HTASASAKLRVLY;TRUE;13;1;9;4;1|2|4|5;0
NVYKATRPY;TRUE;9;1;8;2;2|5;0
TTEGALYSY;TRUE;9;1;9;1;5;0
EAYDGRVLVPSGY;TRUE;13;2;7|9;4;1|3|4|5;1
TYPVIHAVGPNF;TRUE;12;1;9;2;3|5;0
DVYAVHAPTSLY;TRUE;12;1;9;2;4|5;0
YQDVYAVHAPTSLY;TRUE;14;1;9;1;5;0
VYKGDVYNMDYPPF;TRUE;14;1;10;3;1|3|5;0
VIMLLYPDHPTLL;TRUE;13;2;9|10;3;1|3|5;1
IYQDVYAVHAPTSL;FALSE;14;1;9;1;5;0
DYPPFGAGRPGQF;TRUE;13;1;9;3;3|4|5;0
VYPFMWGGAYCF;FALSE;12;2;9|10;3;1|3|5;1
KFTHEKPEGYYNW;TRUE;13;2;9|10;4;1|3|4|5;1
GTIDNADLAKLAFK;TRUE;14;0;none;3;1|4|5;0
RVADPLKRLFKLGK;TRUE;14;1;7;5;1|2|3|4|5;0
ATFNPSKLRSYPK;TRUE;13;1;9;4;2|3|4|5;0
SHQMTFDTFQNK;TRUE;12;1;10;3;1|4|5;0
KLRGPVITLYGGPK;TRUE;14;1;9;5;1|2|3|4|5;0
RMYGVDLDSGLFSK;TRUE;14;2;9|10;4;1|3|4|5;1
AVIGVFGVPGSGK;TRUE;13;1;9;4;1|3|4|5;0
YLWNEQQPL;TRUE;9;1;10;1;5;0
VKIIDAVVSL;TRUE;10;1;9;2;1|5;0
AVSDWVMSTV;TRUE;10;2;9|10;2;1|5;1
ALGESIESI;TRUE;9;0;none;2;1|5;0
WLKERGASL;TRUE;9;1;10;2;1|5;0
GLIDELEKAV;TRUE;10;0;none;2;1|5;0
MLFDHNVPSRV;TRUE;11;1;10;2;1|5;0
GLYGKTTGYAV;TRUE;11;1;9;2;3|5;0
MLLYPDHPTLL;TRUE;11;2;9|10;3;1|3|5;1
ALADEVIRWQRTGL;TRUE;14;1;10;2;1|5;0
HSSDFGGVAIIKY;FALSE;13;1;9;4;1|3|4|5;0
KTDDSHDWTKLRY;TRUE;13;1;10;3;1|4|5;0
MSETPKVPTYRTTY;TRUE;14;1;10;2;3|5;0
FTAMDSTDADVVIY;FALSE;14;1;10;2;1|5;0
YSESEGDRELAAAY;TRUE;14;1;9;1;5;0
KVTAQPTDHVVGEY;TRUE;14;1;9;4;1|3|4|5;0
EEMSCIPGGRMY;TRUE;12;2;9|10;4;1|3|4|5;1
LEEMSCIPGGRMY;TRUE;13;2;9|10;3;1|3|5;1
MSCIPGGRMY;TRUE;10;2;9|10;3;1|3|5;1
YYMYLDRSDAGEAI;TRUE;14;2;9|10;2;1|5;1
MYLDRSDAGEAISF;TRUE;14;1;10;2;1|5;0
ILEDSVPAEVWTRY;TRUE;14;1;10;2;1|5;0
KTAVEAVNDPRFW;TRUE;13;2;7|10;3;1|4|5;1
AAFKSLFGGMSW;FALSE;12;2;9|10;3;1|3|5;1
TAIKPSLGLINRW;TRUE;13;2;9|10;4;1|2|3|5;1
STLWEGSPNKYW;TRUE;12;1;10;2;3|5;0
STRKLQTRSQTW;TRUE;12;1;10;2;2|5;0
VPVDWVPTGRTTW;TRUE;13;2;9|10;3;1|3|5;1
IPGGRMYADDTAGW;TRUE;14;1;10;2;3|5;0
YCGPWKLDAAW;FALSE;11;2;9|10;3;1|3|5;1
LPWHAGADTGTPHW;TRUE;14;1;10;2;3|5;0
SPQDNQMAI;TRUE;9;2;9|10;1;5;1
MALGLTAV;TRUE;8;2;9|10;2;1|5;1
RKDTQEWKPSTGW;TRUE;13;2;9|10;4;1|3|4|5;1
LEEMSRIPGGRMY;TRUE;13;1;10;3;1|3|5;0
ETWFFDENHPYRTW;FALSE;14;1;10;3;1|4|5;0
ATSTLWEGSPNKYW;TRUE;14;2;9|10;2;3|5;1
AEMEEALRGLPVRY;TRUE;14;1;10;3;1|3|5;0
NELPHGWKAWGKSY;TRUE;14;2;8|10;4;1|2|3|5;1
SVDMYIERAGDITW;TRUE;14;1;10;2;1|5;0
GEFGKAKGSRAI;TRUE;12;0;none;4;1|2|3|5;0
AEVTGNSPRLDVAL;TRUE;14;1;9;3;1|3|5;0
GELNAILEENGVQL;TRUE;14;1;9;3;1|3|5;0
GEAGALITAATSTL;TRUE;14;1;9;2;3|5;0
AEMNTGGDVAHLAL;TRUE;14;2;9|10;3;1|3|5;1
VEITPNSPRAEATL;TRUE;14;1;9;2;3|5;0
VENWIFRNPGFAL;TRUE;13;2;9|10;3;1|3|5;1
TPAVQHAVTTSY;TRUE;12;1;9;1;5;0
FAAGKRGAAF;TRUE;10;0;none;3;2|3|5;0
TAMAAEVTRRGSAY;TRUE;14;2;9|10;1;5;1
HAETWFFDENHPY;TRUE;13;1;10;3;1|4|5;0
NPIAIPFAAGAWY;TRUE;13;3;8|9|10;2;3|5;1
MAAEVTRRGSAY;TRUE;12;1;10;1;5;0
RQDQRGSGQVVTY;TRUE;13;1;9;3;3|4|5;0
VQHAVTTSYNNY;TRUE;12;1;9;1;5;0
ITPAVQHAVTTSY;TRUE;13;1;9;1;5;0
RLKMDKLRLKGVSY;TRUE;14;1;10;4;1|2|4|5;0
AMAAEVTRRGSAY;TRUE;13;1;10;1;5;0
EQRKTFVEL;TRUE;9;0;none;3;1|4|5;0
FKVRPALL;TRUE;8;0;none;3;1|2|5;0
SVGKKEAM;TRUE;8;1;10;2;1|5;0
KPIDDRFAHALRFL;TRUE;14;0;none;4;1|2|4|5;0
SPNKYWNSSTATSL;TRUE;14;2;9|10;1;5;1
RPYKAAAAQLPETL;TRUE;14;1;9;3;3|4|5;0
IRAMVVPRTDNITL;TRUE;14;2;9|10;2;1|5;1
RPRKEPESNLVRSM;TRUE;14;1;10;5;1|2|3|4|5;0
SPRAEATLGGFGSL;TRUE;14;1;9;2;3|5;0
MTIDPQVEKKMGQV;TRUE;14;2;7|10;3;1|3|5;1
VVIKNGSYV;TRUE;9;1;9;2;1|5;0
ETDENRAKV;TRUE;9;0;none;3;1|4|5;0
TVMDIISRQDQR;TRUE;12;1;10;3;1|4|5;0
EMYWVSGAK;TRUE;9;2;9|10;3;1|4|5;1
ETPVECFEPSMLK;TRUE;13;1;10;4;1|3|4|5;0
ECTMPPLSFR;FALSE;10;2;9|10;4;1|3|4|5;1
TVMDIISR;TRUE;8;1;10;3;1|4|5;0
WFFDENHPYR;TRUE;10;1;10;3;1|4|5;0
EVWTRHGEKR;TRUE;10;1;10;4;1|2|4|5;0
FIFRANWTPR;TRUE;10;2;9|10;4;1|2|4|5;1
EALVEFKDAHAKR;TRUE;13;0;none;3;1|4|5;0
ALAIIKYTY;TRUE;9;1;9;1;5;0
QVASAGITY;TRUE;9;2;8|9;1;5;1
FVYNDVEAW;TRUE;9;1;10;2;1|5;0
KTVMDIISR;TRUE;9;1;10;3;1|4|5;0
KVRPALLVSFIFR;TRUE;13;1;9;4;1|2|4|5;0
RSRRAVTLPSHSTR;TRUE;14;1;9;4;1|2|4|5;0
KYMDYLSTQVRY;TRUE;12;2;9|10;3;1|4|5;1
KVIDLGCGRGGWSY;TRUE;14;2;9|10;4;1|3|4|5;1
NQMSALEFY;TRUE;9;3;8|9|10;1;5;1
KCGRVIGLY;TRUE;9;2;9|10;5;1|2|3|4|5;1
KTKDGDIGAVALDY;TRUE;14;2;7|9;4;1|3|4|5;1
GHMCDATMSY;TRUE;10;2;9|10;2;1|5;1
SYYAATIRK;TRUE;9;1;9;3;2|4|5;0
KTRLRTVILA;TRUE;10;1;9;4;1|2|4|5;0
RARNIQTLPGIFK;TRUE;13;1;9;5;1|2|3|4|5;0
RIINARKEK;TRUE;9;0;none;4;1|2|4|5;0
AIYAALTTF;TRUE;9;1;9;1;5;0
DLAKLAILM;TRUE;9;2;9|10;3;1|4|5;1
TTVSNMAEVRSY;TRUE;12;2;9|10;1;5;1
EAISFPTTL;TRUE;9;1;9;2;4|5;0
KYMDYLSTQVRYL;TRUE;13;2;9|10;3;1|4|5;1
SYAQMWQLLYF;TRUE;11;2;9|10;2;1|5;1
RAIWYMWLGARF;TRUE;12;2;9|10;4;1|2|4|5;1
YWNSSTATSLCNIF;TRUE;14;2;9|10;1;5;1
GYWIESEKNDTW;TRUE;12;1;10;2;1|5;0
MYLDRNDAGEAISF;FALSE;14;1;10;2;1|5;0
AWAIYAALTTF;TRUE;11;2;9|10;1;5;1
RFQEAIDNL;TRUE;9;0;none;3;1|4|5;0
VPNYNLYIMDEAHF;TRUE;14;2;9|10;2;1|5;1
VYVKTGKRSGALW;TRUE;13;2;9|10;4;1|2|3|5;1
YYMYLDRNDAGEAI;TRUE;14;2;9|10;2;1|5;1
WFFDENHPYRTW;TRUE;12;1;10;2;1|5;0
AVNDPRFWALVDK;TRUE;13;3;7|9|10;3;1|4|5;1
TDIDTMTIDPQVEK;TRUE;14;2;7|10;3;1|4|5;1
AVGLICALAGGFAK;TRUE;14;2;9|10;4;1|3|4|5;1
SLINGVVRLLSK;TRUE;12;1;9;4;1|2|4|5;0
RLQRRYGGGLVR;TRUE;12;1;9;5;1|2|3|4|5;0
AVSSAILSR;TRUE;9;1;9;2;4|5;0
RAGDITWEK;TRUE;9;1;10;3;1|4|5;0
YLSTQVRYL;TRUE;9;1;9;1;5;0
YLIPGLQAAAA;TRUE;11;1;9;2;3|5;0
YAWDFGVPLL;TRUE;10;2;9|10;3;1|3|5;1
ALWDVPAPKEV;FALSE;11;1;10;3;1|3|5;0
KAWGKSYFV;TRUE;9;1;10;4;1|2|4|5;0
YLIPGLQAAAARA;TRUE;13;1;9;2;3|5;0
WLAYQVASA;TRUE;9;2;9|10;1;5;1
YLGEEGSTPGV;TRUE;11;1;9;2;3|5;0
RLLSKPWDVVTGV;TRUE;13;2;9|10;4;1|3|4|5;1
KLDAAWDGHSEV;TRUE;12;2;7|10;3;1|4|5;1
VLEEMSRIPGGRMY;TRUE;14;1;10;3;1|3|5;0
VIDLGCGRGGWSYY;TRUE;14;2;9|10;3;1|3|5;1
ATSTLWEGSPNKY;TRUE;13;2;9|10;2;3|5;1
AHFTDPSSIAARGY;TRUE;14;2;7|9;2;3|5;1
MAAEVTRRGSAYY;TRUE;13;2;9|10;1;5;1
AAHFKPGDAVLETDI;TRUE;15;0;none;3;1|3|5;0
YRTVYPAPVYSPPIN;TRUE;15;1;9;2;3|5;0
QENASTANRSRYQSR;TRUE;15;2;8|9;3;2|4|5;1
HPPISFGAPSETFPI;TRUE;15;1;9;3;3|4|5;0
MNHVTNIIVCSSFPL;TRUE;15;2;9|10;2;1|5;1
YPVIHAVGPNFSNYT;TRUE;15;1;9;2;3|5;0
VTFDTFQNKANVCWA;TRUE;15;2;9|10;2;1|5;1
LTDHVVGEYLVLSPQ;FALSE;15;1;9;3;1|3|5;0
SRMLLKSWHLPSVFH;TRUE;15;2;9|10;4;1|2|4|5;1
IGDLQEVMAVPDKET;TRUE;15;2;9|10;3;1|3|5;1
EVIRWQRTGLIDELE;TRUE;15;1;10;3;1|4|5;0
GFILHDTVTGTACRV;TRUE;15;2;9|10;3;1|3|5;1
LMLLEDLGVDHSLLD;FALSE;15;1;10;3;1|4|5;0
RELVRRLNAVLLPNV;TRUE;15;1;9;4;1|2|4|5;0
LFAKTHNLLPLQEVP;TRUE;15;1;9;3;1|3|5;0
NVTQMRELPTLDSAV;FALSE;15;3;8|9|10;2;1|5;1
LMSETPKVPTYRTTY;TRUE;15;1;10;2;3|5;0
EEVHEEKCYPPKLDE;TRUE;15;1;10;4;1|3|4|5;0
WSTCSDTDDELRLDR;TRUE;15;2;9|10;3;1|4|5;1
VQETAETRDTAMSLQ;TRUE;15;2;9|10;2;1|5;1
TLPSTTGNLAAVSDW;TRUE;15;2;9|10;2;3|5;1
RVSPREYRSSQESAQ;TRUE;15;0;none;2;4|5;0
YSYLEGTRFHQTAVD;TRUE;15;0;none;3;1|4|5;0
WEKKISEAIQMRTQV;TRUE;15;1;10;2;1|5;0
ESEGDRELAAAYREV;TRUE;15;1;9;3;1|4|5;0
VTSNTEMFFLFSNFD;FALSE;15;2;9|10;3;1|4|5;1
VLLVSGYNLALPTKR;TRUE;15;1;9;5;1|2|3|4|5;0
WLVNKINGHHVLLVS;TRUE;15;2;9|10;3;1|2|5;1
KGKWNINKQICVTTR;TRUE;15;2;9|10;4;1|2|4|5;1
NPEAASILERKYPFT;TRUE;15;2;8|9;3;1|3|5;1
VALNEICTRMYGVDL;TRUE;15;1;10;2;1|5;0
KVNENPLYASTSEHV;TRUE;15;1;9;3;1|4|5;0
VLCGDPKQCGFFNMM;TRUE;15;3;7|9|10;3;1|3|5;1
EITTDVMRQRGLEIS;TRUE;15;1;10;3;1|4|5;0
LTNPPYHEFAYEGLK;TRUE;15;1;9;4;1|3|4|5;0
QKLSLIHALAEQVKT;TRUE;15;1;8;3;1|2|5;0
WSSGLSIPLRTRIKW;TRUE;15;2;9|10;4;1|2|3|5;1
VVPSLWSSGLSIPLR;TRUE;15;2;9|10;4;1|3|4|5;1
FSKWAKECRKDMEDE;TRUE;15;1;10;3;1|4|5;0
CTYVPATICDQMTGI;TRUE;15;2;9|10;3;1|3|5;1
GLCSTDLTEGRRGKL;TRUE;15;2;9|10;3;1|3|5;1
ERLANYARKLASAAG;TRUE;15;1;9;3;2|4|5;0
DAPSLTDMSCEVSAC;TRUE;15;2;9|10;3;1|4|5;1
FMWGGAYCFCDTENT;TRUE;15;2;9|10;3;1|3|5;1
CKMLTFLAVLSIGAH;TRUE;15;2;9|10;4;1|2|4|5;1
YQEEWVTHKKEIRLT;TRUE;15;1;10;2;1|5;0
LVPRNAEFGDRQGKV;TRUE;15;0;none;3;1|3|5;0
SHDWTKLRYMDNHTP;TRUE;15;1;10;2;1|5;0
RRQRRSIKDHFNVYK;TRUE;15;0;none;4;1|2|4|5;0
QIIRPRPRPQRKAGQ;TRUE;15;1;8;4;1|2|3|5;0
IVNYPASHTTLGVQD;FALSE;15;1;9;3;3|4|5;0
KCAVHSMTNAVTIRE;TRUE;15;2;9|10;4;1|2|4|5;1
YWLKERGASLQHTAP;TRUE;15;2;9|10;4;1|2|3|5;1
TPESKDVYANTQLVL;TRUE;15;1;9;2;1|5;0
YANGDHAVTVKDAKF;TRUE;15;0;none;2;1|5;0
FMWGGAYCFCDAENT;TRUE;15;2;9|10;3;1|3|5;1
ALIVLCNCLRLLPCC;TRUE;15;2;9|10;2;1|5;1
GNNEPYKYWPQLSTN;TRUE;15;2;9|10;2;3|5;1
ARNPTVTYGKNQVIM;TRUE;15;2;9|10;3;2|3|5;1
TTTDKVINNCKVDQC;TRUE;15;2;9|10;2;1|5;1
TDSRKISHSCTHPFH;TRUE;15;1;10;4;1|2|4|5;0
CTITGTMGHFILARC;FALSE;15;2;9|10;4;1|2|3|5;1
LRMLEDNVMRPGYYQ;TRUE;15;2;9|10;3;1|3|5;1
YYNWHHGAVQYSGGR;TRUE;15;2;9|10;4;2|3|4|5;1
SKFTHEKPEGYYNWH;TRUE;15;2;9|10;4;1|3|4|5;1
VPQQKPRRNRKNKKQ;TRUE;15;0;none;4;1|2|3|5;0
YGEKRVLKPRWMDAR;FALSE;15;1;10;5;1|2|3|4|5;0
LSTQVRYLGEEGSTP;FALSE;15;1;9;2;3|5;0
LLYFHRRDLRLMANA;TRUE;15;2;9|10;3;1|2|5;1
GWDNWEEVPFCSHHF;TRUE;15;2;9|10;3;1|3|5;1
TNWLQSNGWDRLKRM;TRUE;15;2;9|10;3;1|2|5;1
IPGGRMYADDTAGWD;TRUE;15;1;10;4;1|3|4|5;0
RFWALVDKEREHHLR;TRUE;15;2;9|10;4;1|2|4|5;1
SNAALGAIFEEEKEW;TRUE;15;2;9|10;2;1|5;1
RSEHAETWFFDENHP;TRUE;15;1;10;3;1|4|5;0
SMVGDWLEKRPGAFC;TRUE;15;2;9|10;3;1|3|5;1
DGVATGGHAVSRGSA;TRUE;15;2;7|9;3;3|4|5;1
WEGSPNKYWNSSTAT;FALSE;15;2;9|10;2;3|5;1
AVAVSSAILSRTAWG;TRUE;15;2;9|10;1;5;1
AVTTSYNNYSLMAMA;TRUE;15;2;9|10;1;5;1
TLGASAWLMWLSEIE;FALSE;15;2;9|10;3;1|4|5;1
WMDARVCSDHAALKS;TRUE;15;1;10;2;1|5;0
HGEKRVLKPRWMDAR;TRUE;15;1;10;5;1|2|3|4|5;0
GGGCAETDEDHAHWL;TRUE;15;2;9|10;3;1|3|5;1
TVWFVPSVRNGNEIA;TRUE;15;2;9|10;3;1|3|5;1
DHSGKTVWFVPSVRN;TRUE;15;2;9|10;5;1|2|3|4|5;1
EALRGLPVRYMTTAV;TRUE;15;2;9|10;4;1|3|4|5;1
GIFKTKDGDIGAVAL;TRUE;15;2;7|9;3;1|3|5;1
MWHVTKGSALRSGEG;TRUE;15;1;10;4;1|2|3|5;0
YVKTGKRSGALWDVP;TRUE;15;2;9|10;4;1|2|3|5;1
ITWEKDAEVTGNSPR;TRUE;15;2;9|10;4;1|3|4|5;1
PSEVLTAVGLICALA;TRUE;15;2;9|10;3;1|3|5;1
WRAGLATCGGFMLLS;TRUE;15;2;9|10;3;1|3|5;1
ASCLLQTAISALEGD;FALSE;15;2;9|10;3;1|4|5;1
ESNLVRSMVTAGSTD;TRUE;15;2;9|10;3;1|4|5;1
LIEMKTCEWPKSHTL;TRUE;15;1;10;2;1|5;0
HRAWNSFLVEDHGFG;TRUE;15;2;9|10;4;1|3|4|5;1
QRLPVPVNELPHGWK;TRUE;15;3;8|9|10;5;1|2|3|4|5;1
AWRDRYKYHPDSPRR;TRUE;15;1;10;5;1|2|3|4|5;0
LLMWLGLNTKNGSIS;TRUE;15;2;9|10;3;1|3|5;1
TESTENSKMMLELDP;TRUE;15;2;7|10;2;1|5;1
KDAHAKRQTVVVLGS;TRUE;15;1;9;4;1|2|4|5;0
LGLDCEPRTGLDFSD;TRUE;15;1;10;4;1|3|4|5;0
TGKSIQPENLEYRIM;TRUE;15;1;10;3;1|3|5;0
VSNRDFVEGMSGGTW;FALSE;15;2;9|10;3;1|3|5;1
SQTWLESREYTKHLI;TRUE;15;2;9|10;2;1|5;1
PMLDEGVEPDDVDCW;TRUE;15;1;10;3;1|3|5;0
FTAIKPSLGLINRWG;FALSE;15;2;9|10;4;1|2|3|5;1
FYSDWYQPACGKAGC;TRUE;15;2;9|10;2;3|5;1
YNYPAMLGHAGDMAG;TRUE;15;2;9|10;2;3|5;1
ENWARLGTFNVPNPV;TRUE;15;2;9|10;4;1|3|4|5;1
EKCYVSQPALSSAIA;FALSE;15;2;9|10;2;4|5;1
IVIDPVVTDTAKMAD;TRUE;15;2;7|10;3;1|4|5;1
SLGTPRAGLRTYLAV;TRUE;15;1;9;3;2|3|5;0
HDVELLRQVQHLSQD;TRUE;15;0;none;3;1|4|5;0
AADLVLVDGRIESLL;FALSE;15;1;7;2;1|5;0
GGQSSFYSDWYQPAC;FALSE;15;2;9|10;2;3|5;1
MSQIMYNYPAMLGHA;TRUE;15;2;9|10;2;3|5;1
GESLANRRAALAALL;TRUE;15;1;9;2;1|5;0
RRQLEYFVAVAQERH;TRUE;15;1;9;4;1|2|4|5;0
DPGRSMIVIDPVVTD;FALSE;15;3;7|9|10;4;1|3|4|5;1
CDLVIDVVYDGPDLA;FALSE;15;2;7|10;3;1|3|5;1
DGESRTFLISVAAEL;TRUE;15;2;7|9;3;1|4|5;1
DHPITAAAIAEELGM;TRUE;15;2;9|10;4;1|3|4|5;1
DLPLLVPLRAIPLLG;TRUE;15;1;9;4;1|3|4|5;0
SPPVRRQLPRPRPSW;TRUE;15;1;10;4;1|2|3|5;0
DLYSKIESLPASQRD;TRUE;15;1;9;3;1|4|5;0
MTAVAAGALVVETDS;FALSE;15;2;9|10;2;1|5;1
AADVAAALAVDADEW;TRUE;15;2;9|10;2;1|5;1
LIIDDVDQVPDSPAM;TRUE;15;1;10;3;1|3|5;0
GSRSTPVSGGAAALV;FALSE;15;1;9;2;3|5;0
ANRLLRRTATHLPLR;TRUE;15;0;none;4;1|2|4|5;0
LLPSQDLPLLVPLRA;FALSE;15;1;9;3;1|3|5;0
AAPIAAPAVVGAAGR;TRUE;15;1;9;3;3|4|5;0
FDDLGVNVNNGLSDL;TRUE;15;1;9;3;1|3|5;0
LRHFTLETTTAAGER;TRUE;15;1;9;3;1|4|5;0
DGLDVDAADVAAALA;TRUE;15;2;7|9;3;1|4|5;1
AGHTHYLIIDDVDQV;TRUE;15;0;none;2;1|5;0
HETTFAQIVAEELGI;FALSE;15;1;9;3;1|4|5;0
MVVAARIRIQGIRLW;TRUE;15;2;9|10;3;1|2|5;1
LGPMLAAASAWDGLA;TRUE;15;3;7|9|10;2;3|5;1
QVTLDDAAAADELFS;FALSE;15;1;8;2;1|5;0
DGRVIGRTRLTAKVS;TRUE;15;1;7;5;1|2|3|4|5;0
AMTGLSAAAAGLALN;FALSE;15;2;9|10;2;3|5;1
AELVAWLEQLLSDSV;FALSE;15;2;9|10;2;1|5;1
AATWELDNVDASDDG;TRUE;15;2;7|10;2;1|5;1
AESVVEIEFLVTMIV;FALSE;15;2;9|10;2;1|5;1
AGRLRLDAACRHIQD;TRUE;15;1;10;4;1|2|4|5;0
FAGAGLGPMLAAASA;TRUE;15;2;9|10;2;3|5;1
LLFRFMRPLIENGHV;TRUE;15;1;10;4;1|2|3|5;0
DGRVIVRTRLTAKVS;FALSE;15;1;7;4;1|2|4|5;0
AMTGVSAAAAGLALN;FALSE;15;2;9|10;2;3|5;1
HVLQSSWVHLLPSRK;TRUE;15;2;9|10;4;1|2|4|5;1
LIGQLIDRSGMAWCI;FALSE;15;2;9|10;3;1|3|5;1
AAVSVDALDAVEQAD;FALSE;15;1;9;3;1|4|5;0
AELASVLRLVFPPRR;FALSE;15;1;9;5;1|2|3|4|5;0
SGHTYVSTPGSALLF;FALSE;15;1;9;2;3|5;0
PTVERTLASVALILT;TRUE;15;1;9;2;1|5;0
LALRWLVGYSRQRRE;TRUE;15;2;9|10;4;1|2|4|5;1
AMSAFFFGLVDAPNH;TRUE;15;2;9|10;4;1|3|4|5;1
GSSEIMRLLIAREAV;TRUE;15;1;10;2;1|5;0
EFARGVAFAEERAER;FALSE;15;1;9;3;1|4|5;0
IVGDDIFVTNPERLE;TRUE;15;1;9;4;1|3|4|5;0
AEGLNILRNADVGTR;TRUE;15;1;9;4;1|3|4|5;0
AAGDFWGGAGSAACQ;TRUE;15;2;9|10;2;3|5;1
AAVADCAAAVAEVDD;FALSE;15;2;9|10;3;1|4|5;1
GPVLVYLTITSSLTI;FALSE;15;1;9;3;1|3|5;0
APGFRDRIVATVSTS;TRUE;15;1;9;3;1|3|5;0
SGHTYVSTPGRALLF;TRUE;15;1;9;3;2|3|5;0
DTLALNTNSRVRVAD;TRUE;15;1;9;3;1|4|5;0
LALRWLIGYSRQRRE;TRUE;15;2;9|10;4;1|2|4|5;1
ARRGGVVRIAVAARH;TRUE;15;1;9;5;1|2|3|4|5;0
MVRDLRINRIFEGSS;TRUE;15;1;10;2;1|5;0
AAGAAAAAAHTAIQQ;FALSE;15;1;9;1;5;0
LALDAAATEFFTDGT;TRUE;15;1;7;2;1|5;0
AEGLNILRNADVGIR;TRUE;15;1;9;4;1|3|4|5;0
AEHQAIVRDVLAASD;TRUE;15;1;9;3;1|4|5;0
GLIDITRFWFEQGSL;TRUE;15;1;10;3;1|3|5;0
RVALVLFGPVLVYLT;TRUE;15;1;9;4;1|3|4|5;0
GYTGDATAAVIDQIR;FALSE;15;1;9;3;3|4|5;0
GVNYANDYSDGIRGT;TRUE;15;2;7|9;2;3|5;1
RINDLWIAAVAASRA;FALSE;15;2;9|10;3;1|4|5;1
VDEHLLKKVDVQNEK;TRUE;15;0;none;3;1|4|5;0
GVSHRLVLIDDPILR;TRUE;15;1;7;4;1|3|4|5;0
ANVQEDFAHHQFLIK;TRUE;15;0;none;3;1|4|5;0
RDTLAAHPGTSLILL;TRUE;15;1;9;4;1|3|4|5;0
ARDIGVDPVQLRLLA;TRUE;15;1;7;3;1|3|5;0
FLSVVLRRIRGMRSD;TRUE;15;2;9|10;4;1|2|4|5;1
DFVAEEIRSSKAAAL;TRUE;15;0;none;3;1|4|5;0
TGAYCYSLSSRYNMV;FALSE;15;2;9|10;1;5;1
AILIAATLFATVVAG;TRUE;15;1;9;2;1|5;0
ARLDEFLAWTTRVAN;TRUE;15;2;9|10;2;1|5;1
AAVWWKALLALAVAV;FALSE;15;2;9|10;2;1|5;1
AATTDIRAQRLATLE;TRUE;15;0;none;3;1|4|5;0
GRAFRIRRRTSHITV;TRUE;15;0;none;3;1|2|5;0
AAVFAVSETFCITDH;FALSE;15;2;9|10;3;1|4|5;1
GRYFTVRAGSLVAWN;FALSE;15;2;9|10;4;1|2|3|5;1
ANVQEDFAYHQFLIK;TRUE;15;0;none;3;1|4|5;0
IPIAVRNELNLSVLQ;FALSE;15;1;9;2;1|5;0
AKPYLIDTIAHMAIW;FALSE;15;1;10;2;1|5;0
AEGVRLLRSGGVIVV;TRUE;15;1;9;3;1|3|5;0
AAKLGTIVSDESTAV;TRUE;15;1;9;2;1|5;0
PSSLGAVAILIAATL;FALSE;15;1;9;2;3|5;0
ATRDYPARLDEFLAW;TRUE;15;1;10;2;1|5;0
ADSVCGVRVAIVAES;FALSE;15;2;9|10;2;1|5;1
DISDDFFALFLDPTW;FALSE;15;3;7|9|10;3;1|4|5;1
LAALDRLVGPDTRAL;TRUE;15;0;none;3;1|3|5;0
QRSVRALVTATTAVD;TRUE;15;2;8|9;3;1|4|5;1
IGTLADAQAWAAEIA;TRUE;15;2;9|10;1;5;1
EPYAVWLDDWYARES;TRUE;15;2;9|10;3;1|4|5;1
RHSENACAVAEFLAD;FALSE;15;2;9|10;3;1|4|5;1
GTKNINDVITAVEPR;TRUE;15;1;9;4;1|3|4|5;0
GTVNQIYNNAGIAFT;TRUE;15;1;9;2;3|5;0
HIVYTEFKSMLSQSA;TRUE;15;2;9|10;3;1|4|5;1
VEVQVAYAIGKAAPV;FALSE;15;1;9;3;1|3|5;0
GDLLIGWRLLVLAGV;FALSE;15;2;9|10;3;1|3|5;1
MKIRRLQRAEQQSSH;TRUE;15;1;10;4;1|2|4|5;0
EGQLLLLDAQTLESI;FALSE;15;1;9;3;1|4|5;0
LVALDRLVGPDTRAL;TRUE;15;0;none;3;1|3|5;0
AYEPHYVDDRRYFEP;TRUE;15;0;none;3;1|3|5;0
ALDNWSIRRLSSLVG;FALSE;15;2;9|10;2;1|5;1
ATLNPLAAQIIGQLS;FALSE;15;1;9;2;3|5;0
LKTLVLRMQRHSENA;TRUE;15;1;10;3;1|2|5;0
QVRKAILGLLDVDLL;TRUE;15;2;8|9;2;1|5;1
TEREAFLAYADAVNE;FALSE;15;1;9;3;1|4|5;0
ANIFRRSEELFSLLR;TRUE;15;1;9;4;1|2|4|5;0
AMRWVAKNVVAAGLA;TRUE;15;2;9|10;3;1|2|5;1
LEQYIRDAKIDSLYE;TRUE;15;0;none;3;1|4|5;0
AISGAGVAGAALAHW;TRUE;15;2;9|10;2;3|5;1
ASQLARLAAALQEKK;TRUE;15;1;9;4;1|2|4|5;0
QEDALRVFERFYRAD;TRUE;15;1;8;3;1|4|5;0
LRSRVFFDWFDAMGV;FALSE;15;1;10;2;1|5;0
DMFRLDDKVAVITGG;TRUE;15;2;9|10;4;1|3|4|5;1
AFLCTSASSAIDVGA;FALSE;15;2;9|10;1;5;1
FVLIVVAAVGAYLFT;FALSE;15;1;9;2;1|5;0
ATTTTYLVPVNHLPL;TRUE;15;1;9;2;3|5;0
LRIALSTRVPTPLPV;TRUE;15;1;9;4;1|2|3|5;0
VNKFQGDASLAVFGA;TRUE;15;1;9;3;1|3|5;0
CHLMIDNPDRWAPPY;FALSE;15;2;9|10;3;1|3|5;1
NKRWEALHDEQLDAA;TRUE;15;2;8|10;2;1|5;1
ETQVADAAQAVMEAW;FALSE;15;2;9|10;3;1|4|5;1
AAQFKESTATLITEY;FALSE;15;1;9;1;5;0
SRLRQVLRNLVANAI;TRUE;15;1;9;3;1|2|5;0
ADSWLIRRCSVVQGC;FALSE;15;2;9|10;2;1|5;1
AGFALFVLTFLVNAA;FALSE;15;1;9;2;1|5;0
DLRMLAARLGSDVPF;TRUE;15;1;10;4;1|3|4|5;0
FGAYFLRNYFVLIVV;TRUE;15;1;9;2;1|5;0
HAFGASFLARIFPPG;TRUE;15;1;9;5;1|2|3|4|5;0
ARQPGRLRIALSTRV;TRUE;15;1;9;4;1|2|3|5;0
GRHVGREVAAAAERE;TRUE;15;1;9;4;1|3|4|5;0
PSILAADFARLADEA;TRUE;15;1;9;2;1|5;0
TVRLDQQTRQRLQDI;TRUE;15;0;none;2;1|5;0
GYDLDFGIAADQEFI;FALSE;15;1;9;3;1|3|5;0
AQYKAVARALRQAVE;TRUE;15;0;none;4;1|2|4|5;0
VCGYHCWAEFFVAGL;FALSE;15;2;9|10;3;1|3|5;1
LLPEATASVAALASM;TRUE;15;2;9|10;1;5;1
LTDTVATILAILALT;FALSE;15;1;9;2;1|5;0
AVVAMAAIATFAAPV;FALSE;15;2;9|10;1;5;1
HDDRRLLSLILLARD;TRUE;15;1;9;3;1|4|5;0
DVLLGDVRSLKQKRS;TRUE;15;0;none;4;1|2|4|5;0
ARLFEFVAAFFVVTA;FALSE;15;1;9;2;1|5;0
GSQYTSIRFSERLAE;TRUE;15;1;9;3;1|4|5;0
LTKLTGAGAAAFLMD;TRUE;15;2;9|10;4;1|3|4|5;1
GEILVRQRGTKFHPG;TRUE;15;0;none;4;1|2|3|5;0
RGPIPFSLRKFLAGK;TRUE;15;1;9;5;1|2|3|4|5;0
VPYHTVINRHVFESL;TRUE;15;0;none;2;1|5;0
VCGYHCWVEFFVAGL;FALSE;15;2;9|10;3;1|3|5;1
IEEFRRDVSELLPEA;TRUE;15;0;none;2;1|5;0
DPDRGGVEDLIDHIT;TRUE;15;1;7;4;1|3|4|5;0
IYFDVTGPSPTIVAM;FALSE;15;2;9|10;3;1|3|5;1
LRNIGVFGVNLVGLS;TRUE;15;1;9;3;1|3|5;0
LMVYVATVTQLSRIV;FALSE;15;2;9|10;2;1|5;1
MLIFMLWHAIFVEHS;FALSE;15;2;9|10;2;1|5;1
WAGFAYVAFVTDAYA;FALSE;15;2;9|10;1;5;1
FAKAAAATTAGAFMS;FALSE;15;2;9|10;1;5;1
QRLGVKRYGGQVVKA;TRUE;15;2;8|9;4;1|2|3|5;1
SQLYRRMLNVAEPLR;TRUE;15;2;9|10;4;1|2|4|5;1
IMTWVTAFFAPTDGG;FALSE;15;3;7|9|10;3;1|3|5;1
CGDWAQALAELRAAR;FALSE;15;2;9|10;3;1|4|5;1
DEGIQVLRRAVAALD;TRUE;15;1;9;3;1|4|5;0
ATVPAAAVGLVILVR;TRUE;15;1;9;4;1|3|4|5;0
AEHLRQASGLAREGA;TRUE;15;1;9;3;1|3|5;0
DTREHDIADSDDYFQ;TRUE;15;0;none;3;1|4|5;0
QRRFIGLLMLSVLVA;TRUE;15;3;8|9|10;3;1|2|5;1
VMAAAVHDFADLADG;TRUE;15;3;7|9|10;2;1|5;1
NRIPLYQIHQPNPVV;TRUE;15;2;8|9;4;1|2|3|5;1
VYQMQPVVFGAPLPL;TRUE;15;2;9|10;3;1|3|5;1
RAIVVDVIVDSANPH;FALSE;15;0;none;3;1|4|5;0
GAAITYIDYEQDWAG;TRUE;15;2;9|10;2;3|5;1
IMTWVTAFFAPLTVA;TRUE;15;2;9|10;2;1|5;1
DDGLSIVRAVASAVW;FALSE;15;3;7|9|10;3;1|4|5;1
AMTHYLSDHHYAVDN;TRUE;15;1;10;2;1|5;0
VDIAVVVLVLVLTNL;FALSE;15;1;9;2;1|5;0
AAIPRLRRALVAPCT;TRUE;15;2;9|10;4;1|2|3|5;1
MNRQYRRIAVAAKNT;TRUE;15;2;9|10;3;1|2|5;1
FVVMSCFFGTLMVIT;FALSE;15;2;9|10;2;1|5;1
HIYLRPFRYYVAYRT;TRUE;15;1;9;4;1|2|4|5;0
ANYFRSFSSSRRGRA;TRUE;15;1;9;2;2|5;0
APFPAVIKNRERASA;TRUE;15;1;9;4;1|2|3|5;0
AAAAIGAAAAGVTSI;TRUE;15;1;9;2;3|5;0
EGMTILYSDDDIVAV;FALSE;15;2;9|10;3;1|4|5;1
AADILKDESYKVTGT;TRUE;15;0;none;2;1|5;0
AAEKMIVDGRVEVDG;TRUE;15;2;7|10;3;1|3|5;1
FQLQPKYMEMLNLNE;TRUE;15;2;9|10;3;1|4|5;1
APGSLMFSTSSSSGT;TRUE;15;2;9|10;2;3|5;1
EFFAIMSDCANTQIG;FALSE;15;2;9|10;3;1|4|5;1
SNQQLSLAQQLDIDV;FALSE;15;1;9;2;1|5;0
ISRRRTEVATQVEAA;TRUE;15;1;9;3;1|2|5;0
ALALVVVAFTYLCFT;FALSE;15;2;9|10;2;1|5;1
ASGNLKRSFGTFQLT;TRUE;15;1;9;3;2|3|5;0
AAISVVLLSISFIVL;FALSE;15;1;9;2;1|5;0
ALRRYHEALGVPIST;TRUE;15;1;9;4;1|2|3|5;0
EGMKILYSDDDIVAV;TRUE;15;1;10;3;1|4|5;0
GELTFDVIHLRGHTP;TRUE;15;0;none;3;1|3|5;0
AAGLADDYDGVLADV;TRUE;15;2;7|9;3;1|3|5;1
AGTATIAAVLLASGA;TRUE;15;1;9;2;3|5;0
DMTKTLQRIKDLVEA;TRUE;15;1;10;3;1|4|5;0
AFFAIMSDCANTQIG;FALSE;15;2;9|10;2;1|5;1
ALGKFADAVAAECRR;FALSE;15;1;10;3;1|4|5;0
NYEVPAAMADEVEAA;TRUE;15;3;8|9|10;2;1|5;1
TFVGLDARYLRAAVR;TRUE;15;1;9;4;1|2|4|5;0
ELMLRRRPVSGAPVA;TRUE;15;2;9|10;5;1|2|3|4|5;1
AKIFTSVVLPSLTPA;TRUE;15;1;9;3;1|3|5;0
AQIYDLERDPPPRST;TRUE;15;2;6|7;3;1|3|5;1
FRAFLASARWWPNFE;TRUE;15;2;9|10;3;1|4|5;1
AFVFAMIAVDLSRLA;FALSE;15;2;9|10;2;1|5;1
FTTHAIVAAALASTA;TRUE;15;1;9;1;5;0
FNVLVAALIVYVGDQ;FALSE;15;1;9;2;1|5;0
EVAWQRLVSKSAAIA;TRUE;15;2;9|10;3;1|4|5;1
DLTDWLSSARLNLLA;TRUE;15;2;9|10;3;1|4|5;1
ELTPDEAAAVAVATQ;FALSE;15;1;9;2;4|5;0
AVFLLYFLLRRDGRA;TRUE;15;2;7|9;3;1|2|5;1
ARALRATTAIAVVVG;FALSE;15;1;9;3;1|2|5;0
ATAINGNGSRIQTWT;TRUE;15;2;9|10;2;3|5;1
ARLVSTPSWRTEITH;TRUE;15;2;9|10;4;1|2|4|5;1
DEFFFMEMNTRLQVE;FALSE;15;1;10;3;1|4|5;0
AMRHKRFRAFLASAR;TRUE;15;2;9|10;4;1|2|4|5;1
ARDFAAEAAFVFAMI;TRUE;15;2;9|10;2;1|5;1
ALLVFFGLFLGVAGT;FALSE;15;1;9;3;1|3|5;0
FVVSFVFNVLVAALI;FALSE;15;1;9;2;1|5;0
ETITGLRPDRPSVRV;TRUE;15;1;9;5;1|2|3|4|5;0
DLTDWLSSARLYLLA;FALSE;15;2;9|10;3;1|4|5;1
LLSTRGYITAEKIRS;TRUE;15;1;9;3;1|2|5;0
SPQLTPAVFLLYFLL;FALSE;15;1;9;3;1|3|5;0
NAFLGKQVLSAAGVV;FALSE;15;2;8|9;3;1|3|5;1
ASILGLVAAPLMLLG;FALSE;15;2;9|10;3;1|3|5;1
ARLVFNAFLANGDYA;TRUE;15;1;9;2;1|5;0
GDDTLFLERFVLRPR;TRUE;15;0;none;4;1|3|4|5;0
AEYLADVTIHVSLTH;TRUE;15;0;none;3;1|4|5;0
FPDGETRDLFLTLLS;TRUE;15;2;7|9;3;1|3|5;1
EHRTRVRKYLTLMAF;FALSE;15;2;9|10;4;1|2|4|5;1
RDIPLDVIQRLGLAY;TRUE;15;1;9;4;1|3|4|5;0
AALLTRVIASAVAEG;FALSE;15;1;9;2;1|5;0
ASRGFFGSRPFSRAN;TRUE;15;1;9;3;2|3|5;0
EEQFRLAAAVAAALA;FALSE;15;1;9;3;1|4|5;0
SSGGMFNNYAIVQGV;FALSE;15;2;9|10;2;3|5;1
RSIDLINQLGGLRKP;TRUE;15;1;9;5;1|2|3|4|5;0
KVFVVLYDMTPADEK;TRUE;15;2;9|10;3;1|4|5;1
AEVLIDAVAAAGAEC;FALSE;15;2;9|10;2;1|5;1
ISVAYALMVATIVGL;FALSE;15;2;9|10;2;1|5;1
AACATAAVSVEEGVD;FALSE;15;2;9|10;3;1|4|5;1
FPDGETRDLFLTLLL;FALSE;15;2;7|9;3;1|3|5;1
YGMLKLLVSTEDLKL;FALSE;15;2;9|10;2;1|5;1
AELAQLDEALKLHLD;TRUE;15;0;none;3;1|4|5;0
RNGIYIIDLQQTLTF;FALSE;15;1;9;3;1|4|5;0
ASLGFFGSRPFSRAN;TRUE;15;1;9;3;2|3|5;0
AAVWDAARAAAEDEE;TRUE;15;1;10;3;1|4|5;0
LRPGPTMISDRKLAW;FALSE;15;2;9|10;4;1|2|3|5;1
AAWSARVRETLFVDG;TRUE;15;3;7|9|10;2;1|5;1
ATDVDADVAIALDPD;TRUE;15;2;7|9;3;1|4|5;1
DFGAQYAQLIARRVR;TRUE;15;1;9;4;1|2|4|5;0
HRYFLAAKQTEFALG;FALSE;15;1;9;4;1|2|4|5;0
QTLQCIYLSIEYLYV;FALSE;15;3;8|9|10;2;1|5;1
ASTLVQVGAVPKAVS;TRUE;15;1;9;2;3|5;0
KGTNAELFIEQVTRM;FALSE;15;1;10;3;1|4|5;0
GSMPPRPGGAVGGAR;TRUE;15;2;9|10;4;2|3|4|5;1
AREVILRLFGPLLDA;TRUE;15;1;9;3;1|3|5;0
HLTLVHKTNVLTLAG;TRUE;15;1;9;4;1|2|4|5;0
HCANMLVAAESAIAA;FALSE;15;2;9|10;3;1|4|5;1
PPFEGMWWLYVPLAF;FALSE;15;2;9|10;3;1|3|5;1
ANLELYLIFPLASEQ;TRUE;15;1;9;2;1|5;0
MDRFRWLVAAQGGDL;FALSE;15;2;9|10;3;1|3|5;1
AGMVTDPVTCRPDNT;FALSE;15;3;7|9|10;3;1|3|5;1
LEAGRTIWGFPKIMA;TRUE;15;2;9|10;3;1|3|5;1
AAHASAGAAASAVSA;FALSE;15;1;9;1;5;0
AVLEEVIYLLDTVGE;FALSE;15;1;9;3;1|4|5;0
KTELWMLMSPTMIAR;TRUE;15;2;9|10;3;1|4|5;1
EFVKSASSTVEAPVA;TRUE;15;1;9;3;1|4|5;0
LQHGMEKAREVILRL;TRUE;15;1;10;3;1|2|5;0
HLTLVHKTNVLTFAG;TRUE;15;1;9;4;1|2|4|5;0
GYGLSELVVVIEELG;FALSE;15;1;9;3;1|3|5;0
HQHVNGYRVEVVEPL;FALSE;15;0;none;4;1|3|4|5;0
PTLSRVANLELYLIF;TRUE;15;1;9;2;1|5;0
MDRFRRLVAAQGGDL;TRUE;15;2;9|10;3;1|3|5;1
LTKKIRLKVPLVSSA;TRUE;15;1;9;3;1|2|5;0
LPGKAIVMQMLVRYV;TRUE;15;2;9|10;4;1|2|3|5;1
AALLARLDEAITSPA;FALSE;15;1;9;2;1|5;0
FGRIRQFNSGRWQAS;TRUE;15;2;9|10;4;1|2|3|5;1
CEYFAVNHSTPDALA;FALSE;15;2;9|10;2;1|5;1
VVAMFALTWAIALLV;FALSE;15;2;9|10;2;1|5;1
LHLQLILREGGAELT;TRUE;15;1;9;3;1|3|5;0
PTMDTTYPVDVDDFR;TRUE;15;2;9|10;4;1|3|4|5;1
AATLFGGLEAIGRYL;TRUE;15;1;9;3;1|3|5;0
RTTEPPRRGGRGARQ;FALSE;15;0;none;4;2|3|4|5;0
AAIKAAAHVAAELIP;TRUE;15;0;none;2;1|5;0
HQVEWTNYLTPQALI;TRUE;15;2;9|10;3;1|4|5;1
AHRFAQSSTVLFLGR;TRUE;15;1;9;4;1|2|4|5;0
QMLWDPIRFDETCPS;FALSE;15;3;7|8|10;3;1|3|5;1
AALLVRLDEAITSPA;TRUE;15;1;9;2;1|5;0
LSVVAPSQFTFSSRS;TRUE;15;1;9;1;5;0
CEYFVRQPFPLRTRG;FALSE;15;2;9|10;4;1|2|3|5;1
LNTVGFVVVAMFALT;TRUE;15;2;9|10;2;1|5;1
DQSVSLLHLQLILRE;TRUE;15;1;9;3;1|4|5;0
IRVGSFRGRWLDPRH;TRUE;15;2;7|10;5;1|2|3|4|5;1
DAFMSLAGFVRMLEA;FALSE;15;2;9|10;3;1|4|5;1
PAHRVAIEFDPPLPP;FALSE;15;2;7|9;3;1|3|5;1
NYAELTAELELALAS;FALSE;15;2;8|9;2;1|5;1
VLVAQAWHWVDPARA;TRUE;15;3;7|9|10;2;1|5;1
ASTKTFLAQIAANYL;TRUE;15;1;9;1;5;0
APHVRAYIRRSGAPA;TRUE;15;1;9;3;2|3|5;0
LLVLVYSLLYYRVLG;FALSE;15;1;9;2;1|5;0
GMQMRLTFARSLIND;FALSE;15;1;10;3;1|4|5;0
DFVTALQLDTKLDGI;TRUE;15;2;7|9;3;1|4|5;1
MIDEALFDAEEKMEK;FALSE;15;1;10;3;1|4|5;0
VLVRRWPKVISRAMV;TRUE;15;1;10;3;1|2|5;0
AIALAQFYDVPMVST;TRUE;15;2;9|10;2;1|5;1
AAAADAVAEADAELK;FALSE;15;0;none;3;1|4|5;0
AQTVVASTNNAIIAT;FALSE;15;1;9;1;5;0
DLVIQVQAPPSVASG;FALSE;15;1;9;3;3|4|5;0
FTVAPSYYMTETTLR;TRUE;15;2;9|10;2;4|5;1
MRFIGVIPRPQPHSG;TRUE;15;2;9|10;4;1|2|3|5;1
ARIVAQALVGAEPYY;TRUE;15;1;9;2;3|5;0
AGAIGLLLVLVYSLL;FALSE;15;1;9;3;1|3|5;0
ENLRFFASLYAGATA;FALSE;15;1;9;2;4|5;0
RFVTLTDILGAEDAF;TRUE;15;1;9;3;1|4|5;0
FNLLTDGNIARAVWG;FALSE;15;3;7|9|10;3;1|3|5;1
GIRLVIVLVRRWPKV;TRUE;15;2;9|10;4;1|2|3|5;1
AAGHDVVVLSRCPSG;FALSE;15;2;9|10;3;1|3|5;1
DLPVLYELAAEEAGA;TRUE;15;1;9;4;1|3|4|5;0
AARGIDIDDVTHVIN;TRUE;15;0;none;2;1|5;0
GQLKAVVATSSLELG;FALSE;15;1;9;3;1|3|5;0
LAYYAARYNIDLDLI;TRUE;15;1;9;2;1|5;0
FDREISPIQAPVLDE;TRUE;15;1;9;4;1|3|4|5;0
DHFVVFGAVESLSEV;FALSE;15;1;9;3;1|4|5;0
VRGWPVLSFSRPVSL;TRUE;15;2;9|10;4;1|2|3|5;1
AADRIIDLLSRARDS;FALSE;15;0;none;2;1|5;0
AALVRFLAQGVEATS;TRUE;15;1;9;2;1|5;0
ADRIAALTLAHAYSR;TRUE;15;1;9;4;1|2|4|5;0
ATGAAEAIEAEGLRY;TRUE;15;1;9;2;3|5;0
AVGSPVLVVDRTSYT;TRUE;15;1;9;3;1|3|5;0
PPNFWAWLIAQVKTV;FALSE;15;2;9|10;3;1|3|5;1
GYAGASAAATPLTPF;FALSE;15;1;9;2;3|5;0
ALRYDADDDYPAFCI;TRUE;15;2;9|10;2;1|5;1
GQLRPRVRQDPKIQM;TRUE;15;2;7|10;4;1|2|3|5;1
ILVNVNFRYVEGELR;TRUE;15;1;9;3;1|4|5;0
DHFVLFGAVESLSEV;FALSE;15;1;9;3;1|4|5;0
FGGELAFLQFDIRAH;TRUE;15;1;9;4;1|3|4|5;0
AMFLLAIVVDVVINL;FALSE;15;2;9|10;2;1|5;1
AGARLRWRATKPVAA;TRUE;15;1;10;4;1|2|3|5;0
AIVVAAIAAVVAVAA;FALSE;15;1;9;2;1|5;0
INAFVVRKSAKAHGM;TRUE;15;2;9|10;3;1|2|5;1
LRLLESYRDSFYLLV;TRUE;15;1;9;2;1|5;0
HPSLGTIDDFDDFVS;FALSE;15;1;9;4;1|3|4|5;0
GYAGASAAATQLTPF;FALSE;15;1;9;2;3|5;0
AGYELKQRIIEHLKQ;TRUE;15;0;none;3;1|2|5;0
GQLRPRVRKDPKIQM;TRUE;15;2;7|10;4;1|2|3|5;1
NSGFGNAGTNNSGFF;FALSE;15;2;8|9;2;3|5;1
DLTAAVVGAAAVGYL;FALSE;15;1;9;3;3|4|5;0
ASRTMLMDLETLDWD;TRUE;15;1;10;3;1|4|5;0
ATGVVIHVVADAAAL;FALSE;15;1;9;2;1|5;0
AGGVLVIDGAGSLHT;TRUE;15;2;7|9;3;1|3|5;1
STVAVAAADFSPEEQ;TRUE;15;1;9;1;5;0
FSMTGTEVVTIAAAE;TRUE;15;2;9|10;3;1|4|5;1
GNAGHGGAGGNGAAA;TRUE;15;1;9;2;3|5;0
ADGPDDAALEAAAER;TRUE;15;1;7;4;1|3|4|5;0
TLADLEDMASAWVEH;FALSE;15;2;9|10;3;1|4|5;1
DDQLLAWAADDLVTV;FALSE;15;2;9|10;3;1|4|5;1
NTGAFISGNYSNGVL;TRUE;15;2;8|9;2;3|5;1
MSFVIAVPEFLSAAA;TRUE;15;2;9|10;2;1|5;1
LNTMFDEDHDELVLV;TRUE;15;2;9|10;2;1|5;1
ASRTMLMDLKTLDWD;TRUE;15;1;10;3;1|4|5;0
TIQVARALAARVAIT;TRUE;15;1;9;3;1|2|5;0
NWSDGSAPIEEMMAT;TRUE;15;4;7|8|9|10;3;1|3|5;1
NTVAVAAADFSPEEQ;TRUE;15;2;8|9;1;5;1
FSVGWLYWYFWVIVV;FALSE;15;2;9|10;2;1|5;1
DGGQGGNGAGAGASG;TRUE;15;2;7|9;3;3|4|5;1
GRAKLDHSYDDLASS;TRUE;15;0;none;2;1|5;0
TLADLEDIASAWVEH;FALSE;15;2;9|10;3;1|4|5;1
ARIAFLIRFGTGVLP;TRUE;15;1;9;4;1|2|3|5;0
VKSMILHEILPIDVS;TRUE;15;1;10;2;1|5;0
IIRMVDLMISRVAGQ;TRUE;15;1;10;2;1|5;0
EVPFARIGRLGQVPV;TRUE;15;1;9;4;1|3|4|5;0
FGFLKSKLRTGGLLL;TRUE;15;1;9;4;1|2|3|5;0
ALRTLALPFGIQVET;TRUE;15;1;9;3;1|3|5;0
GKSEFLRTLILSLVA;TRUE;15;1;9;2;1|5;0
ALILVDAANPLAGKP;TRUE;15;1;9;3;1|3|5;0
FLLVPVLILLTVSGR;TRUE;15;1;9;4;1|3|4|5;0
AGGQGATAGAGGAGA;TRUE;15;1;9;2;3|5;0
LAMEGLAAFFFESTF;FALSE;15;2;9|10;2;1|5;1
AIIGAFAARRWYRKW;TRUE;15;2;9|10;3;1|2|5;1
AGGAGGVGAVGGKGG;TRUE;15;1;9;2;3|5;0
GQNTPAIAAAEAEYE;TRUE;15;1;9;3;3|4|5;0
AFATEAASMIASNTA;TRUE;15;2;9|10;1;5;1
AWLIMLMTSPPTRAA;FALSE;15;2;9|10;3;1|3|5;1
CEQEGVVVDDAVYPL;FALSE;15;2;9|10;3;1|3|5;1
PYQNFDALRTLALPF;TRUE;15;1;9;3;1|3|5;0
NQSFRQVTSVTDRMS;TRUE;15;3;8|9|10;2;1|5;1
NTLFQTLTSIAEKVD;TRUE;15;2;8|9;3;1|4|5;1
PLWVFLLVPVLILLT;TRUE;15;2;9|10;3;1|3|5;1
AAAGTGIAGAGGRGG;TRUE;15;1;9;2;3|5;0
ITTVYHFIFVPLTIG;TRUE;15;1;9;3;1|3|5;0
TALGASITNLSSPLV;FALSE;15;1;9;2;3|5;0
LIGNGGAGGAGGVGA;TRUE;15;1;9;2;3|5;0
AGWLGSVAAAAEAVA;FALSE;15;2;9|10;2;3|5;1
AFTSEGIQLLASNAS;TRUE;15;1;9;1;5;0
MSQLSFFAAESVPPP;FALSE;15;3;6|9|10;2;3|5;1
DRVSWFPVARARTKL;TRUE;15;2;9|10;4;1|2|4|5;1
AVVTFNVVAFTVAEV;FALSE;15;1;9;2;1|5;0
LGLRFSTGHALLASA;TRUE;15;1;9;4;1|2|3|5;0
LVAEILRIISGGRLI;FALSE;15;1;9;3;1|3|5;0
GQGDILATAFLQAGQ;TRUE;15;1;9;2;3|5;0
AGGAVGAVAARTRSG;TRUE;15;1;9;3;2|3|5;0
RAGPAAPAASVPAEP;TRUE;15;1;9;3;3|4|5;0
TCWFARALELRTLLI;FALSE;15;2;9|10;2;1|5;1
ELFVAAYVPYVAWLV;FALSE;15;2;9|10;3;1|4|5;1
AANKAAAAATTQVLA;TRUE;15;1;9;1;5;0
ETLRSLYFLSSRVSG;TRUE;15;1;9;3;1|4|5;0
MSQLSFFAAESVPPA;FALSE;15;2;9|10;2;3|5;1
FVIFLREGFPINILN;TRUE;15;1;9;3;1|3|5;0
GLIALLIAFALTTNV;FALSE;15;1;9;2;1|5;0
PCFGAIQRQTTSTPG;FALSE;15;2;9|10;2;3|5;1
LSAEYAAVADELIGL;TRUE;15;1;9;2;1|5;0
CGCGGYLWSMLKRVE;FALSE;15;2;9|10;4;1|3|4|5;1
LGLASLAGGAVGAVA;TRUE;15;1;9;2;3|5;0
AGGAGGAGGIGAGGA;FALSE;15;1;9;2;3|5;0
ALGWAMRRKPFSRFN;TRUE;15;2;9|10;4;1|2|3|5;1
ALSAEYAAVAQELSV;TRUE;15;1;9;1;5;0
MSFVLISPEVVSAAA;TRUE;15;2;9|10;2;1|5;1
ALTALGMLDHQEEDL;TRUE;15;2;9|10;2;1|5;1
MISVLGPISGHVLKAVFSRG;TRUE;20;2;9|10;4;1|2|3|5;1
KPGKISHIMLDVAFTSHEHF;TRUE;20;2;9|10;4;1|3|4|5;1
KAQLNRHSYLKDSDFLDAA;TRUE;19;0;none;3;1|4|5;0
HDVSKGDDNKLGGALQAKA;TRUE;19;1;9;4;1|3|4|5;0
PQYSEHPTFTSQYRIQ;TRUE;16;1;9;2;3|5;0
LNIPSINVHHYPSAA;TRUE;15;1;9;2;3|5;0
LQNALDILDKVHEPF;TRUE;15;1;9;2;1|5;0
KTTRPFKVIIKPPVP;TRUE;15;0;none;5;1|2|3|4|5;0
ALPLKMLNIPSINVH;TRUE;15;2;9|10;5;1|2|3|4|5;1
LAWTRQQNQWKEPDV;TRUE;15;2;9|10;2;1|5;1
AGILARNLVPMVATV;TRUE;15;2;9|10;3;1|3|5;1
MLDVAFTSHEHFGLL;TRUE;15;2;9|10;2;1|5;1
LPLKMLNIPSINVHH;TRUE;15;2;9|10;5;1|2|3|4|5;1
SRVIAGTVFVAYHRD;TRUE;15;1;9;4;1|2|4|5;0
VYKYDSRPPEDVFQNG;TRUE;16;1;9;3;1|3|5;0
SVASIVGTLVRMAPVM;TRUE;16;2;9|10;3;1|3|5;1
WSERAGEAMVLVYYES;TRUE;16;2;9|10;2;1|5;1
SSRRYTEVYLEHRMQE;TRUE;16;1;10;3;1|4|5;0
LASQARWTGATRAVDS;TRUE;16;2;9|10;1;5;1
AVVHLQRATIRRGDAP;TRUE;16;0;none;4;1|2|3|5;0
HADWNNQSIVKTGERQ;FALSE;16;2;9|10;3;1|4|5;1
EASAITTYVGFSVVYP;TRUE;16;1;9;3;3|4|5;0
QNRYEYIWGLYPTYTE;TRUE;16;3;8|9|10;3;3|4|5;1
AVALLNKLGRIRAGED;TRUE;16;1;9;5;1|2|3|4|5;0
RVSVQSVNSASRVAIS;TRUE;16;1;9;3;2|4|5;0
LKTYSVQLKLYDDKNASLGL;TRUE;20;1;9;2;1|5;0
YVSIDKFRIFCKALNPKEIE;TRUE;20;1;10;3;1|4|5;0
GALETTGVVLLLEYIPEITL;TRUE;20;1;9;3;1|3|5;0
PALLLMHELIHVLHGLYGMQ;TRUE;20;2;9|10;3;1|3|5;1
LYKKMEAVKLRDLKT;TRUE;15;1;10;3;1|2|5;0
KLESKINKVFSTPIP;TRUE;15;1;9;5;1|2|3|4|5;0
WLGTVNTQFQKRSYQ;TRUE;15;2;9|10;2;2|5;1
DDNTIYQYLYAQKSP;TRUE;15;1;9;2;4|5;0
IINAIPYLGNSYSLL;TRUE;15;1;9;2;3|5;0
SLQYLALVALVAPKK;TRUE;15;1;9;4;1|2|4|5;0
WEFVNTPPLVKLWYQ;TRUE;15;2;9|10;3;1|3|5;1
QEPFKNLKTGKYAKM;TRUE;15;2;8|10;4;1|2|3|5;1
LGPAATLEEMMTACQ;TRUE;15;2;9|10;3;1|3|5;1
YKRWIILGLNKIVRM;TRUE;15;2;9|10;3;1|2|5;1
GWPFKLVPVDPREVQ;TRUE;15;2;7|10;3;1|3|5;1
WSKSSIVGWPAVRER;TRUE;15;2;9|10;5;1|2|3|4|5;1
AIRHIPRRIRQGLER;TRUE;15;0;none;5;1|2|3|4|5;0
GIVQQQNNLLRAIEA;FALSE;15;1;9;2;1|5;0
TWFNSTWSTKGSNNT;TRUE;15;2;9|10;1;5;1
RIQRGPGRAFVTIGK;TRUE;15;1;9;5;1|2|3|4|5;0
DKELYPLASLRSLFG;TRUE;15;1;9;4;1|3|4|5;0
GSSMDSKSSGWGMNH;TRUE;15;2;9|10;3;3|4|5;1
QGNMQREPNQAFGSG;TRUE;15;3;8|9|10;2;3|5;1
DDQIAQSLCGEDLII;TRUE;15;2;9|10;3;1|4|5;1
KLPNSKQSQDEPLRS;TRUE;15;0;none;4;1|3|4|5;0
LPWKTTEQDLKEYFS;FALSE;15;1;10;2;1|5;0
LHAPDAGWGNLVYVV;TRUE;15;2;9|10;3;1|3|5;1
MRGVRLVEGILHAPD;TRUE;15;1;10;4;1|3|4|5;0
SKDSTYSLSSTLTLS;FALSE;15;1;9;1;5;0
DKSRWQQGNVFSCSV;TRUE;15;2;9|10;3;1|4|5;1
AVEWESNGQPENNYK;TRUE;15;2;9|10;3;3|4|5;1
VVDVSHEDPEVKFNW;TRUE;15;2;7|10;2;1|5;1
PSVFLFPPKPKDTLM;TRUE;15;2;9|10;4;1|2|3|5;1
YICNVNHKPSNTKVD;TRUE;15;2;9|10;4;1|2|4|5;1
GTAALGCLVKDYFPE;TRUE;15;2;9|10;4;1|3|4|5;1
SSIHWYQQRTNGSPR;TRUE;15;2;9|10;4;2|3|4|5;1
DILLTQSPAILSVSP;TRUE;15;1;9;4;1|3|4|5;0
YNRAPYTFGQGTKVE;TRUE;15;1;9;3;3|4|5;0
NYLAWYQQKPGKAPK;TRUE;15;3;8|9|10;4;2|3|4|5;1
LRAEDTAVYYCAKVS;TRUE;15;2;9|10;2;1|5;1
WVRQAPGKGLEWVSA;TRUE;15;1;10;3;1|3|5;0
GSGTDFTLTISSLQP;TRUE;15;1;9;2;3|5;0
LQWNSLKASDTAMYY;TRUE;15;2;9|10;1;5;1
SDIRYSPSFQGQVTM;TRUE;15;2;9|10;2;3|5;1
TPRVTGGGAMA;TRUE;11;2;9|10;2;3|5;1
QEFFWDANDIY;FALSE;11;2;8|10;2;1|5;1
QAIRETVELR;TRUE;10;1;8;3;1|4|5;0
EFFWDANDI;FALSE;9;1;10;3;1|4|5;0
GPISGHVLK;TRUE;9;1;9;5;1|2|3|4|5;0
IIYTRNHEV;TRUE;9;0;none;2;1|5;0
RPSTPRAAV;TRUE;9;0;none;4;2|3|4|5;0
QYDPVAALF;TRUE;9;3;7|8|9;1;5;1
SGQLLWDTVTGVNMT;TRUE;15;2;9|10;3;1|3|5;1
IGRWYSRTMSKTQRM;FALSE;15;1;10;3;1|2|5;0
TAEIRLMCTKTYLDT;FALSE;15;1;10;2;1|5;0
TDTYHSYAKNILRTQ;TRUE;15;0;none;2;2|5;0
REPFIACGPKECKHF;TRUE;15;2;9|10;5;1|2|3|4|5;1
IQTLTLFLTLGGVLL;FALSE;15;1;9;3;1|3|5;0
GEYSLPTFDSLNITA;TRUE;15;1;9;2;3|5;0
VLLSNEGIINSEDEH;TRUE;15;1;9;3;1|4|5;0
STQEAINKITKNLNS;TRUE;15;0;none;1;5;0
PIWVKTPLKLANGTK;TRUE;15;2;9|10;5;1|2|3|4|5;1
VLLPQKVWCASGRSK;TRUE;15;2;9|10;5;1|2|3|4|5;1
QITVWGFHSDNKTQM;TRUE;15;3;8|9|10;2;1|5;1
ATSKIGFFSTMAWAV;TRUE;15;2;9|10;2;1|5;1
ALGRPMCVGTTPSAK;TRUE;15;2;9|10;4;2|3|4|5;1
HDGGKETWHSAATAI;TRUE;15;3;7|9|10;4;1|3|4|5;1
TDGSASGVSECRFLK;TRUE;15;3;7|9|10;4;1|3|4|5;1
AWSGSACHDGKEWTY;TRUE;15;3;7|9|10;3;1|3|5;1
SATKGVTLLLPGPEW;TRUE;15;2;9|10;3;1|3|5;1
ILLKFSPTEITAPTM;TRUE;15;2;9|10;3;1|3|5;1
EFSLPTFDSLNITAA;TRUE;15;1;9;3;1|4|5;0
VEIGNGCFETKHKCN;TRUE;15;2;9|10;3;1|3|5;1
DELHNEILELDEKVD;TRUE;15;0;none;3;1|4|5;0
EGGWEGMIAGWHGYT;TRUE;15;2;9|10;4;1|3|4|5;1
IWVKTPLKLANGTKY;TRUE;15;2;9|10;4;1|2|3|5;1
EKYGGLNKSKPYYTG;TRUE;15;1;9;4;2|3|4|5;0
GGLPQSGRIVVDYMV;FALSE;15;2;9|10;3;1|3|5;1
ITVWGFHSDNETQMA;TRUE;15;2;9|10;2;1|5;1
GFFATMAWAVPDKNK;TRUE;15;2;9|10;4;1|3|4|5;1
HVRLSTHNVINAEGA;TRUE;15;1;9;3;1|4|5;0
CFWVELIRGRPEENT;TRUE;15;1;10;3;1|3|5;0
ELTGLDCIRPCFWVE;TRUE;15;2;9|10;4;1|3|4|5;1
WHGSNRPWVSFNQNL;TRUE;15;2;9|10;4;1|2|3|5;1
VCRDNWHGSNRPWVS;TRUE;15;1;10;4;1|2|3|5;0
IKSWRNNILRTQESE;TRUE;15;1;10;4;1|2|4|5;0
NSRFESVAWSASACH;TRUE;15;3;8|9|10;3;1|4|5;1
KGDVFVIREPFISCS;TRUE;15;2;9|10;4;1|3|4|5;1
GWAIYSKDNSVRIGS;TRUE;15;2;9|10;3;1|3|5;1
QSVITYENNTWVNQT;TRUE;15;3;8|9|10;1;5;1
KLESTRIYQILAIYS;TRUE;15;1;9;3;1|4|5;0
TCMESVKNGTYDYPK;TRUE;15;1;10;4;1|3|4|5;0
GFLDIWTYNAELLVL;TRUE;15;2;9|10;2;1|5;1
QNEQGSGYAADLKST;TRUE;15;2;8|9;2;3|5;1
NIHPITIGKCPKYVK;TRUE;15;3;8|9|10;5;1|2|3|4|5;1
VEPGDKITFEATGNL;TRUE;15;1;9;3;1|3|5;0
LVLWGIHHPSTTADQ;TRUE;15;2;9|10;3;1|3|5;1
FEIFPKASSWPNHDS;TRUE;15;2;9|10;3;1|3|5;1
EDKHNGKLCKLRGVA;TRUE;15;1;10;5;1|2|3|4|5;0
TFTTANADTLCIGYH;TRUE;15;2;9|10;2;4|5;1
SVEGKSCINRCFYVE;TRUE;15;1;10;3;1|4|5;0
DGNDVWMGRTINETS;TRUE;15;2;7|10;4;1|3|4|5;1
NNEEGGHGVKGWAFD;TRUE;15;2;8|10;4;1|3|4|5;1
CRDNWKGSNRPIVDI;TRUE;15;1;10;3;1|3|5;0
LVDSVVSWSKDILRT;TRUE;15;2;9|10;2;1|5;1
NNVHSNNTVRDRTPY;TRUE;15;2;8|9;2;2|5;1
GGDIWVTREPYVSCD;TRUE;15;2;9|10;4;1|3|4|5;1
MLCEPTIIERNITEI;TRUE;15;1;10;2;1|5;0
IMWACQKGNIRCNIC;TRUE;15;2;9|10;3;1|2|5;1
LWSYNAELLVALENQ;TRUE;15;2;9|10;2;1|5;1
DTKIDLWSYNAELLV;FALSE;15;2;9|10;3;1|4|5;1
WYGFRHQNSEGRGQA;TRUE;15;1;10;3;2|3|5;0
QNVNRITYGACPRYV;TRUE;15;3;8|9|10;3;2|3|5;1
WGVHHPGTDKDQIFL;TRUE;15;1;10;3;1|3|5;0
DKLYIWGVHHPGTDK;TRUE;15;2;9|10;4;1|3|4|5;1
QNKKWDLFVERSKAY;TRUE;15;2;8|10;3;1|2|5;1
PHQILDGENCTLIDA;TRUE;15;3;7|9|10;3;1|3|5;1
LCLVFAQKIPGNDNS;TRUE;15;2;9|10;3;1|3|5;1
YTAKRPFVKLNVETD;TRUE;15;0;none;3;1|4|5;0
ALTHYAAQPGGYYNG;TRUE;15;1;9;2;3|5;0
RTKIRQLPNLLRGYE;FALSE;15;1;9;5;1|2|3|4|5;0
VKSTDYHQKRETIRL;TRUE;15;0;none;3;1|2|5;0
NSLFERLNEGHSKPI;TRUE;15;1;8;3;1|3|5;0
LHRLNAYDQSGRLVA;TRUE;15;0;none;3;1|2|5;0
YSWIDYPSTPGRCLD;TRUE;15;2;9|10;4;1|3|4|5;1
KVLLFMNPSAGIEGF;TRUE;15;2;9|10;4;1|3|4|5;1
QKEIQAKEAMKEVLS;TRUE;15;2;8|10;2;1|5;1
FWAPMTRSGGNEAGG;TRUE;15;2;9|10;2;3|5;1
TSSEDDVGRKTQKKQ;TRUE;15;0;none;2;1|5;0
LKLRWESYPNLVKST;TRUE;15;2;9|10;3;1|2|5;1
MTTTQIEWRMKKMAI;TRUE;15;2;9|10;3;1|2|5;1
KEEVNTQKEGKFRLT;TRUE;15;0;none;3;1|4|5;0
LDYPGQDRLNRLKRK;TRUE;15;0;none;5;1|2|3|4|5;0
MAWTIGHLNQIKRGI;TRUE;15;2;9|10;4;1|2|3|5;1
FWAPMTRSGGNEVGG;TRUE;15;2;9|10;2;3|5;1
DDMERNLIQNAHAVE;TRUE;15;2;9|10;3;1|4|5;1
IRWLIEEVRHKLKIT;TRUE;15;1;10;3;1|2|5;0
FAWRSSNENGRPPLT;TRUE;15;1;10;2;3|5;0
VIFDRLETLILLRAF;TRUE;15;1;9;2;1|5;0
MASVPASRYLTDMTL;TRUE;15;2;9|10;2;1|5;1
RVADQELGDAPFLDR;TRUE;15;0;none;4;1|3|4|5;0
WILDRLFFKCIYRRF;TRUE;15;1;10;3;1|2|5;0
THPSSSAGLKNDLLE;TRUE;15;1;9;4;1|3|4|5;0
ARPEDVSFQGRGVFE;TRUE;15;1;9;4;1|3|4|5;0
IDPFRLLQNSQVYSL;TRUE;15;2;7|9;2;1|5;1
FWRGENGRKTRIAYE;TRUE;15;1;10;5;1|2|3|4|5;0
AGLTHMMIWHSNLND;TRUE;15;1;10;3;1|4|5;0
EEVRHRLRTTENSFE;TRUE;15;0;none;3;1|4|5;0
EWNDNTVRVSKNLQR;TRUE;15;1;10;4;1|2|4|5;0
IVGEISPLPSFPGHT;TRUE;15;1;9;3;1|3|5;0
KLSDAPFLDRLRRDQ;TRUE;15;0;none;3;1|4|5;0
WILDRLFFKCVYRLF;TRUE;15;1;10;3;1|2|5;0
STGLRDDLLENLQTY;TRUE;15;1;9;2;1|5;0
ALMEWLKTRPILSPL;TRUE;15;2;9|10;3;1|3|5;1
VSFRGRGVFELSDEK;TRUE;15;0;none;4;1|3|4|5;0
LLQNSQIYSLIRPNE;TRUE;15;1;9;3;1|4|5;0
FWRGENGRKTRSAYE;TRUE;15;1;10;5;1|2|3|4|5;0
IMIWHSNLNDATYQR;TRUE;15;1;10;3;1|4|5;0
ELKLSDHEGRLIQNS;TRUE;15;1;9;3;1|4|5;0
VSSFQDILLRMSKMQ;TRUE;15;2;9|10;2;1|5;1
AGALASCMGLIYNRM;TRUE;15;2;9|10;3;1|3|5;1
LTVPSERGLQRRRFV;FALSE;15;1;9;4;1|2|3|5;0
WAIRTRSGGNTNQQR;TRUE;15;2;9|10;4;2|3|4|5;1
TRALVRTGMDPRMCS;TRUE;15;2;7|10;4;1|2|3|5;1
REVSILRHSYQKEIQ;TRUE;15;0;none;4;1|2|4|5;0
GMGKGEDVQKLAEEL;TRUE;15;1;10;3;1|3|5;0
SALEWIKNKRCLTDI;TRUE;15;1;10;2;1|5;0
TNPIEIPIKQTIPNF;TRUE;15;1;9;3;1|3|5;0
ERPIALSKQAVRRML;TRUE;15;2;9|10;4;1|2|4|5;1
DLRVLSALTGTEFKP;TRUE;15;1;9;4;1|3|4|5;0
ISIYAKIPQLGFNVE;TRUE;15;1;9;4;1|3|4|5;0
AYEKILLNLKNKCSA;TRUE;15;2;9|10;3;1|2|5;1
KRVGLDPSLISTFAG;TRUE;15;2;7|9;4;1|3|4|5;1
KMVRDDKTIYFSPIR;TRUE;15;2;9|10;4;1|2|4|5;1
NMVVKLGEFYNQMMV;TRUE;15;3;8|9|10;2;1|5;1
IWFRDFCSIAPVLFS;TRUE;15;2;9|10;2;1|5;1
FCQDIIDSLDKPEMT;TRUE;15;1;10;2;1|5;0
VIQSAYWFNEWLGFE;TRUE;15;2;9|10;3;1|4|5;1
LPEIGPDAAPVEHVG;TRUE;15;0;none;3;1|3|5;0
RPEMTFFSVKNIKKK;TRUE;15;2;9|10;4;1|2|4|5;1
SNNPWVIQSVYWFNE;TRUE;15;2;9|10;3;1|4|5;1
ASMGKYKVIPITNRV;TRUE;15;2;9|10;4;1|2|3|5;1
GKKKQRVNKRSYLIR;TRUE;15;0;none;4;1|2|4|5;0
MEVVQQTRVDRLTQG;TRUE;15;2;9|10;2;1|5;1
GDMLIRSAIGQVSRP;TRUE;15;2;9|10;3;1|3|5;1
MRRNYFTSEVSHCRA;TRUE;15;2;9|10;3;1|2|5;1
KQYDSDEPELRSLAS;TRUE;15;0;none;3;1|4|5;0
NVVKPHEKGINPNYL;TRUE;15;2;8|9;4;1|2|3|5;1
GWKEPNVVKPHEKGI;TRUE;15;1;10;4;1|2|3|5;0
IKTRLFTIRQEMASR;TRUE;15;1;10;4;1|2|4|5;0
PMIVELAEKTMKEYG;TRUE;15;1;10;3;1|3|5;0
GIFENSCLETMEAVQ;FALSE;15;1;10;2;1|5;0
KGVEEGSIGKVCRTL;TRUE;15;1;10;4;1|3|4|5;0
KWEKYCVLEIGDMLL;TRUE;15;1;10;3;1|4|5;0
FENCRDISDLKQYDS;TRUE;15;1;10;2;1|5;0
IKTFFGWKEPYIVKP;TRUE;15;2;9|10;4;1|2|3|5;1
AYVDGFEPNGCIEGK;TRUE;15;3;7|9|10;4;1|3|4|5;1
NKIKSENTHIHIFSF;TRUE;15;1;8;3;1|2|5;0
NEKKAKLSNAVAKML;TRUE;15;3;8|9|10;3;1|2|5;1
DEEHPGLFQAASQNA;TRUE;15;1;9;3;3|4|5;0
WLGFEKEGSKVLESV;TRUE;15;1;10;3;1|3|5;0
KALRVIFTKCLMHYV;TRUE;15;1;10;4;1|2|4|5;0
QMKWGMEARRCLLQS;TRUE;15;3;8|9|10;3;1|2|5;1
LYGLAVKGQSHLRGD;TRUE;15;1;9;5;1|2|3|4|5;0
YAKWATGDGLTYQKI;TRUE;15;3;7|9|10;2;3|5;1
ANENFLWKLWRDCVN;TRUE;15;1;10;2;1|5;0
LWQVLIGEEDVEKGI;TRUE;15;2;9|10;3;1|3|5;1
GKGRVLSRLTELQAE;TRUE;15;0;none;5;1|2|3|4|5;0
YVISDMNFLDEEGKA;TRUE;15;1;10;2;1|5;0
MFESKRMKLRTQIPA;TRUE;15;2;9|10;3;1|2|5;1
TELSFTITGDNTKWN;TRUE;15;2;9|10;2;1|5;1
TALANTIEVFRSNGL;TRUE;15;1;9;2;1|5;0
RQTYDWTLNRNQPAA;TRUE;15;2;9|10;2;4|5;1
LLNASWFNSFLTHAL;TRUE;15;2;9|10;2;1|5;1
ASPQLEGFSAESRKL;TRUE;15;1;9;3;1|3|5;0
VSMEFSLTDPRLEPH;TRUE;15;2;7|10;4;1|3|4|5;1
KGVYINTALLNASCA;TRUE;15;2;9|10;2;4|5;1
GLWDSFRQSERGEET;TRUE;15;1;10;3;1|3|5;0
MAWTVVNSICNTTGA;TRUE;15;2;9|10;1;5;1
FEIIEGRDRTMAWTV;TRUE;15;2;9|10;2;1|5;1
CLSKAYANMWSLMYFHKR;TRUE;18;2;9|10;4;1|2|4|5;1
VQLIRMAEAEMVIHHQH;TRUE;17;1;10;3;1|4|5;0
MEMTYKNKVVKVLRP;TRUE;15;1;10;3;1|2|5;0
CTKEEFIAKVRSHAAIGAY;TRUE;19;2;9|10;3;1|2|5;1
YMPDVLEKLELLQRRFGG;TRUE;18;1;10;3;1|3|5;0
ELYKRTDIVEVDRDTAR;TRUE;17;0;none;3;1|4|5;0
SLILPGIKAQQSKLAQRRV;TRUE;19;1;9;4;1|2|3|5;0
LSLSGIAQSASVLSFMDKG;TRUE;19;2;9|10;3;1|3|5;1
TSGMVIFFMSPKGISRMSMA;TRUE;20;2;9|10;4;1|2|3|5;1
LPSIRAANVMAASLRKAGKS;TRUE;20;2;9|10;3;2|3|5;1
GHDWILADKRPTAWFLPSIR;TRUE;20;2;9|10;5;1|2|3|4|5;1
IDAMCHATLTYRMLEPTRVV;TRUE;20;2;9|10;2;1|5;1
ILAECARRRLRTLVL;TRUE;15;1;10;3;1|2|5;0
VFHTMWHVTRGAFLVRNGK;FALSE;19;2;9|10;5;1|2|3|4|5;1
LAGLAFQEMENFLGPIAVG;TRUE;19;2;9|10;3;1|3|5;1
NGGDAMYMALIAAFSIRPG;TRUE;19;3;8|9|10;2;3|5;1
VTLLDLLKLTVAVGLHFHEM;TRUE;20;2;9|10;2;1|5;1
WGKNLVFSPGRKNGS;TRUE;15;2;9|10;4;1|2|3|5;1
SSAGGFFTSVGKGIHTVFGS;TRUE;20;1;9;3;2|3|5;0
AINKGILVTVNPIASTND;TRUE;18;1;9;3;3|4|5;0
SGGVWREMHHLVEFEPPHA;TRUE;19;2;9|10;3;1|3|5;1
FFAVTALTIAYLVGSNMTQR;TRUE;20;2;9|10;2;4|5;1
QGLAVLRKVKRVVASLMRGL;TRUE;20;3;8|9|10;4;1|2|3|5;1
KRLWKMLDPRQGLAVLRK;TRUE;18;3;7|9|10;5;1|2|3|4|5;1
TAEWLWKEL;TRUE;9;1;10;2;1|5;0
VAVSFVTL;TRUE;8;1;9;2;1|5;0
AGWDTRITL;TRUE;9;1;10;2;1|5;0
IAASIILEF;TRUE;9;1;9;2;1|5;0
SSPILSITI;TRUE;9;1;9;1;5;0
NFSLGVLGM;TRUE;9;3;8|9|10;3;1|3|5;1
DTAWDFGSL;TRUE;9;1;10;3;1|4|5;0
NGWDRLKRM;TRUE;9;2;8|10;3;1|2|5;1
WYMWLGARF;TRUE;9;2;9|10;2;1|5;1
AWDFGVPLL;TRUE;9;2;9|10;3;1|3|5;1
HWLEARMLL;TRUE;9;1;10;3;1|4|5;0
WHVTKGSAL;TRUE;9;1;10;3;1|2|5;0
IHQIFGAAF;TRUE;9;1;9;2;1|5;0
KSYAQMWSLMY;TRUE;11;2;9|10;3;1|4|5;1
KSYAQMWSL;TRUE;9;2;9|10;2;4|5;1
RVQRPTPRGTVM;TRUE;12;1;10;5;1|2|3|4|5;0
SSVNMISRM;TRUE;9;2;9|10;2;1|5;1
RTPQDNQLTY;TRUE;10;1;9;2;4|5;0
HVTRGAVLM;TRUE;9;2;9|10;4;1|2|4|5;1
RSLRPQPTELKY;TRUE;12;0;none;5;1|2|3|4|5;0
VTKWTDIPY;TRUE;9;1;10;2;1|5;0
LSRNSTHEMY;TRUE;10;1;10;2;1|5;0
GTLPGHMTERF;TRUE;11;2;9|10;3;1|3|5;1
FTDPSSIAARGY;TRUE;12;2;7|9;2;3|5;1
KSYFVRAAKTNNSF;TRUE;14;1;9;3;2|4|5;0
AMAAEVTRRGSAYY;TRUE;14;2;9|10;1;5;1
KTPVESWEEIPYL;TRUE;13;1;10;4;1|3|4|5;0
VVPMVTQMAM;TRUE;10;2;9|10;2;1|5;1
NTPEGIIPSMF;TRUE;11;3;8|9|10;3;1|3|5;1
LSPVRVPNYNLI;TRUE;12;1;9;3;1|3|5;0
LMWKQITPELNHIL;TRUE;14;1;10;2;1|5;0
RSVALVPHVGMGL;TRUE;13;2;9|10;5;1|2|3|4|5;1
KTPVTKWTDIPYL;TRUE;13;1;10;4;1|3|4|5;0
IGRARVSPGAGWSI;TRUE;14;2;9|10;3;2|3|5;1
RVPDPQEGTRQVM;TRUE;13;2;7|10;4;1|3|4|5;1
AVPPGERARNIQTL;TRUE;14;1;9;2;3|5;0
IFRANWTPRESMLL;TRUE;14;2;9|10;2;1|5;1
GTPHWNNKEALVEF;TRUE;14;1;10;3;1|3|5;0
ITPNSPRAEATL;TRUE;12;1;9;2;3|5;0
VSPFGGLKRLPAGL;TRUE;14;1;9;4;1|2|3|5;0
SSVFNVVNSSIGLIM;FALSE;15;2;9|10;2;1|5;1
EWSPCSVTCGNGIQV;TRUE;15;2;9|10;4;1|3|4|5;1
HIEQYLKKIQNSLST;TRUE;15;1;9;4;1|2|4|5;0
NPNANPNANPNANPN;TRUE;15;2;8|9;2;3|5;1
YGKQENWYSLKKNSR;TRUE;15;2;9|10;4;1|2|4|5;1
MMRKLAILSVSSFLF;TRUE;15;2;9|10;3;1|2|5;1
AVLTGYSLFQKEKMVLNEGTS;TRUE;21;2;9|10;3;1|3|5;1
RIMNDKKLIRMLFDTYEYVK;TRUE;20;1;10;4;1|2|4|5;0
AIKDKLKPGGLDEYQNQLYGICNE;TRUE;24;2;9|10;4;1|3|4|5;1
ETYGKVKNTDKELSKIYGTKY;TRUE;21;0;none;5;1|2|3|4|5;0
NIISCNKNDKNQ;TRUE;12;3;8|9|10;2;1|5;1
WVDGNCEDIPHVNEFSAIDLFE;FALSE;22;2;7|10;4;1|3|4|5;1
YEKAKNAYQKANQAVLKAKEASSYD;TRUE;25;1;9;3;2|4|5;0
ISKIENEIETLVENIKKDEE;FALSE;20;0;none;3;1|4|5;0
TLTKEYEDIVLKSHMNRESDD;TRUE;21;1;10;3;1|4|5;0
TKILLKHYKGLVKYYNGESSP;TRUE;21;0;none;4;1|2|3|5;0
GISYYEKVLAKYKDDLE;TRUE;17;1;9;3;1|4|5;0
KGELIDQLGVRDKEAGVALR;TRUE;20;1;9;4;1|3|4|5;0
AAIREWARRNGHNVSTRGRI;TRUE;20;1;10;4;1|2|3|5;0
DLQKALEAQSRALRAELAA;TRUE;19;0;none;3;1|4|5;0
EANSKLAALEKLNKELEESK;TRUE;20;0;none;3;1|4|5;0
PLKMLNIPSINVHHY;TRUE;15;2;9|10;4;1|2|3|5;1
VCQRHSPDCSRLVGATPER;FALSE;19;2;9|10;5;1|2|3|4|5;1
ISLPSYYPDQKSLENYIAQT;TRUE;20;1;9;2;3|5;0
ECELVNSPEFGLLAQVTPEQ;TRUE;20;2;9|10;4;1|3|4|5;1
QMSDPAYNINISLPSYYPDQ;TRUE;20;4;7|8|9|10;2;3|5;1
FNLWGPAFHERYPNVTITA;TRUE;19;2;9|10;3;1|3|5;1
SEFAYGSFVRTVSLPVGADE;FALSE;20;1;9;4;1|3|4|5;0
AFSPEVIPMFSALSEGATPQ;TRUE;20;2;9|10;2;3|5;1
SLRCCRIRFTWALALLQAGM;TRUE;20;2;9|10;3;1|2|5;1
YWFEKALRDKKGFII;TRUE;15;1;10;3;1|2|5;0
RIEAMDPATVEQQEHWFEKA;TRUE;20;2;7|10;3;1|4|5;1
AYIRKTLALDKTEQEALEYF;TRUE;20;0;none;2;1|5;0
MERGPVGGAGLGAGARIQALLG;TRUE;22;2;9|10;2;3|5;1
SASTGQATPLPVTIPSSVST;TRUE;20;1;9;2;3|5;0
CVFCWWHHTNPVGTEWRWKM;TRUE;20;2;9|10;4;1|2|3|5;1
KLCRWTKSMLRGRGACYKHT;TRUE;20;1;10;5;1|2|3|4|5;0
SASTGDATPLPVTNTSSVST;TRUE;20;1;9;2;3|5;0
KKEKQQDMRWVEQLEWSLSK;TRUE;20;1;10;3;1|4|5;0
IDICNHQGATPLVLTKRRGV;TRUE;20;2;9|10;4;1|2|3|5;1
RPPRAVQYSHTHTTNYKLSS;TRUE;20;1;9;4;2|3|4|5;0
EQLHKVKVVTRIYHKAKHTK;TRUE;20;0;none;4;1|2|4|5;0
FWQHGQPFPRFSLPFLSIAS;TRUE;20;2;9|10;4;1|2|3|5;1
QSGTNASVFWQHGQPFPRFS;TRUE;20;3;8|9|10;3;2|3|5;1
HIVMQYMYVPPGAPIPTTRN;FALSE;20;2;9|10;4;2|3|4|5;1
FTYARFDSEITMVPSVAAKD;TRUE;20;2;9|10;3;1|4|5;1
FDLEITIVTNNKGLM;TRUE;15;2;9|10;2;1|5;1
LWANLRLDQGFRKWE;FALSE;15;2;9|10;3;1|4|5;1
IETRYVMNDNTNAEA;TRUE;15;1;10;2;1|5;0
ITVSISPMCAEFSGARAKTV;TRUE;20;2;9|10;3;1|3|5;1
NWLNFDGTLLGNLLIFPHQF;TRUE;20;4;7|8|9|10;3;1|3|5;1
TAIKHRAKITMA;FALSE;12;1;10;3;1|2|5;0
LLHLRQSPKAGLLSL;TRUE;15;1;9;4;1|2|3|5;0
PYAGLIMIMTMNNPK;TRUE;15;2;9|10;4;1|3|4|5;1
NYAKGKLTRNYMILL;TRUE;15;3;8|9|10;3;1|2|5;1
IIIEKFSTDRTTRGQ;FALSE;15;0;none;3;1|2|5;0
KRWTMYFKAKNYPSQ;TRUE;15;2;9|10;4;1|2|4|5;1
LRGAFILRIIKGFVD;TRUE;15;1;9;5;1|2|3|4|5;0
KRPYLKNDNTAKVAI;TRUE;15;0;none;4;1|2|4|5;0
DLKMAVSFSQFNRRF;TRUE;15;2;9|10;4;1|2|4|5;1
RKVSSTMRSLVAVIN;FALSE;15;2;9|10;4;1|2|4|5;1
TRITDVIINPSPELE;TRUE;15;1;9;4;1|3|4|5;0
LSLPSTISINLQVHI;TRUE;15;1;9;2;1|5;0
SYWFLTKEVKILMKL;TRUE;15;2;9|10;3;1|2|5;1
STELYLISKDAYCTI;TRUE;15;2;9|10;2;1|5;1
LIWDYIMRTLRDTSH;TRUE;15;1;10;3;1|4|5;0
QLGYIKNLSKPAKAA;TRUE;15;2;8|9;3;2|3|5;1
EIFSFFRTFGHPPLE;TRUE;15;1;9;4;1|3|4|5;0
MLFKTSIPKICKITS;TRUE;15;1;10;3;1|2|5;0
NVLIRINNYLSDRPK;TRUE;15;2;8|9;4;1|2|4|5;1
LVINDLIYAYTSNLI;TRUE;15;1;9;2;1|5;0
VRRLLVMINSTHNSP;TRUE;15;2;9|10;3;1|2|5;1
WGNQIIKVGPAVSIR;TRUE;15;2;9|10;5;1|2|3|4|5;1
PNYIINKASSLGGAD;TRUE;15;1;9;3;3|4|5;0
IKLQGIASLYRTNIT;TRUE;15;1;9;3;1|2|5;0
IIQYKNLLNRLLIPL;TRUE;15;1;9;3;1|2|5;0
MLKTIKSWILGKRNQ;TRUE;15;2;9|10;3;1|2|5;1
LSLETIITSLTRDII;TRUE;15;1;9;2;1|5;0
NSPKIRVYNTVISYI;TRUE;15;2;8|9;3;1|2|5;1
FVPCSICSNNPTCWAICKRIP;TRUE;21;2;9|10;4;1|2|3|5;1
NKLINHKHMNILKWL;TRUE;15;2;8|10;3;1|2|5;1
VRMRLINIDRIHIKN;FALSE;15;1;10;3;1|2|5;0
YESLPFYKAEKIVNL;TRUE;15;1;9;2;1|5;0
VDLEMIINDKAISPP;TRUE;15;2;9|10;3;1|3|5;1
VITTIIKDDILSAVK;TRUE;15;1;9;3;1|4|5;0
KYKNAVTELQLLMQSTPP;TRUE;18;2;9|10;3;3|4|5;1
DRGWYCDNAGSVSFFPQA;TRUE;18;2;9|10;3;3|4|5;1
RFLGFLLGVGSAIAS;FALSE;15;1;9;4;1|3|4|5;0
