sequence;synthesis_flag;length;n_steps;min_first_diff;mean_first_diff;n_steps_below_-0.4
TYASQGLVASIKNF;FALSE;14;13;-0.0631;-0.009;0
FYEPQIITTDNTF;FALSE;13;12;-0.33;-0.133;0
KMFDAYVNTFSSTF;FALSE;14;13;-0.2739;-0.0989;0
ALWEIQQVV;FALSE;9;8;-0.0977;-0.0231;0
SNWTTSVQVEYLQIT;FALSE;15;14;-0.2197;-0.0823;0
VTFVNISRSELQTIV;FALSE;15;14;-0.3468;-0.1051;0
SPKVTIDCSLFVCSN;FALSE;15;14;-0.4448;-0.1576;1
LFNKFGAISSSLQEI;FALSE;15;14;-0.4392;-0.1758;2
PFNNWFLLTNGSTLV;FALSE;15;14;-0.4058;-0.1391;1
VDVLVNVSATNIQNL;FALSE;15;14;-0.2776;-0.1405;0
TYLEGSVRVVTTF;FALSE;13;12;-0.4953;-0.1747;3
EVGHTDLMAAY;FALSE;11;10;-0.0163;0.0865;0
ETLGVLVPHV;FALSE;10;9;-0.1129;-0.0053;0
WTFGAGAALQIPFAM;FALSE;15;14;-0.162;0.0014;0
HFDGQQGEVPVSIIN;FALSE;15;14;-0.2228;-0.127;0
HGTCERSEAGVCVST;FALSE;15;14;-0.5509;-0.2651;5
TSKTTVASLINTLND;FALSE;15;14;-0.1973;-0.0779;0
GDDTVIEVQGYKSVN;FALSE;15;14;-0.2389;-0.0908;0
GETFVTHSKGLYRKC;FALSE;15;14;-0.2424;-0.1157;0
WNIGEQKSILSPLYA;FALSE;15;14;-0.1324;0.0428;0
TENLTKEGATTCGYL;FALSE;15;14;-0.3444;-0.1229;0
KAYNVTQAFGRRGPE;FALSE;15;14;-0.1282;-0.0062;0
AEIVDTVSALVY;FALSE;12;11;-0.6141;-0.116;3
VPYSQAPSGFKY;FALSE;12;11;-0.1845;0.0011;0
HPHEIILYYYELY;FALSE;13;12;-0.0318;0.0956;0
IYQDVYAVHAPTSL;FALSE;14;13;-0.1292;0.0054;0
VYPFMWGGAYCF;FALSE;12;11;-0.4689;-0.1058;1
HSSDFGGVAIIKY;FALSE;13;12;-0.3753;-0.051;0
FTAMDSTDADVVIY;FALSE;14;13;-0.5941;-0.1475;4
AAFKSLFGGMSW;FALSE;12;11;-0.4071;-0.1078;1
YCGPWKLDAAW;FALSE;11;10;-0.0733;0.0134;0
ETWFFDENHPYRTW;FALSE;14;13;-0.2136;-0.073;0
ECTMPPLSFR;FALSE;10;9;-0.0828;0.0122;0
MYLDRNDAGEAISF;FALSE;14;13;-0.4651;-0.1598;3
ALWDVPAPKEV;FALSE;11;10;-0.0608;-0.0127;0
LTDHVVGEYLVLSPQ;FALSE;15;14;-0.2294;-0.051;0
LMLLEDLGVDHSLLD;FALSE;15;14;0.0047;0.1352;0
NVTQMRELPTLDSAV;FALSE;15;14;-0.2371;-0.0893;0
VTSNTEMFFLFSNFD;FALSE;15;14;-0.4141;0.0462;1
IVNYPASHTTLGVQD;FALSE;15;14;-0.315;-0.1009;0
CTITGTMGHFILARC;FALSE;15;14;-0.3962;-0.097;0
YGEKRVLKPRWMDAR;FALSE;15;14;-0.0296;0.0286;0
LSTQVRYLGEEGSTP;FALSE;15;14;-0.0671;0.0187;0
WEGSPNKYWNSSTAT;FALSE;15;14;-0.3389;-0.1707;0
TLGASAWLMWLSEIE;FALSE;15;14;-0.5993;-0.2311;5
ASCLLQTAISALEGD;FALSE;15;14;-0.5826;-0.1638;2
VSNRDFVEGMSGGTW;FALSE;15;14;-0.3747;-0.1684;0
FTAIKPSLGLINRWG;FALSE;15;14;-0.1922;-0.0833;0
EKCYVSQPALSSAIA;FALSE;15;14;-0.5735;-0.2494;5
AADLVLVDGRIESLL;FALSE;15;14;-0.5203;-0.0981;1
GGQSSFYSDWYQPAC;FALSE;15;14;-0.1584;-0.0472;0
DPGRSMIVIDPVVTD;FALSE;15;14;-0.2339;-0.064;0
CDLVIDVVYDGPDLA;FALSE;15;14;-0.0059;0.0698;0
MTAVAAGALVVETDS;FALSE;15;14;-0.6198;-0.2348;6
GSRSTPVSGGAAALV;FALSE;15;14;-0.595;-0.2272;5
LLPSQDLPLLVPLRA;FALSE;15;14;-0.0869;0.0235;0
HETTFAQIVAEELGI;FALSE;15;14;-0.5886;-0.2522;6
QVTLDDAAAADELFS;FALSE;15;14;-0.3401;0.0375;0
AMTGLSAAAAGLALN;FALSE;15;14;-0.5931;-0.1824;5
AELVAWLEQLLSDSV;FALSE;15;14;-0.6073;-0.1477;2
AESVVEIEFLVTMIV;FALSE;15;14;-0.6165;-0.3274;7
DGRVIVRTRLTAKVS;FALSE;15;14;-0.3112;-0.086;0
AMTGVSAAAAGLALN;FALSE;15;14;-0.6036;-0.1894;5
LIGQLIDRSGMAWCI;FALSE;15;14;-0.3292;-0.1643;0
AAVSVDALDAVEQAD;FALSE;15;14;-0.5584;-0.061;3
AELASVLRLVFPPRR;FALSE;15;14;-0.122;0.0046;0
SGHTYVSTPGSALLF;FALSE;15;14;-0.4618;-0.0775;2
EFARGVAFAEERAER;FALSE;15;14;-0.327;0.0015;0
AAVADCAAAVAEVDD;FALSE;15;14;-0.6192;-0.2125;5
GPVLVYLTITSSLTI;FALSE;15;14;-0.5958;-0.2799;7
AAGAAAAAAHTAIQQ;FALSE;15;14;-0.337;-0.1532;0
GYTGDATAAVIDQIR;FALSE;15;14;-0.4999;-0.168;4
RINDLWIAAVAASRA;FALSE;15;14;-0.6182;-0.2963;7
TGAYCYSLSSRYNMV;FALSE;15;14;-0.1931;-0.075;0
AAVWWKALLALAVAV;FALSE;15;14;-0.6137;-0.3389;7
AAVFAVSETFCITDH;FALSE;15;14;-0.5978;-0.1555;3
GRYFTVRAGSLVAWN;FALSE;15;14;-0.3295;-0.0924;0
IPIAVRNELNLSVLQ;FALSE;15;14;-0.2859;-0.0846;0
AKPYLIDTIAHMAIW;FALSE;15;14;-0.2995;-0.0949;0
PSSLGAVAILIAATL;FALSE;15;14;-0.62;-0.2965;7
ADSVCGVRVAIVAES;FALSE;15;14;-0.6095;-0.2938;7
DISDDFFALFLDPTW;FALSE;15;14;-0.1399;-0.0469;0
RHSENACAVAEFLAD;FALSE;15;14;-0.5927;-0.1497;5
VEVQVAYAIGKAAPV;FALSE;15;14;-0.1918;-0.0436;0
GDLLIGWRLLVLAGV;FALSE;15;14;-0.5264;-0.2557;6
EGQLLLLDAQTLESI;FALSE;15;14;-0.2374;-0.0427;0
ALDNWSIRRLSSLVG;FALSE;15;14;-0.4056;-0.1898;1
ATLNPLAAQIIGQLS;FALSE;15;14;-0.3049;-0.0965;0
TEREAFLAYADAVNE;FALSE;15;14;-0.3531;-0.0027;0
LRSRVFFDWFDAMGV;FALSE;15;14;-0.501;-0.2155;3
AFLCTSASSAIDVGA;FALSE;15;14;-0.6167;-0.2781;7
FVLIVVAAVGAYLFT;FALSE;15;14;-0.6206;-0.1956;5
CHLMIDNPDRWAPPY;FALSE;15;14;-0.1413;-0.0595;0
ETQVADAAQAVMEAW;FALSE;15;14;-0.554;-0.1069;1
AAQFKESTATLITEY;FALSE;15;14;-0.58;-0.1913;5
ADSWLIRRCSVVQGC;FALSE;15;14;-0.3109;-0.1516;0
AGFALFVLTFLVNAA;FALSE;15;14;-0.5296;-0.113;3
GYDLDFGIAADQEFI;FALSE;15;14;-0.4526;-0.0853;1
VCGYHCWAEFFVAGL;FALSE;15;14;-0.602;-0.2304;4
LTDTVATILAILALT;FALSE;15;14;-0.6105;-0.2537;5
AVVAMAAIATFAAPV;FALSE;15;14;-0.6212;-0.1983;4
ARLFEFVAAFFVVTA;FALSE;15;14;-0.6204;-0.3304;7
VCGYHCWVEFFVAGL;FALSE;15;14;-0.6;-0.2301;4
IYFDVTGPSPTIVAM;FALSE;15;14;-0.4074;-0.1744;1
LMVYVATVTQLSRIV;FALSE;15;14;-0.4479;-0.1209;2
MLIFMLWHAIFVEHS;FALSE;15;14;-0.3881;-0.02;0
WAGFAYVAFVTDAYA;FALSE;15;14;-0.6151;-0.1482;5
FAKAAAATTAGAFMS;FALSE;15;14;-0.6213;-0.2587;6
IMTWVTAFFAPTDGG;FALSE;15;14;-0.3175;-0.1238;0
CGDWAQALAELRAAR;FALSE;15;14;-0.3166;-0.0171;0
RAIVVDVIVDSANPH;FALSE;15;14;-0.4304;-0.0641;1
DDGLSIVRAVASAVW;FALSE;15;14;-0.6064;-0.3456;8
VDIAVVVLVLVLTNL;FALSE;15;14;-0.5831;-0.164;3
FVVMSCFFGTLMVIT;FALSE;15;14;-0.4583;-0.1996;1
EGMTILYSDDDIVAV;FALSE;15;14;-0.4035;-0.1184;1
EFFAIMSDCANTQIG;FALSE;15;14;-0.3043;-0.1764;0
SNQQLSLAQQLDIDV;FALSE;15;14;-0.0307;0.0436;0
ALALVVVAFTYLCFT;FALSE;15;14;-0.6208;-0.2205;4
AAISVVLLSISFIVL;FALSE;15;14;-0.6198;-0.2922;7
AFFAIMSDCANTQIG;FALSE;15;14;-0.3043;-0.1762;0
ALGKFADAVAAECRR;FALSE;15;14;-0.3814;-0.0517;0
AFVFAMIAVDLSRLA;FALSE;15;14;-0.6186;-0.1373;4
FNVLVAALIVYVGDQ;FALSE;15;14;-0.5865;-0.1803;3
ELTPDEAAAVAVATQ;FALSE;15;14;-0.6166;-0.3011;6
ARALRATTAIAVVVG;FALSE;15;14;-0.6021;-0.3426;8
DEFFFMEMNTRLQVE;FALSE;15;14;-0.1764;-0.0246;0
ALLVFFGLFLGVAGT;FALSE;15;14;-0.6078;-0.28;6
FVVSFVFNVLVAALI;FALSE;15;14;-0.5866;-0.2825;7
DLTDWLSSARLYLLA;FALSE;15;14;-0.4983;-0.0659;3
SPQLTPAVFLLYFLL;FALSE;15;14;-0.4043;0.0953;1
NAFLGKQVLSAAGVV;FALSE;15;14;-0.5301;-0.1925;3
ASILGLVAAPLMLLG;FALSE;15;14;-0.421;-0.1112;2
EHRTRVRKYLTLMAF;FALSE;15;14;-0.1424;0.0332;0
AALLTRVIASAVAEG;FALSE;15;14;-0.619;-0.3446;8
EEQFRLAAAVAAALA;FALSE;15;14;-0.6161;-0.285;7
SSGGMFNNYAIVQGV;FALSE;15;14;-0.2116;-0.0821;0
AEVLIDAVAAAGAEC;FALSE;15;14;-0.6178;-0.2898;6
ISVAYALMVATIVGL;FALSE;15;14;-0.5963;-0.2674;6
AACATAAVSVEEGVD;FALSE;15;14;-0.6182;-0.2829;7
FPDGETRDLFLTLLL;FALSE;15;14;-0.1853;0.0849;0
YGMLKLLVSTEDLKL;FALSE;15;14;-0.1938;0.0412;0
RNGIYIIDLQQTLTF;FALSE;15;14;-0.2313;-0.0379;0
LRPGPTMISDRKLAW;FALSE;15;14;-0.0856;0.0121;0
HRYFLAAKQTEFALG;FALSE;15;14;-0.4074;-0.0855;2
QTLQCIYLSIEYLYV;FALSE;15;14;-0.4052;-0.0245;1
KGTNAELFIEQVTRM;FALSE;15;14;-0.358;-0.1476;0
HCANMLVAAESAIAA;FALSE;15;14;-0.6192;-0.3341;8
PPFEGMWWLYVPLAF;FALSE;15;14;-0.3061;-0.0023;0
MDRFRWLVAAQGGDL;FALSE;15;14;-0.5053;-0.1504;3
AGMVTDPVTCRPDNT;FALSE;15;14;-0.236;-0.1067;0
AAHASAGAAASAVSA;FALSE;15;14;-0.6212;-0.3691;9
AVLEEVIYLLDTVGE;FALSE;15;14;-0.5442;-0.1443;3
GYGLSELVVVIEELG;FALSE;15;14;-0.6103;-0.2972;7
HQHVNGYRVEVVEPL;FALSE;15;14;-0.0591;0.0122;0
AALLARLDEAITSPA;FALSE;15;14;-0.2833;-0.0622;0
CEYFAVNHSTPDALA;FALSE;15;14;-0.2734;0.0002;0
VVAMFALTWAIALLV;FALSE;15;14;-0.6208;-0.2841;6
RTTEPPRRGGRGARQ;FALSE;15;14;-0.294;-0.1047;0
QMLWDPIRFDETCPS;FALSE;15;14;-0.09;-0.0112;0
CEYFVRQPFPLRTRG;FALSE;15;14;-0.2044;-0.0567;0
DAFMSLAGFVRMLEA;FALSE;15;14;-0.603;-0.1013;3
PAHRVAIEFDPPLPP;FALSE;15;14;-0.264;-0.081;0
NYAELTAELELALAS;FALSE;15;14;-0.5143;-0.1438;3
LLVLVYSLLYYRVLG;FALSE;15;14;-0.5299;-0.0543;1
GMQMRLTFARSLIND;FALSE;15;14;-0.1113;-0.0294;0
MIDEALFDAEEKMEK;FALSE;15;14;-0.0287;0.0278;0
AAAADAVAEADAELK;FALSE;15;14;-0.4079;-0.0234;1
AQTVVASTNNAIIAT;FALSE;15;14;-0.3196;-0.14;0
DLVIQVQAPPSVASG;FALSE;15;14;-0.3733;-0.1486;0
AGAIGLLLVLVYSLL;FALSE;15;14;-0.5696;-0.0422;2
ENLRFFASLYAGATA;FALSE;15;14;-0.537;-0.2227;6
FNLLTDGNIARAVWG;FALSE;15;14;-0.3934;-0.1197;0
AAGHDVVVLSRCPSG;FALSE;15;14;-0.2314;-0.0908;0
GQLKAVVATSSLELG;FALSE;15;14;-0.6121;-0.2726;6
DHFVVFGAVESLSEV;FALSE;15;14;-0.6173;-0.3175;6
AADRIIDLLSRARDS;FALSE;15;14;-0.4453;-0.0006;1
PPNFWAWLIAQVKTV;FALSE;15;14;-0.3707;-0.1413;0
GYAGASAAATPLTPF;FALSE;15;14;-0.2022;-0.0503;0
DHFVLFGAVESLSEV;FALSE;15;14;-0.6094;-0.3128;6
AMFLLAIVVDVVINL;FALSE;15;14;-0.5423;-0.1893;4
AIVVAAIAAVVAVAA;FALSE;15;14;-0.6215;-0.3543;8
HPSLGTIDDFDDFVS;FALSE;15;14;-0.577;0.0496;2
GYAGASAAATQLTPF;FALSE;15;14;-0.5048;-0.1044;1
NSGFGNAGTNNSGFF;FALSE;15;14;-0.2462;-0.0525;0
DLTAAVVGAAAVGYL;FALSE;15;14;-0.6213;-0.2241;6
ATGVVIHVVADAAAL;FALSE;15;14;-0.4778;-0.0776;1
TLADLEDMASAWVEH;FALSE;15;14;-0.2266;-0.0257;0
DDQLLAWAADDLVTV;FALSE;15;14;-0.5952;-0.2384;6
FSVGWLYWYFWVIVV;FALSE;15;14;-0.5361;-0.2902;6
TLADLEDIASAWVEH;FALSE;15;14;-0.4358;-0.0587;1
LAMEGLAAFFFESTF;FALSE;15;14;-0.6035;-0.2028;4
AWLIMLMTSPPTRAA;FALSE;15;14;-0.1003;-0.0064;0
CEQEGVVVDDAVYPL;FALSE;15;14;-0.4895;-0.0353;1
TALGASITNLSSPLV;FALSE;15;14;-0.3237;-0.0657;0
AGWLGSVAAAAEAVA;FALSE;15;14;-0.6179;-0.34;8
MSQLSFFAAESVPPP;FALSE;15;14;-0.1507;-0.0159;0
AVVTFNVVAFTVAEV;FALSE;15;14;-0.5926;-0.2983;7
LVAEILRIISGGRLI;FALSE;15;14;-0.5585;-0.1769;3
TCWFARALELRTLLI;FALSE;15;14;-0.5289;-0.1979;5
ELFVAAYVPYVAWLV;FALSE;15;14;-0.1938;-0.0752;0
MSQLSFFAAESVPPA;FALSE;15;14;-0.1137;0.0053;0
GLIALLIAFALTTNV;FALSE;15;14;-0.5858;-0.2003;3
PCFGAIQRQTTSTPG;FALSE;15;14;-0.3201;-0.1702;0
CGCGGYLWSMLKRVE;FALSE;15;14;-0.0543;0.0168;0
AGGAGGAGGIGAGGA;FALSE;15;14;-0.3944;-0.1373;0
HADWNNQSIVKTGERQ;FALSE;16;15;-0.3024;-0.1179;0
GIVQQQNNLLRAIEA;FALSE;15;14;-0.1276;0.0056;0
LPWKTTEQDLKEYFS;FALSE;15;14;-0.1456;0.0925;0
SKDSTYSLSSTLTLS;FALSE;15;14;-0.5784;-0.2171;5
QEFFWDANDIY;FALSE;11;10;-0.0723;0.0056;0
EFFWDANDI;FALSE;9;8;-0.0842;-0.0233;0
IGRWYSRTMSKTQRM;FALSE;15;14;-0.2948;-0.1078;0
TAEIRLMCTKTYLDT;FALSE;15;14;-0.201;-0.0611;0
IQTLTLFLTLGGVLL;FALSE;15;14;-0.5273;-0.1351;3
GGLPQSGRIVVDYMV;FALSE;15;14;-0.1458;-0.019;0
DTKIDLWSYNAELLV;FALSE;15;14;-0.2462;0.0305;0
RTKIRQLPNLLRGYE;FALSE;15;14;-0.0589;0.0193;0
LTVPSERGLQRRRFV;FALSE;15;14;-0.0551;0.008;0
GIFENSCLETMEAVQ;FALSE;15;14;-0.3258;-0.1253;0
VFHTMWHVTRGAFLVRNGK;FALSE;19;18;-0.3008;-0.1272;0
SSVFNVVNSSIGLIM;FALSE;15;14;-0.3334;-0.1268;0
WVDGNCEDIPHVNEFSAIDLFE;FALSE;22;21;-0.5478;-0.1529;4
ISKIENEIETLVENIKKDEE;FALSE;20;19;-0.0532;0.0091;0
VCQRHSPDCSRLVGATPER;FALSE;19;18;-0.1045;-0.0237;0
SEFAYGSFVRTVSLPVGADE;FALSE;20;19;-0.4387;-0.1083;1
HIVMQYMYVPPGAPIPTTRN;FALSE;20;19;-0.2392;-0.0905;0
LWANLRLDQGFRKWE;FALSE;15;14;-0.0507;0.0233;0
TAIKHRAKITMA;FALSE;12;11;-0.2466;-0.0712;0
IIIEKFSTDRTTRGQ;FALSE;15;14;-0.306;-0.1641;0
RKVSSTMRSLVAVIN;FALSE;15;14;-0.3507;-0.1158;0
VRMRLINIDRIHIKN;FALSE;15;14;-0.1928;-0.0955;0
RFLGFLLGVGSAIAS;FALSE;15;14;-0.6155;-0.3227;7
SELLTPLGIDLDEW;TRUE;14;13;-0.3727;-0.0292;0
KEITVATSRTLSYY;TRUE;14;13;-0.6122;-0.123;3
KENSYTTTIKPVTY;TRUE;14;13;-0.2188;-0.0743;0
QELGKYEQYIKWPW;TRUE;14;13;-0.1427;-0.0464;0
AESHVDTDLTKPY;TRUE;13;12;-0.14;-0.0331;0
QEYADVFHLYLQY;TRUE;13;12;-0.0171;0.0615;0
VETFYPKLQSSQAW;TRUE;14;13;-0.0714;-0.014;0
HEIAWYTERSEKSY;TRUE;14;13;-0.0277;0.0378;0
DCEEEEFEPSTQY;TRUE;13;12;-0.1008;-0.0277;0
GELGDVRETMSYLF;TRUE;14;13;-0.4083;-0.0381;1
QESFGGASCCLY;TRUE;12;11;-0.4141;-0.0745;1
TVYSDVENPHLMGW;TRUE;14;13;-0.1924;-0.0606;0
TEHSWNADLY;TRUE;10;9;-0.0544;0.0332;0
IPIQASLPF;TRUE;9;8;-0.0749;0.0233;0
IPYNSVTSSIVI;TRUE;12;11;-0.5688;-0.207;3
PYIVGDVV;TRUE;8;7;-0.1651;0.001;0
NPNYEDLLI;TRUE;9;8;-0.0929;0.036;0
YMPASWVMRI;TRUE;10;9;-0.3364;-0.1271;0
DYVYLPYPDPSRI;TRUE;13;12;-0.1849;-0.045;0
FAFACPDGVKHVY;TRUE;13;12;-0.112;-0.01;0
FPNITNLCPFGEVF;TRUE;14;13;-0.305;-0.0637;0
VPVAIHADQLTPTW;TRUE;14;13;-0.2628;-0.1276;0
TPFEIKLAKKFDTF;TRUE;14;13;-0.1273;0.0421;0
QPYPNASFDNFKF;TRUE;13;12;-0.1424;0.0235;0
YPDPSRILGAGCF;TRUE;13;12;-0.3453;-0.129;0
HPNQEYADVFHLY;TRUE;13;12;-0.0787;0.0533;0
VAIKITEHSW;TRUE;10;9;-0.0736;-0.0099;0
VAIHADQLTPTW;TRUE;12;11;-0.2628;-0.1115;0
KVTKGKAKKGAW;TRUE;12;11;-0.0395;0.0118;0
RYMSALNHTKKW;TRUE;12;11;-0.1762;-0.0463;0
YANGGKGFCKLHNW;TRUE;14;13;-0.194;-0.041;0
RTIKGTHHWLLL;TRUE;12;11;-0.1751;0.0097;0
KGVAPGTAVLRQW;TRUE;13;12;-0.0788;-0.0084;0
RSYLTPGDSSSGW;TRUE;13;12;-0.2473;-0.0851;0
KWDLTAFGLVAEW;TRUE;13;12;-0.5794;-0.085;2
LTNDVSFLAHIQW;TRUE;13;12;-0.0913;-0.0215;0
QSAVKRTIKGTHHW;TRUE;14;13;-0.1059;-0.0434;0
YVYNPFMIDVQQW;TRUE;13;12;-0.1239;-0.042;0
GSVAIKITEHSW;TRUE;12;11;-0.0736;-0.0178;0
TSPISEHDYQIGGY;TRUE;14;13;-0.2801;-0.0966;0
NLDSKVGGNYNYLY;TRUE;14;13;-0.0854;-0.002;0
VTRELMRELNGGAY;TRUE;14;13;-0.1411;-0.032;0
QSDIEVTGDSCNNY;TRUE;14;13;-0.2249;-0.0898;0
LTLDNQDLNGNWY;TRUE;13;12;-0.1663;-0.0684;0
RNRDVDTDFVNEFY;TRUE;14;13;-0.1344;0.0397;0
YTFEKGDYGDAVVY;TRUE;14;13;-0.2713;-0.0103;0
KLFIRQEEVQEL;TRUE;12;11;-0.07;0.0407;0
SKNPLLYDANYFL;TRUE;13;12;0.0221;0.0903;0
YTVELGTEV;TRUE;9;8;-0.2362;-0.037;0
YMHHMELPTGV;TRUE;11;10;-0.2568;-0.1162;0
ALLEDEFTPFDVV;TRUE;13;12;-0.2533;-0.0515;0
FLLPSLATVA;TRUE;10;9;-0.4899;-0.1469;2
VMCGGSLYV;TRUE;9;8;-0.044;0.0414;0
NLWNTFTRL;TRUE;9;8;-0.1737;-0.0136;0
SVIDLLLDDFVEI;TRUE;13;12;-0.0139;0.066;0
SLVPGFNEKTHV;TRUE;12;11;-0.1165;-0.0404;0
TLATHGLAA;TRUE;9;8;-0.0028;0.0654;0
AIASEFSSL;TRUE;9;8;-0.4593;-0.1007;2
VVFDEISMA;TRUE;9;8;-0.2432;-0.0646;0
KLALGGSVAI;TRUE;10;9;-0.4882;-0.1273;2
TLSEQLDFI;TRUE;9;8;0.0117;0.0863;0
YIVGDVVQEGV;TRUE;11;10;-0.2155;-0.0428;0
ASFDNFKFV;TRUE;9;8;0.0109;0.0685;0
ALNNIINNA;TRUE;9;8;-0.2436;-0.1287;0
KTFPPTEPKKDKKK;TRUE;14;13;-0.0884;-0.0147;0
TVYDPLQPELDSFK;TRUE;14;13;-0.0441;0.0345;0
KHCLHVVGPNVNK;TRUE;13;12;-0.1963;-0.1047;0
AIDYKHYTPSFKK;TRUE;13;12;-0.0886;-0.0078;0
RVIGHSMQNCVLK;TRUE;13;12;-0.2148;-0.0664;0
KLMVVIPDYNTYK;TRUE;13;12;-0.1255;-0.0314;0
STFKCYGVSPTK;TRUE;12;11;-0.1453;-0.0512;0
ATYYLFDESGEFK;TRUE;13;12;-0.0619;0.0477;0
AKHCLHVVGPNVNK;TRUE;14;13;-0.1963;-0.1093;0
ASMPTTIAKNTVK;TRUE;13;12;-0.211;-0.0933;0
TFSSTFNVPMEK;TRUE;12;11;-0.078;-0.0165;0
AVANGDSEVVLKK;TRUE;13;12;-0.0616;0.0157;0
AWQPGVAMPNLYK;TRUE;13;12;-0.1676;-0.0438;0
IYKTPPIKDFGGF;TRUE;13;12;-0.3249;-0.0736;0
NFYEPQIITTDNTF;TRUE;14;13;-0.33;-0.1447;0
AYYRARAGEAANF;TRUE;13;12;-0.1623;-0.0078;0
RYVLMDGSIIQF;TRUE;12;11;-0.3378;-0.0284;0
VYYGNALDQAISMW;TRUE;14;13;-0.1275;-0.0342;0
VYKQFDTYNLWNTF;TRUE;14;13;-0.1484;-0.0771;0
AYYVGYLQPRTF;TRUE;12;11;-0.0942;-0.0235;0
VIEVQGYKSVNITF;TRUE;14;13;-0.14;-0.0576;0
SYSGQSTQLGIEF;TRUE;13;12;-0.0515;0.0548;0
YLTFYLTNDVSF;TRUE;12;11;-0.0959;0.0205;0
IYTELEPPCRF;TRUE;11;10;-0.1436;-0.0225;0
TYFTQSRNLQEF;TRUE;12;11;-0.0562;0.0304;0
RQWLPTGTLL;TRUE;10;9;-0.2806;-0.0475;0
NSFTRGVYY;TRUE;9;8;-0.0227;0.0446;0
DSSSGWTAGAAAYY;TRUE;14;13;-0.6209;-0.1233;3
YTMSLGAENSVAY;TRUE;13;12;-0.4665;-0.0656;1
TTYPGQGLNGY;TRUE;11;10;-0.1864;-0.0701;0
ETISLAGSYKDWSY;TRUE;14;13;-0.4012;-0.0187;1
EVTGDSCNNYMLTY;TRUE;14;13;-0.1975;-0.0626;0
NVIPTITQMNLKY;TRUE;13;12;-0.2333;-0.059;0
SVMLTNDNTSRY;TRUE;12;11;-0.1266;-0.0167;0
DYGDAVVYRGTTTY;TRUE;14;13;-0.2041;-0.0763;0
YVVDDPCPIHFY;TRUE;12;11;-0.0903;-0.0152;0
TLADAGFIKQY;TRUE;11;10;-0.1168;0.0185;0
SVPWDTIANY;TRUE;10;9;-0.1111;-0.0295;0
SFLPGVYSVIYLY;TRUE;13;12;-0.4782;-0.0465;2
RYFKYWDQTY;TRUE;10;9;-0.0655;-0.0092;0
NTNPIQLSSY;TRUE;10;9;-0.0487;0.0205;0
YSRYRIGNYK;TRUE;10;9;-0.1045;-0.0402;0
KSREETGLLM;TRUE;10;9;-0.279;-0.0247;0
KLKKSLNVAK;TRUE;10;9;-0.0465;-0.0016;0
ATRGATVVIGTSK;TRUE;13;12;-0.266;-0.0947;0
VLHDIGNPK;TRUE;9;8;-0.1655;-0.0713;0
RVAGDSGFAAYSRY;TRUE;14;13;-0.6174;-0.0615;2
RVYSSANNCTFEY;TRUE;13;12;-0.1404;-0.0092;0
VSSPDAVTAY;TRUE;10;9;-0.2844;0.0075;0
KFNPPALQDAYY;TRUE;12;11;-0.1109;0.0406;0
KYFSGAMDTTSY;TRUE;12;11;-0.4804;-0.0908;2
RTQLPPAYTNSFTR;TRUE;14;13;-0.1481;-0.0499;0
SFTRGVYYPDKVFR;TRUE;14;13;-0.0275;0.0301;0
RFASVYAWNRKR;TRUE;12;11;-0.1069;-0.0086;0
RVYSTGSNVFQTR;TRUE;13;12;-0.1555;-0.05;0
TTFDSEYCR;TRUE;9;8;-0.1089;-0.0013;0
KFRIDGDMVPHISR;TRUE;14;13;-0.1297;-0.0143;0
IINNTVYTK;TRUE;9;8;-0.2545;-0.0615;0
LSWEVGKPR;TRUE;9;8;-0.1143;-0.0181;0
STQDLFLPF;TRUE;9;8;-0.0749;0.0828;0
GVVDYGARF;TRUE;9;8;0.0244;0.0886;0
FTRGVYYPDKVFR;TRUE;13;12;-0.0275;0.0337;0
DFIDTKRGVYCCR;TRUE;13;12;-0.2549;-0.1287;0
ETFVTHSKGLYR;TRUE;12;11;-0.0762;0.0146;0
EYYHTTDPSFLGR;TRUE;13;12;-0.2157;-0.0414;0
NYSGVVTTVMFLAR;TRUE;14;13;-0.5755;-0.1357;4
DWYDFVENPDILR;TRUE;13;12;-0.0842;0.0035;0
TFKLSYGIATVR;TRUE;12;11;-0.3927;-0.0993;0
DYVPLKSATCITR;TRUE;13;12;-0.3105;-0.1524;0
AVFDKNLYDK;TRUE;10;9;0.0106;0.0281;0
VIPDYNTYK;TRUE;9;8;-0.1255;-0.0321;0
TVFPPTSFGPLVRK;TRUE;14;13;-0.1499;-0.0385;0
NVAFELWAKR;TRUE;10;9;-0.0543;0.0159;0
YVVDDPCPI;TRUE;9;8;-0.2316;-0.0955;0
ATATIPIQA;TRUE;9;8;-0.1221;-0.0317;0
FVFPLNSII;TRUE;9;8;-0.2201;-0.1014;0
TTYPGQGLNGYTV;TRUE;13;12;-0.2334;-0.0882;0
TTNGDFLHFL;TRUE;10;9;0.0221;0.1187;0
TVFPPTSFGPLV;TRUE;12;11;-0.2633;-0.0676;0
KEDLKFPRGQGVPI;TRUE;14;13;-0.2231;-0.0963;0
SPARMAGNGGDAAL;TRUE;14;13;-0.2974;-0.0043;0
LPKEITVATSRTL;TRUE;13;12;-0.5768;-0.184;4
APKEIIFLEGETL;TRUE;13;12;-0.417;-0.0986;1
KPNELSRVLGLKTL;TRUE;14;13;-0.1875;-0.0334;0
KPVPYCYDTNVL;TRUE;12;11;-0.2589;-0.0864;0
LPAPRTLLTKGTL;TRUE;13;12;-0.3162;-0.0965;0
SLEIPRRNVATL;TRUE;12;11;-0.2283;-0.0631;0
APAHISTIGVCSM;TRUE;13;12;-0.3785;-0.1612;0
KPRSQMEIDFLEL;TRUE;13;12;-0.3972;0.0846;0
RVLQKAAI;TRUE;8;7;0.0018;0.0447;0
VLKLKVDTA;TRUE;9;8;0.0103;0.038;0
VPQEHYVRI;TRUE;9;8;-0.1308;-0.0268;0
AQFAPSASAFF;TRUE;11;10;-0.4815;-0.1479;3
SQRVAGDSGFAAY;TRUE;13;12;-0.5954;-0.0787;3
LMRELNGGAY;TRUE;10;9;-0.1411;-0.0167;0
TQYEYGTEDDY;TRUE;11;10;0.0079;0.0427;0
VLMDGSIIQFPNTY;TRUE;14;13;-0.166;-0.0624;0
LSFKELLVY;TRUE;9;8;-0.0312;0.0997;0
TTLPVNVAF;TRUE;9;8;-0.0624;0.0261;0
FDNPVLPFNDGVYF;TRUE;14;13;-0.1619;-0.0081;0
VAELEGIQY;TRUE;9;8;-0.1281;0.0006;0
VPMEKLKTL;TRUE;9;8;-0.0783;0.0175;0
TPFDVVRQCSGVTF;TRUE;14;13;-0.2266;-0.0476;0
FAQDGNAAISDY;TRUE;12;11;-0.1822;0.0273;0
FAQDGNAAISDYDY;TRUE;14;13;-0.3643;0.0111;0
MPLSAPTLVPQEHY;TRUE;14;13;-0.1952;-0.0396;0
TESIVRFPNITNL;TRUE;13;12;-0.2478;-0.115;0
KEIDRLNEVAKNL;TRUE;13;12;-0.1027;-0.0251;0
AEYHNESGLKTIL;TRUE;13;12;-0.2611;-0.0653;0
GELGDVRETMSYL;TRUE;13;12;-0.2884;-0.0172;0
RRAFGEYSHVVAF;TRUE;13;12;-0.1152;0.0205;0
YEQAVANGDSEVVL;TRUE;14;13;-0.3399;-0.0982;0
RELGVVHNQDVNL;TRUE;13;12;-0.231;-0.0705;0
MSRIGMEVTPSGTW;TRUE;14;13;-0.1849;-0.0996;0
DFAFNNWFLLTNTSS;TRUE;15;14;-0.3797;-0.1319;0
TNTSSVVDGVVRSFQ;TRUE;15;14;-0.5121;-0.1109;2
NETTSAFVGALPKTV;TRUE;15;14;-0.1769;-0.0643;0
SYADVLVNVSQTSIA;TRUE;15;14;-0.27;-0.1194;0
YHKHTFIVLYVDFKP;TRUE;15;14;-0.1095;-0.0004;0
NVGRWSASINTGNCP;TRUE;15;14;-0.2884;-0.174;0
TSGNLLGFKDVTKGT;TRUE;15;14;-0.2078;-0.1115;0
PKFFYASNGTYNCTD;TRUE;15;14;-0.2773;-0.1375;0
ASNGTYNCTDAVLTY;TRUE;15;14;-0.2492;-0.0533;0
KKAFTLANVSSFGDY;TRUE;15;14;-0.593;-0.1735;4
LAIQARLNYVALQTD;TRUE;15;14;-0.1265;-0.0258;0
ALQTDVLQENQKILA;TRUE;15;14;-0.1695;-0.0145;0
TLTKYTEVRASRQLA;TRUE;15;14;-0.1853;-0.0205;0
EAWSGLCVDGTNGYV;TRUE;15;14;-0.3404;-0.1136;0
CCCSTGCCGFFSCFA;TRUE;15;14;-0.2812;-0.0841;0
QKPFLSDFNNGIFSR;TRUE;15;14;-0.203;-0.0469;0
AYYADSGMPTTFLFS;TRUE;15;14;-0.4725;-0.0695;1
YWVTPLSKRQYLLKF;TRUE;15;14;-0.0809;0.0569;0
VKPVATVHRRIPDLP;TRUE;15;14;-0.1374;-0.0268;0
KWLNNFNVPSPLNWE;TRUE;15;14;-0.203;-0.082;0
FNVPSPLNWERKIFS;TRUE;15;14;-0.2555;-0.0628;0
PSSWNRRYGFNNFNL;TRUE;15;14;-0.2801;-0.0973;0
RRYGFNNFNLSSHSV;TRUE;15;14;-0.1914;-0.0324;0
NNFNLSSHSVVYSRY;TRUE;15;14;-0.4889;-0.0604;2
DHTDWCRCSCLPDPI;TRUE;15;14;-0.2304;-0.0937;0
CRCSCLPDPITAYDP;TRUE;15;14;-0.2471;-0.0548;0
GWSYDTCVSNNRCNI;TRUE;15;14;-0.3149;-0.203;0
ALLYRNLKCSYVLNN;TRUE;15;14;-0.2909;-0.1242;0
SSSSSRRKRRSISAS;TRUE;15;14;-0.2795;-0.0885;0
RRKRRSISASYRFVT;TRUE;15;14;-0.5359;-0.1826;3
FIQTNSPKVTIDCSL;TRUE;15;14;-0.3517;-0.1518;0
IDCSLFVCSNYAACH;TRUE;15;14;-0.3175;-0.0476;0
GGSEIRDLLCVQSFN;TRUE;15;14;-0.1777;-0.0764;0
MFPPWSAAAGIPFSL;TRUE;15;14;-0.6128;-0.1831;5
AQALNSLLQQLFNKF;TRUE;15;14;-0.0464;0.0266;0
DVGIAPKQGYFIKHN;TRUE;15;14;-0.2014;-0.0596;0
GTYEMYVKWPWYVWL;TRUE;15;14;-0.088;-0.0323;0
YVKWPWYVWLLISFS;TRUE;15;14;-0.6057;-0.2833;6
NGFFYIDVGNHRSAF;TRUE;15;14;-0.0569;0.038;0
CVFSVVNATVTVNVT;TRUE;15;14;-0.3043;-0.1607;0
WPVPGLKSSTGFVYF;TRUE;15;14;-0.5551;-0.1226;3
SLDNLKSGVIVFKTL;TRUE;15;14;-0.2286;-0.0144;0
WHIYLKSGTCPFSFS;TRUE;15;14;-0.2983;-0.067;0
LYVTWSEGNSITGVP;TRUE;15;14;-0.3224;-0.1305;0
LLGFKNVSTGNIFIV;TRUE;15;14;-0.2294;-0.0647;0
LPNFYYVSNGGNNCT;TRUE;15;14;-0.3121;-0.2283;0
TSTPIVVDCATYVCN;TRUE;15;14;-0.4289;-0.1976;1
SLANVTSFGDYNLSS;TRUE;15;14;-0.3105;-0.0097;0
SIADLACAQYYNGIM;TRUE;15;14;-0.2664;-0.1371;0
VALQTDVLQENQKIL;TRUE;15;14;-0.1979;-0.0562;0
DVVNQQGSALNHLTS;TRUE;15;14;-0.2164;-0.0528;0
QGSALNHLTSQLRHN;TRUE;15;14;-0.1603;-0.055;0
NHLTSQLRHNFQAIS;TRUE;15;14;-0.1843;-0.0799;0
TDYKNVKAWSGICVD;TRUE;15;14;-0.4199;-0.1813;2
NISRVELHTVIPDYV;TRUE;15;14;-0.1823;-0.0345;0
SLFQTTVELQGLIDQ;TRUE;15;14;-0.2401;-0.066;0
KDTGPPPISTDTVDV;TRUE;15;14;-0.4213;-0.1669;3
LWFKPPFLSDFINGI;TRUE;15;14;-0.2752;-0.1644;0
QDGYNKLQGLLEVSV;TRUE;15;14;-0.2396;-0.067;0
RKELWHLDTGVVSCL;TRUE;15;14;-0.3965;-0.17;0
WVTPLTSRQYLLAFN;TRUE;15;14;-0.1954;0.0156;0
WLNDKSVPSPLNWER;TRUE;15;14;-0.0802;-0.0142;0
NIDAAKIYGMCFSSI;TRUE;15;14;-0.5134;-0.1678;2
KIYGMCFSSITIDKF;TRUE;15;14;-0.2933;-0.0313;0
CFSSITIDKFAIPNG;TRUE;15;14;-0.351;-0.1019;0
GKNNGIGTCPAGTNY;TRUE;15;14;-0.3005;-0.1416;0
NYDLYGILGQGIFVE;TRUE;15;14;-0.1512;0.0178;0
YNSWQNLLYDSNGNL;TRUE;15;14;-0.2529;-0.0758;0
GSGYCVDYSKNRRSR;TRUE;15;14;-0.0713;0.0285;0
LMNGVTLSTKLKDGV;TRUE;15;14;-0.2521;-0.0408;0
RSAIEDLLFDKVKLS;TRUE;15;14;-0.0731;0.0819;0
LWTAAAGVPFYLNVQ;TRUE;15;14;-0.3578;-0.1014;0
LNNLLQQLSNRFGAI;TRUE;15;14;-0.1592;-0.0484;0
KFSAAQAMEKVNECV;TRUE;15;14;-0.3131;-0.1232;0
PGLCIAGDRGIAPKS;TRUE;15;14;-0.1693;-0.0462;0
LNTSIPNLPDFKEEL;TRUE;15;14;-0.1257;0.0265;0
YTGYQELVIKTSHDD;TRUE;15;14;-0.0467;0.0118;0
RDHTFCVGSLIFHTIGQLLP;TRUE;20;19;-0.2822;-0.0942;0
WTSPRFVETTRSSSFLTSLP;TRUE;20;19;-0.5873;-0.2286;7
FGNGQFNFSEPLNGCTMQLS;TRUE;20;19;-0.3039;-0.1622;0
WPLSSSVPSQKTYQVSYGFR;TRUE;20;19;-0.2267;-0.0394;0
NIDLSNDKKWKLQLHELTKL;TRUE;20;19;-0.0576;0.0102;0
RAVPDSERVIPPRTTTPYFF;TRUE;20;19;-0.2376;-0.0392;0
PQSGVPALSASTPSHRTPPSSQ;TRUE;22;21;-0.2439;-0.0206;0
PQSGVPALSASTPSHRTPPS;TRUE;20;19;-0.1719;0.0101;0
YLQPRTFLL;TRUE;9;8;-0.0099;0.059;0
FIAGLIAIV;TRUE;9;8;-0.5177;-0.113;1
ALNLGETFV;TRUE;9;8;-0.1608;-0.0015;0
FLPGVYSVI;TRUE;9;8;-0.1771;-0.0524;0
LMIERFVSL;TRUE;9;8;-0.1993;-0.0193;0
SLVKPSFYV;TRUE;9;8;0.0114;0.0448;0
YLFDESGEFKL;TRUE;11;10;-0.2144;0.0335;0
FVVPGLPGTI;TRUE;10;9;-0.2774;-0.1346;0
IQPGQTFSV;TRUE;9;8;-0.2107;-0.0189;0
YYVGYLQPRTF;TRUE;11;10;-0.0942;-0.0244;0
AYSNNSIAIPTNF;TRUE;13;12;-0.2364;-0.1055;0
KYKFVRIQPGQTF;TRUE;13;12;-0.2449;-0.0849;0
VYMPASWVMRIMTW;TRUE;14;13;-0.4136;-0.182;2
SYYCKSHKPPISF;TRUE;13;12;-0.1564;-0.0581;0
RYPANSIVCRF;TRUE;11;10;-0.1783;-0.0495;0
EVFNATRFASVY;TRUE;12;11;-0.4704;-0.0673;2
FVTHSKGLY;TRUE;9;8;-0.0668;0.033;0
DVTQLYLGGMSYY;TRUE;13;12;-0.2394;-0.0085;0
DAVVYRGTTTY;TRUE;11;10;-0.2041;-0.0706;0
EIVDTVSALVY;TRUE;11;10;-0.5909;-0.0662;2
EAVKTQFNY;TRUE;9;8;-0.0488;-0.0007;0
LTDEMIAQY;TRUE;9;8;-0.0404;0.0471;0
FLFVAAIFY;TRUE;9;8;-0.2252;0.0435;0
WFSQRGGSY;TRUE;9;8;-0.1494;-0.0076;0
RLYYDSMSY;TRUE;9;8;0.0127;0.0439;0
AYKIEELFY;TRUE;9;8;-0.0216;0.0908;0
ASKIITLKK;TRUE;9;8;-0.0452;0.0113;0
KSILSPLYA;TRUE;9;8;0.0046;0.064;0
RVFSAVGNI;TRUE;9;8;-0.2129;-0.0808;0
ALRANSAVK;TRUE;9;8;-0.0713;-0.0021;0
VVYRGTTTY;TRUE;9;8;-0.2041;-0.0549;0
LTRNPAWRK;TRUE;9;8;-0.1223;-0.0443;0
SGFAAYSRY;TRUE;9;8;-0.0058;0.0744;0
GWTAGAAAYY;TRUE;10;9;-0.1541;0.067;0
LIISVTSNY;TRUE;9;8;-0.0829;-0.0276;0
HFYSKWYIR;TRUE;9;8;-0.0782;-0.0078;0
RGVYYPDKVFR;TRUE;11;10;-0.0275;0.0374;0
KSNLKPFER;TRUE;9;8;-0.0282;0.0203;0
GTHWFVTQR;TRUE;9;8;-0.0753;-0.0355;0
KFNPPALQDAYYR;TRUE;13;12;-0.1194;0.0202;0
KYFSGAMDTTSYR;TRUE;13;12;-0.5204;-0.0923;2
SICSTMTNR;TRUE;9;8;-0.2639;-0.0877;0
KGLPWNVVR;TRUE;9;8;-0.2074;-0.0542;0
GTYEGNSPF;TRUE;9;8;-0.0749;-0.0132;0
RTNVYLAVF;TRUE;9;8;-0.0001;0.1054;0
VVAFNTLLF;TRUE;9;8;-0.0015;0.0824;0
RVVFNGVSF;TRUE;9;8;-0.0757;0.0081;0
SLLMPILTL;TRUE;9;8;-0.0762;0.0001;0
AMYTPHTVL;TRUE;9;8;-0.1535;-0.0439;0
VMHANYIFW;TRUE;9;8;-0.0571;-0.014;0
FASVYAWNR;TRUE;9;8;-0.1059;-0.0138;0
HFVNLDNLR;TRUE;9;8;-0.0381;-0.0006;0
YFSGAMDTTSYR;TRUE;12;11;-0.5204;-0.0594;1
EGNFYGPFVDR;TRUE;11;10;-0.0395;0.0251;0
EYADVFHLYLQYIR;TRUE;14;13;-0.0782;0.0073;0
NTVIWDYKR;TRUE;9;8;-0.0543;0.0175;0
NASVVNIQK;TRUE;9;8;-0.1016;-0.0365;0
TTDPSFLGR;TRUE;9;8;-0.0404;0.0187;0
WVLNNDYYR;TRUE;9;8;-0.0357;0.0003;0
TVFPPTSFGPLVR;TRUE;13;12;-0.2225;-0.0491;0
HVASCDAIMTR;TRUE;11;10;-0.4356;-0.108;1
YTVEEAKTV;TRUE;9;8;-0.2884;-0.0558;0
YVWKSYVHV;TRUE;9;8;-0.0307;0.0123;0
TTLNDFNLV;TRUE;9;8;-0.0389;0.01;0
YTACSHAAV;TRUE;9;8;-0.0881;0.0052;0
LVKPSFYVY;TRUE;9;8;-0.0312;0.0506;0
RQIAPGQTGKIADY;TRUE;14;13;-0.2634;0.0133;0
LIRKSNHNF;TRUE;9;8;-0.1488;-0.0561;0
YQKVGMQKY;TRUE;9;8;-0.054;0.0109;0
SQAWQPGVAM;TRUE;10;9;-0.1938;-0.0703;0
GAISSVLNDILSRLD;TRUE;15;14;-0.5602;-0.0332;2
KLIANQFNSAIGKIQ;TRUE;15;14;-0.2822;-0.0989;0
TLVKQLSSNFGAISS;TRUE;15;14;-0.5038;-0.2177;5
STECSNLLLQYGSFC;TRUE;15;14;-0.2466;-0.0864;0
LVDLPIGINITRFQT;TRUE;15;14;-0.3009;-0.1403;0
RFASVYAWNRKRISN;TRUE;15;14;-0.2166;-0.0791;0
TQTNSPRRARSVASQ;TRUE;15;14;-0.2872;-0.0875;0
FKNHTSPDVDLGDIS;TRUE;15;14;-0.4115;-0.1249;2
VSSQCVNLTTRTQLP;TRUE;15;14;-0.275;-0.1083;0
CEFQFCNDPFLGVYY;TRUE;15;14;-0.131;0.0001;0
IVRFPNITNLCPFGE;TRUE;15;14;-0.2741;-0.1132;0
YAWNRKRISNCVADY;TRUE;15;14;-0.1552;-0.0289;0
VVLSFELLHAPATVC;TRUE;15;14;-0.2334;-0.0739;0
GTNTSNQVAVLYQDV;TRUE;15;14;-0.0475;0.0396;0
ECDIPIGAGICASYQ;TRUE;15;14;-0.4045;-0.1425;1
KQIYKTPPIKDFGGF;TRUE;15;14;-0.3249;-0.0961;0
TTAPAICHDGKAHFP;TRUE;15;14;-0.1915;-0.0408;0
HWFVTQRNFYEPQII;TRUE;15;14;-0.1764;-0.1081;0
VVNIQKEIDRLNEVA;TRUE;15;14;-0.1129;0.0069;0
NDMILSLLSKGRLII;TRUE;15;14;-0.4229;-0.0946;1
ICGFIQQKLALGGSV;TRUE;15;14;-0.2552;-0.0897;0
GFFTYICGFIQQKLA;TRUE;15;14;-0.074;0.0436;0
QNYGDSATLPKGIMM;TRUE;15;14;-0.2364;-0.1351;0
QAWQPGVAMPNLYKM;TRUE;15;14;-0.1947;-0.0736;0
LAKRFKESPFELEDF;TRUE;15;14;-0.0157;0.0755;0
FTQSRNLQEFKPRSQ;TRUE;15;14;-0.1717;-0.0651;0
FRNARNGVLITEGSV;TRUE;15;14;-0.4027;-0.2052;1
VIWDYKRDAPAHIST;TRUE;15;14;-0.1624;-0.0534;0
VNKHAFHTPAFDKSA;TRUE;15;14;-0.2006;0.0002;0
VEWKFYDAQPCSDKA;TRUE;15;14;-0.1339;-0.0261;0
DELKINAACRKVQHM;TRUE;15;14;-0.1742;-0.0671;0
CWHHSIGFDYVYNPF;TRUE;15;14;-0.2021;-0.0399;0
WAHGFELTSMKYFVK;TRUE;15;14;-0.1257;0.0036;0
NLSDRVVFVLWAHGF;TRUE;15;14;-0.2709;-0.0466;0
FKHLIPLMYKGLPWN;TRUE;15;14;-0.2166;-0.0525;0
WIGFDVEGCHATREA;TRUE;15;14;-0.0663;0.0335;0
KMNYQVNGYPNMFIT;TRUE;15;14;-0.2751;-0.1621;0
DYVIFTQTTETAHSC;TRUE;15;14;-0.2094;-0.075;0
HDVSSAINRPQIGVV;TRUE;15;14;-0.1803;-0.0904;0
FNSVCRLMKTIGPDM;TRUE;15;14;-0.2117;-0.0668;0
ARIVYTACSHAAVDA;TRUE;15;14;-0.312;-0.0294;0
FTGYRVTKNSKVQIG;TRUE;15;14;-0.2649;-0.1059;0
WEVGKPRPPLNRNYV;TRUE;15;14;-0.2429;-0.0681;0
QLYLGGMSYYCKSHK;TRUE;15;14;-0.1041;-0.0326;0
RYWEPEFYEAMYTPH;TRUE;15;14;-0.1598;-0.0136;0
NQEYADVFHLYLQYI;TRUE;15;14;-0.0364;0.0231;0
CWTETDLTKGPHEFC;TRUE;15;14;-0.132;-0.0452;0
SMMILSDDAVVCFNS;TRUE;15;14;-0.5449;-0.1643;2
FNICQAVTANVNALL;TRUE;15;14;-0.2364;-0.0323;0
ASLVLARKHTTCCSL;TRUE;15;14;-0.2949;-0.1036;0
KLLKSIAATRGATVV;TRUE;15;14;-0.5857;-0.2391;6
LYYDSMSYEDQDALF;TRUE;15;14;-0.0228;0.1216;0
TCFSVAALTNNVAFQ;TRUE;15;14;-0.192;-0.063;0
FVDGVPFVVSTGYHF;TRUE;15;14;-0.2411;-0.039;0
DFTEERLKLFDRYFK;TRUE;15;14;-0.1883;0.0478;0
DDYFNKKDWYDFVEN;TRUE;15;14;-0.0907;0.0114;0
LLKDCPAVAKHDFFK;TRUE;15;14;-0.0725;0.0319;0
AFDIYNDKVAGFAKF;TRUE;15;14;-0.1052;0.0434;0
WKGYGCSCDQLREPM;TRUE;15;14;-0.1534;-0.0302;0
QAITVTPEANMDQES;TRUE;15;14;-0.1269;-0.0177;0
SDLQDLKWARFPKSD;TRUE;15;14;-0.0585;0.0186;0
WEIQQVVDADSKIVQ;TRUE;15;14;-0.2329;-0.0774;0
TAAKLMVVIPDYNTY;TRUE;15;14;-0.1506;-0.043;0
VLKKLKKSLNVAKSE;TRUE;15;14;-0.0292;0.0259;0
SEFSSLPSYAAFATA;TRUE;15;14;-0.5076;-0.1827;4
KLWAQCVQLHNDILL;TRUE;15;14;-0.1544;-0.0219;0
QGLLPPKNSIDAFKL;TRUE;15;14;-0.1409;0.0238;0
RRVWTLMNVLTLVYK;TRUE;15;14;-0.2442;-0.0284;0
WLDMVDTSLSGFKLK;TRUE;15;14;-0.0893;0.0122;0
QSTQWSLFFFLYENA;TRUE;15;14;-0.1913;0.078;0
LKELLQNGMNGRTIL;TRUE;15;14;-0.2833;-0.1048;0
LLVLVQSTQWSLFFF;TRUE;15;14;-0.438;-0.0147;1
WFLNRFTTTLNDFNL;TRUE;15;14;-0.2734;-0.0694;0
NVLAWLYAAVINGDR;TRUE;15;14;-0.3561;-0.101;0
KLKVDTANPKTPKYK;TRUE;15;14;-0.0887;-0.0308;0
GTTTLNGLWLDDVVY;TRUE;15;14;-0.2868;-0.0325;0
YREAACCHLAKALND;TRUE;15;14;-0.1144;-0.0057;0
IQWMVMFTPLVPFWI;TRUE;15;14;-0.1128;-0.048;0
YLTFYLTNDVSFLAH;TRUE;15;14;-0.0485;0.0376;0
LPGVYSVIYLYLTFY;TRUE;15;14;-0.5508;-0.0206;2
SGRWVLNNDYYRSLP;TRUE;15;14;-0.0384;0.0163;0
SGKPVPYCYDTNVLE;TRUE;15;14;-0.202;-0.0306;0
VPGLPGTILRTTNGD;TRUE;15;14;-0.2978;-0.1429;0
VNVVTTKIALKGGKI;TRUE;15;14;-0.2504;-0.0752;0
RDLGACIDCSARHIN;TRUE;15;14;-0.267;-0.0857;0
AKNVSLDNVLSTFIS;TRUE;15;14;-0.4733;-0.2214;4
LLDQALVSDVGDSAE;TRUE;15;14;-0.5684;-0.1192;4
YSQLMCQPILLLDQA;TRUE;15;14;-0.0961;0.0384;0
DKAGQKTYERHSLSH;TRUE;15;14;-0.0616;0.0431;0
RDLSLQFKRPINPTD;TRUE;15;14;-0.2736;-0.0945;0
KLHNWNCVNCDTFCA;TRUE;15;14;-0.3658;-0.1639;0
FFASFYYVWKSYVHV;TRUE;15;14;-0.1901;-0.0154;0
CLSGLDSLDTYPSLE;TRUE;15;14;-0.0398;0.0503;0
YREGYLNSTNVTIAT;TRUE;15;14;-0.3221;-0.1654;0
VGKFCLEASFNYLKS;TRUE;15;14;-0.2412;-0.0031;0
STTTNIVTRCLNRVC;TRUE;15;14;-0.2977;-0.1778;0
NELSRVLGLKTLATH;TRUE;15;14;-0.16;-0.0272;0
ITEEVGHTDLMAAYV;TRUE;15;14;-0.5076;-0.0596;2
DVLKSEDAQGMDNLA;TRUE;15;14;-0.1539;-0.0171;0
NTWCIRCLWSTKPVE;TRUE;15;14;-0.1038;-0.028;0
DVVAIDYKHYTPSFK;TRUE;15;14;-0.0874;-0.0122;0
YFTEQPIDLVPNQPY;TRUE;15;14;-0.2054;-0.0702;0
KQATKYLVQQESPFV;TRUE;15;14;-0.0403;0.003;0
SIKWADNNCYLATAL;TRUE;15;14;-0.2333;-0.0501;0
ITFDNLKTLLSLREV;TRUE;15;14;-0.3107;-0.0026;0
YNGYLTSSSKTPEEH;TRUE;15;14;-0.1293;-0.0135;0
VSWNLREMLAHAEET;TRUE;15;14;-0.0453;0.0154;0
EILGTVSWNLREMLA;TRUE;15;14;-0.0949;0.0161;0
AGGTTEMLAKALRKV;TRUE;15;14;-0.1066;-0.0064;0
LVSSFLEMKSEKQVE;TRUE;15;14;-0.1361;-0.0024;0
EDIQLLKSAYENFNQ;TRUE;15;14;-0.1407;-0.0605;0
KHGGGVAGALNKATN;TRUE;15;14;-0.254;-0.0789;0
VEVQPQLEMELTPVV;TRUE;15;14;-0.2939;-0.1103;0
QYEYGTEDDYQGKPL;TRUE;15;14;-0.1038;-0.0259;0
VSELLTPLGIDLDEW;TRUE;15;14;-0.3876;-0.0548;0
PVLDWLEEKFKEGVE;TRUE;15;14;-0.1728;-0.0287;0
FTSDLATNNLVVMAY;TRUE;15;14;-0.1772;-0.0228;0
DFKLNEEIAIILASF;TRUE;15;14;-0.6188;-0.2821;6
AYWVPRASANIGCNH;TRUE;15;14;-0.2418;-0.1373;0
RGVYCCREHEHEIAW;TRUE;15;14;-0.1112;-0.0328;0
WNTKHSSGVTRELMR;TRUE;15;14;-0.2708;-0.0329;0
VLVPHVGEIPVAYRK;TRUE;15;14;-0.117;-0.0185;0
GSSGVVNPVMEPIYD;TRUE;15;14;-0.1032;-0.009;0
EKWESGVKDCVVLHS;TRUE;15;14;-0.3424;-0.0488;0
WKCRSKNPLLYDANY;TRUE;15;14;-0.2192;-0.0151;0
GTVTLKQGEIKDATP;TRUE;15;14;-0.0954;-0.0306;0
ATSRTLSYYKLGASQ;TRUE;15;14;-0.2012;-0.0544;0
MWLSYFIASFRLFAR;TRUE;15;14;-0.6028;-0.1636;4
WICLLQFAYANRNRF;TRUE;15;14;-0.1095;0.0224;0
AIVFITLCFTLKRKT;TRUE;15;14;-0.1797;-0.0661;0
EGNSPFHPLADNKFA;TRUE;15;14;-0.2237;-0.0132;0
RCSFYEDFLEYHDVR;TRUE;15;14;-0.037;0.0317;0
QEPKLGSLVVRCSFY;TRUE;15;14;-0.5816;-0.1726;5
FYSKWYIRVGARKSA;TRUE;15;14;-0.1704;-0.0425;0
QKKQQTVTLLPAADL;TRUE;15;14;-0.0891;0.0852;0
TDYKHWPQIAQFAPS;TRUE;15;14;-0.2575;-0.0417;0
IGTRNPANNAAIVLQ;TRUE;15;14;-0.3303;-0.1013;0
IWVATEGALNTPKDH;TRUE;15;14;-0.2555;-0.0604;0
SWFTALTQHGKEDLK;TRUE;15;14;-0.0763;0.0107;0
SNQNGERSGARSKQR;TRUE;15;14;-0.2049;-0.0313;0
KENDSKEGFFTY;TRUE;12;11;-0.2544;0.0007;0
SEISMDNSPNLAW;TRUE;13;12;-0.142;-0.0537;0
GELGDVRETMSY;TRUE;12;11;-0.1595;-0.0106;0
REVRTIKVF;TRUE;9;8;-0.0707;0.0379;0
GDCEEEEFEPSTQY;TRUE;14;13;-0.1008;-0.0234;0
SEHDYQIGGYTEKW;TRUE;14;13;-0.101;-0.0247;0
SRIGMEVTPSGTW;TRUE;13;12;-0.1849;-0.0965;0
REVLSDRELHLSW;TRUE;13;12;-0.0204;0.0321;0
SEDMLNPNY;TRUE;9;8;-0.1518;-0.0424;0
QELGKYEQYIKW;TRUE;12;11;-0.084;-0.0032;0
REGVFVSNGTHW;TRUE;12;11;-0.2248;-0.0529;0
QELIRQGTDYKHW;TRUE;13;12;-0.0926;-0.0349;0
YEAMYTPHTVL;TRUE;11;10;-0.1535;-0.046;0
GEYSHVVAFNTLL;TRUE;13;12;-0.1459;-0.0126;0
GEVITFDNLKTL;TRUE;12;11;-0.1151;-0.0228;0
YELQTPFEIKL;TRUE;11;10;-0.1109;0.0134;0
GEIPVAYRKVLL;TRUE;12;11;-0.0818;0.0304;0
YEDFLEYHDVRVVL;TRUE;14;13;-0.1131;0.0118;0
HPTQAPTHL;TRUE;9;8;-0.1447;-0.0402;0
FPKSDGTGTIY;TRUE;11;10;-0.307;-0.0718;0
LPNDDTLRVEAFEY;TRUE;14;13;-0.1098;0.0566;0
FPQSAPHGVVF;TRUE;11;10;-0.2319;-0.0266;0
MIERFVSL;TRUE;8;7;-0.1993;0.0007;0
YLRKHFSM;TRUE;8;7;-0.0397;0.0067;0
HVMSKHTDF;TRUE;9;8;-0.0456;0.0251;0
QPYRVVVL;TRUE;8;7;-0.1661;0.0154;0
GPKQASLNGVTL;TRUE;12;11;-0.2313;-0.0659;0
SPYNSQNAVASKIL;TRUE;14;13;-0.2104;-0.038;0
KPRPPLNRNYVF;TRUE;12;11;-0.2386;-0.0544;0
MPILTLTRAL;TRUE;10;9;-0.16;0.0096;0
KPASRELKVTF;TRUE;11;10;-0.4056;-0.049;1
KPLEFGATSAAL;TRUE;12;11;-0.6057;-0.1809;4
SPFHPLADNKFAL;TRUE;13;12;-0.2362;0.0385;0
YYCKSHKPPISF;TRUE;12;11;-0.1564;-0.0592;0
YYRARAGEAANF;TRUE;12;11;-0.1623;-0.0085;0
VYDPLQPELDSF;TRUE;12;11;0.0054;0.0666;0
IYNDKVAGFAKF;TRUE;12;11;-0.1052;0.0549;0
AVANGDSEVVLK;TRUE;12;11;-0.105;0.0104;0
ASFNYLKSPNFSK;TRUE;13;12;-0.1068;-0.0245;0
ALGGSVAIK;TRUE;9;8;-0.1038;0.0074;0
KSAGFPFNK;TRUE;9;8;-0.1273;-0.0229;0
RQVVNVVTTK;TRUE;10;9;-0.1643;-0.0629;0
TLKGGAPTK;TRUE;9;8;-0.1163;-0.0378;0
TLADAGFIK;TRUE;9;8;-0.0783;0.0208;0
RIFTIGTVTLK;TRUE;11;10;-0.2361;-0.0338;0
WLDMVDTSL;TRUE;9;8;-0.069;0.0347;0
ALLEDEFTPFDV;TRUE;12;11;-0.0843;0.0064;0
ITEHSWNADLY;TRUE;11;10;-0.0544;0.0246;0
VTDVTQLYLGGMSY;TRUE;14;13;-0.1867;-0.0375;0
WARFPKSDGTGTIY;TRUE;14;13;-0.3121;-0.1216;0
TTQTACTDDNALAY;TRUE;14;13;-0.087;0.0447;0
TGVHAGTDLEGNFY;TRUE;14;13;-0.1296;0.0024;0
ALRKVPTDNYITTY;TRUE;14;13;-0.243;-0.0904;0
VLPPLLTDEMIAQY;TRUE;14;13;-0.5018;-0.1021;2
NTNSSPDDQIGYY;TRUE;13;12;-0.2047;-0.0158;0
SLENVAFNV;TRUE;9;8;-0.0836;-0.0186;0
DVTDVTQLYLGGMSY;TRUE;15;14;-0.2582;-0.0532;0
LSDDAVVCFNSTY;TRUE;13;12;-0.1413;-0.0564;0
YSDVENPHLMGWDY;TRUE;14;13;-0.1602;-0.007;0
VTDTPKGPKVKYLY;TRUE;14;13;-0.0461;0.0385;0
MTNRQFHQKLLK;TRUE;12;11;-0.0771;0.0246;0
QTACTDDNALAYY;TRUE;13;12;-0.0705;0.0625;0
AELAKNVSLDNVL;TRUE;13;12;-0.124;-0.0153;0
SSTFNVPMEKLK;TRUE;12;11;-0.1011;-0.003;0
ITEEVGHTDLMAAY;TRUE;14;13;-0.3312;0.0179;0
FTEQPIDLVPNQPY;TRUE;14;13;-0.1533;-0.0598;0
SEYKGPITDVFY;TRUE;12;11;-0.1604;0.0199;0
SNEKQEILGTVSW;TRUE;13;12;-0.2623;-0.0985;0
TSDLATNNLVVMAY;TRUE;14;13;-0.1772;-0.0113;0
ACHNSEVGPEHSL;TRUE;13;12;-0.0911;0.0162;0
STDTGVEHVTFFIY;TRUE;14;13;-0.448;-0.0573;1
ASQRVAGDSGFAAY;TRUE;14;13;-0.5954;-0.117;4
KAATYQEAAVYLW;TRUE;13;12;-0.2976;-0.0049;0
RLTVPTEGLEVTW;TRUE;13;12;-0.2606;-0.0927;0
KPSVSVYYADNHW;TRUE;13;12;-0.1097;-0.0425;0
MAVPDKETPTF;TRUE;11;10;-0.1624;-0.0504;0
AEFGDRQGKVHIPF;TRUE;14;13;-0.0749;-0.0117;0
TESEGDRELAAAY;TRUE;13;12;-0.3884;0.0053;0
AEFDSFVVPGLW;TRUE;12;11;-0.1601;-0.0483;0
AEFGDRQGKVHI;TRUE;12;11;-0.0691;-0.0207;0
YTESEGDREL;TRUE;10;9;0.0218;0.0797;0
SPIRITTENLTTY;TRUE;13;12;-0.26;-0.0913;0
RQRRSIKDHFNVY;TRUE;13;12;-0.0478;-0.0031;0
RITTENLTTY;TRUE;10;9;-0.1968;-0.0489;0
RPRPQRKAGQLAQL;TRUE;14;13;-0.1959;0.0043;0
RPRPRPQRKAGQL;TRUE;13;12;-0.2626;-0.0686;0
RPWTPRSTIQII;TRUE;12;11;-0.3042;-0.1062;0
DTAISFRAPPSITV;TRUE;14;13;-0.2516;-0.1126;0
TVNSQTVRYK;TRUE;10;9;-0.1614;-0.0107;0
TVQETAETR;TRUE;9;8;-0.038;0.0076;0
HFNVYKATR;TRUE;9;8;-0.0384;-0.0054;0
RTVYPAPVY;TRUE;9;8;-0.0321;-0.0026;0
TQRNMNTMK;TRUE;9;8;-0.219;-0.0832;0
ETAETRDTAISF;TRUE;12;11;-0.5719;-0.1271;3
FSKPSVSVY;TRUE;9;8;-0.1104;0.0031;0
QYNSPLVPRNAEF;TRUE;13;12;-0.0834;0.0106;0
SFGAPSETFPITF;TRUE;13;12;-0.2898;-0.0979;0
SHQVTFDTFQNK;TRUE;12;11;-0.1498;-0.0529;0
SVYVDIDADSAFLK;TRUE;14;13;-0.0102;0.0828;0
TLYPESRMLLK;TRUE;11;10;-0.0922;0.012;0
KLYLMAETPKV;TRUE;11;10;-0.069;-0.0222;0
YTESEGDRELAAAY;TRUE;14;13;-0.3884;-0.0217;0
KVTAQLTDHVVGEY;TRUE;14;13;-0.132;0.013;0
KAATYQEAAIYLW;TRUE;13;12;-0.3299;-0.0189;0
VTWGNNEPYKYW;TRUE;12;11;-0.0951;-0.0377;0
RTALSVVTW;TRUE;9;8;-0.3731;-0.1096;0
TAVDMAEIHTMW;TRUE;12;11;-0.1614;-0.0436;0
LALPTKRVTW;TRUE;10;9;-0.1251;-0.056;0
KPLVSVYYADNHW;TRUE;13;12;-0.1097;-0.0407;0
LSIPLRTRIKW;TRUE;11;10;-0.0969;-0.0335;0
VPYSQAPSGFKYW;TRUE;13;12;-0.0572;0.0009;0
YPDHPTLLSY;TRUE;10;9;-0.0855;0.0243;0
YPTVSSYQITDEY;TRUE;13;12;-0.3208;-0.0213;0
EANEQVCLY;TRUE;9;8;-0.1424;-0.012;0
VPDTETPTF;TRUE;9;8;-0.2055;-0.0474;0
WTPFDNKIVV;TRUE;10;9;-0.2244;-0.0512;0
IPFPLANVTCRV;TRUE;12;11;-0.2787;-0.1268;0
YPAPVYSPPINV;TRUE;12;11;-0.2122;-0.1161;0
AECHPPKDHIVNY;TRUE;13;12;-0.1142;-0.0519;0
LEVTWGNNEPYKYW;TRUE;14;13;-0.1174;-0.0441;0
MEFIPTQTFYNRRY;TRUE;14;13;-0.1365;-0.0298;0
GEISSCHLPTGTRF;TRUE;14;13;-0.2112;-0.0753;0
NEFLARNYPTVSSY;TRUE;14;13;-0.1639;-0.0006;0
AEHRPVKGERMEW;TRUE;13;12;-0.0579;0.0133;0
AELGDRKGKIHIPF;TRUE;14;13;-0.0884;-0.0131;0
QAEFDSFVVPSLW;TRUE;13;12;-0.279;-0.0501;0
YELTPGATVPFLL;TRUE;13;12;-0.1964;0.0081;0
KEDKAYSPEVAL;TRUE;12;11;-0.068;0.0328;0
GEYLVLSPQTVL;TRUE;12;11;-0.1639;-0.0538;0
SESEGDRELAAAY;TRUE;13;12;-0.3884;0.0087;0
YTYNLELGLPATL;TRUE;13;12;-0.094;-0.0191;0
MEWLVNKINGHHVL;TRUE;14;13;-0.1684;-0.0568;0
YPFMWGGAY;TRUE;9;8;-0.098;-0.0003;0
SPIRITTENLATY;TRUE;13;12;-0.277;-0.0541;0
NPSKLRSYPKQHAY;TRUE;14;13;-0.0385;0.0045;0
YPVIHAVGPNFSNY;TRUE;14;13;-0.0981;-0.0345;0
APLGVRGADYTY;TRUE;12;11;-0.2756;-0.0106;0
RQRRSTKDNFNVY;TRUE;13;12;-0.1156;-0.0237;0
LLKPGGSLLIRAY;TRUE;13;12;-0.4284;-0.0401;1
LQNPPKGNF;TRUE;9;8;-0.3173;-0.1061;0
RQRADVAIYQDVY;TRUE;13;12;-0.3367;0.0184;0
WLKERGASLQ;TRUE;10;9;-0.1476;-0.0195;0
YWLKERGASL;TRUE;10;9;-0.2375;-0.0185;0
MMKSGMFL;TRUE;8;7;0.0205;0.0665;0
IPANRRLPHSL;TRUE;11;10;-0.116;-0.001;0
LSIMRGKKL;TRUE;9;8;-0.0569;0.0256;0
IPNTVGVPYKTL;TRUE;12;11;-0.2341;-0.0426;0
RPRPQRQAGQLAQL;TRUE;14;13;-0.1956;0.0059;0
RPRPRPQRQAGQL;TRUE;13;12;-0.2858;-0.0743;0
TPMASVRFFRAEL;TRUE;13;12;-0.3356;0.0274;0
APLGVRGADYTYNL;TRUE;14;13;-0.1424;-0.0174;0
SPQTVLRSQKLSL;TRUE;13;12;-0.2061;0.0222;0
EHVTVIPNTVGV;TRUE;12;11;-0.2775;-0.1418;0
TTYPAPVYSPPINV;TRUE;14;13;-0.2122;-0.1036;0
MTFDTFQNKA;TRUE;10;9;-0.074;-0.0082;0
NTDEESYEL;TRUE;9;8;0.0218;0.0959;0
HTASASAKLR;TRUE;10;9;-0.3152;-0.0001;0
LTVGFTDSR;TRUE;9;8;0.0114;0.0427;0
NVPSRVSPR;TRUE;9;8;-0.1143;0.0045;0
TTNIIPANRR;TRUE;10;9;-0.1257;-0.0437;0
YVYDVDQRR;TRUE;9;8;-0.0195;0.0107;0
EFIPTQTFYNRR;TRUE;12;11;-0.1219;-0.0382;0
EYWEEFAASPIR;TRUE;12;11;-0.2725;-0.0687;0
DFNPTTNIIPANRR;TRUE;14;13;-0.2764;-0.0955;0
VYNEREFVNR;TRUE;10;9;-0.1111;-0.0138;0
EYLVLSPQTVLR;TRUE;12;11;-0.1605;-0.0453;0
KVFTGVYPF;TRUE;9;8;-0.0749;0.027;0
KSGMFLTLF;TRUE;9;8;-0.0348;0.0995;0
AVYKKWPESF;TRUE;10;9;-0.0661;0.0086;0
RQWSQIIQAF;TRUE;10;9;-0.0739;0.0664;0
KSWHLPSVF;TRUE;9;8;-0.0583;-0.0024;0
GTMGHFILAR;TRUE;10;9;-0.0173;0.0819;0
RYQPRPWTPR;TRUE;10;9;-0.2193;-0.1149;0
RATFNPSKLR;TRUE;10;9;-0.0643;-0.0043;0
TTNIIPANR;TRUE;9;8;-0.1412;-0.0604;0
SQAPSGFKY;TRUE;9;8;-0.0484;0.0348;0
RVPKARNPTVTY;TRUE;12;11;-0.2747;-0.0906;0
ATFNPSKLRSY;TRUE;11;10;-0.0277;0.0254;0
RVHPDSSLAGRKGY;TRUE;14;13;-0.2706;-0.0568;0
RQKVNENPLY;TRUE;10;9;-0.0972;-0.0175;0
AVHAPTSLY;TRUE;9;8;-0.0537;0.0197;0
KARNPTVTYGK;TRUE;11;10;-0.2755;-0.0885;0
KLAFKRSSK;TRUE;9;8;-0.0582;0.0071;0
VTRLGVNSV;TRUE;9;8;-0.1064;-0.0322;0
HTASASAKLRVLY;TRUE;13;12;-0.5813;-0.0632;3
NVYKATRPY;TRUE;9;8;-0.1089;-0.0042;0
TTEGALYSY;TRUE;9;8;-0.0042;0.0948;0
EAYDGRVLVPSGY;TRUE;13;12;-0.0819;-0.0174;0
TYPVIHAVGPNF;TRUE;12;11;-0.1076;-0.0505;0
DVYAVHAPTSLY;TRUE;12;11;-0.0537;0.0264;0
YQDVYAVHAPTSLY;TRUE;14;13;-0.0537;0.0329;0
VYKGDVYNMDYPPF;TRUE;14;13;-0.1536;-0.0412;0
VIMLLYPDHPTLL;TRUE;13;12;-0.2097;-0.0368;0
DYPPFGAGRPGQF;TRUE;13;12;-0.1956;-0.0695;0
KFTHEKPEGYYNW;TRUE;13;12;-0.1116;-0.0342;0
GTIDNADLAKLAFK;TRUE;14;13;0.0071;0.0994;0
RVADPLKRLFKLGK;TRUE;14;13;-0.1244;-0.0167;0
ATFNPSKLRSYPK;TRUE;13;12;-0.0808;-0.0158;0
SHQMTFDTFQNK;TRUE;12;11;-0.1669;-0.0556;0
KLRGPVITLYGGPK;TRUE;14;13;-0.1737;-0.0752;0
RMYGVDLDSGLFSK;TRUE;14;13;-0.1648;0.0122;0
AVIGVFGVPGSGK;TRUE;13;12;-0.2111;-0.0784;0
YLWNEQQPL;TRUE;9;8;-0.1791;-0.0578;0
VKIIDAVVSL;TRUE;10;9;-0.4453;-0.1077;1
AVSDWVMSTV;TRUE;10;9;-0.5178;-0.1713;2
ALGESIESI;TRUE;9;8;-0.4822;-0.1676;2
WLKERGASL;TRUE;9;8;-0.0892;0.0088;0
GLIDELEKAV;TRUE;10;9;-0.1086;0.0203;0
MLFDHNVPSRV;TRUE;11;10;-0.1267;-0.0425;0
GLYGKTTGYAV;TRUE;11;10;-0.1624;-0.0024;0
MLLYPDHPTLL;TRUE;11;10;-0.2097;-0.0472;0
ALADEVIRWQRTGL;TRUE;14;13;-0.2723;-0.1142;0
KTDDSHDWTKLRY;TRUE;13;12;-0.0272;0.0286;0
MSETPKVPTYRTTY;TRUE;14;13;-0.1781;-0.0531;0
YSESEGDRELAAAY;TRUE;14;13;-0.4399;-0.0258;1
KVTAQPTDHVVGEY;TRUE;14;13;-0.1537;-0.0048;0
EEMSCIPGGRMY;TRUE;12;11;-0.1957;-0.0706;0
LEEMSCIPGGRMY;TRUE;13;12;-0.2528;-0.0858;0
MSCIPGGRMY;TRUE;10;9;-0.1631;-0.0526;0
YYMYLDRSDAGEAI;TRUE;14;13;-0.4336;-0.1178;2
MYLDRSDAGEAISF;TRUE;14;13;-0.6018;-0.2316;5
ILEDSVPAEVWTRY;TRUE;14;13;-0.2587;-0.0679;0
KTAVEAVNDPRFW;TRUE;13;12;-0.146;-0.0238;0
TAIKPSLGLINRW;TRUE;13;12;-0.1485;-0.0311;0
STLWEGSPNKYW;TRUE;12;11;-0.109;-0.0301;0
STRKLQTRSQTW;TRUE;12;11;-0.1532;-0.0692;0
VPVDWVPTGRTTW;TRUE;13;12;-0.3447;-0.1662;0
IPGGRMYADDTAGW;TRUE;14;13;-0.2389;-0.0586;0
LPWHAGADTGTPHW;TRUE;14;13;-0.2651;-0.0917;0
SPQDNQMAI;TRUE;9;8;-0.2183;-0.0432;0
MALGLTAV;TRUE;8;7;-0.0856;0.0154;0
RKDTQEWKPSTGW;TRUE;13;12;-0.3366;-0.1357;0
LEEMSRIPGGRMY;TRUE;13;12;-0.1768;-0.0703;0
ATSTLWEGSPNKYW;TRUE;14;13;-0.109;-0.0291;0
AEMEEALRGLPVRY;TRUE;14;13;-0.2536;-0.0262;0
NELPHGWKAWGKSY;TRUE;14;13;-0.2348;-0.0248;0
SVDMYIERAGDITW;TRUE;14;13;-0.2661;-0.1013;0
GEFGKAKGSRAI;TRUE;12;11;-0.1765;-0.0475;0
AEVTGNSPRLDVAL;TRUE;14;13;-0.0933;0.0388;0
GELNAILEENGVQL;TRUE;14;13;-0.2152;-0.0842;0
GEAGALITAATSTL;TRUE;14;13;-0.6139;-0.2724;6
AEMNTGGDVAHLAL;TRUE;14;13;-0.1043;0.098;0
VEITPNSPRAEATL;TRUE;14;13;-0.3202;-0.0519;0
VENWIFRNPGFAL;TRUE;13;12;-0.1856;-0.0253;0
TPAVQHAVTTSY;TRUE;12;11;-0.2235;-0.0404;0
FAAGKRGAAF;TRUE;10;9;-0.1897;0.0467;0
TAMAAEVTRRGSAY;TRUE;14;13;-0.6075;-0.131;3
HAETWFFDENHPY;TRUE;13;12;-0.1089;-0.0291;0
NPIAIPFAAGAWY;TRUE;13;12;-0.4685;-0.1222;2
MAAEVTRRGSAY;TRUE;12;11;-0.4063;-0.0516;1
RQDQRGSGQVVTY;TRUE;13;12;-0.0675;0.0047;0
VQHAVTTSYNNY;TRUE;12;11;-0.1303;-0.0472;0
ITPAVQHAVTTSY;TRUE;13;12;-0.2235;-0.0533;0
RLKMDKLRLKGVSY;TRUE;14;13;-0.0789;-0.0007;0
AMAAEVTRRGSAY;TRUE;13;12;-0.5275;-0.0913;2
EQRKTFVEL;TRUE;9;8;0.0218;0.0873;0
FKVRPALL;TRUE;8;7;0.0129;0.0526;0
SVGKKEAM;TRUE;8;7;-0.0002;0.039;0
KPIDDRFAHALRFL;TRUE;14;13;0.0221;0.1288;0
SPNKYWNSSTATSL;TRUE;14;13;-0.4683;-0.1582;2
RPYKAAAAQLPETL;TRUE;14;13;-0.0717;0.009;0
IRAMVVPRTDNITL;TRUE;14;13;-0.2828;-0.1126;0
RPRKEPESNLVRSM;TRUE;14;13;-0.2466;-0.0728;0
SPRAEATLGGFGSL;TRUE;14;13;-0.6014;-0.1838;4
MTIDPQVEKKMGQV;TRUE;14;13;-0.2597;-0.0911;0
VVIKNGSYV;TRUE;9;8;-0.1148;-0.0203;0
ETDENRAKV;TRUE;9;8;-0.0788;-0.0051;0
TVMDIISRQDQR;TRUE;12;11;-0.1057;-0.0312;0
EMYWVSGAK;TRUE;9;8;-0.1207;-0.0211;0
ETPVECFEPSMLK;TRUE;13;12;-0.1298;-0.0307;0
TVMDIISR;TRUE;8;7;-0.0638;0.0028;0
WFFDENHPYR;TRUE;10;9;-0.1182;-0.0267;0
EVWTRHGEKR;TRUE;10;9;-0.0543;-0.003;0
FIFRANWTPR;TRUE;10;9;-0.1143;-0.0592;0
EALVEFKDAHAKR;TRUE;13;12;-0.0543;0.0205;0
ALAIIKYTY;TRUE;9;8;-0.0354;0.0245;0
QVASAGITY;TRUE;9;8;-0.2417;-0.0293;0
FVYNDVEAW;TRUE;9;8;-0.0395;0.0061;0
KTVMDIISR;TRUE;9;8;-0.0638;-0.0021;0
KVRPALLVSFIFR;TRUE;13;12;-0.6117;-0.1792;4
RSRRAVTLPSHSTR;TRUE;14;13;-0.1316;0.0176;0
KYMDYLSTQVRY;TRUE;12;11;-0.0932;-0.0008;0
KVIDLGCGRGGWSY;TRUE;14;13;-0.2123;-0.0544;0
NQMSALEFY;TRUE;9;8;-0.0216;0.1084;0
KCGRVIGLY;TRUE;9;8;-0.0501;0.0486;0
KTKDGDIGAVALDY;TRUE;14;13;-0.5193;-0.047;2
GHMCDATMSY;TRUE;10;9;-0.1333;-0.0042;0
SYYAATIRK;TRUE;9;8;-0.0654;-0.0124;0
KTRLRTVILA;TRUE;10;9;-0.2793;-0.0207;0
RARNIQTLPGIFK;TRUE;13;12;-0.1668;-0.0359;0
RIINARKEK;TRUE;9;8;-0.0469;-0.0002;0
AIYAALTTF;TRUE;9;8;-0.2461;-0.0272;0
DLAKLAILM;TRUE;9;8;-0.0133;0.0317;0
TTVSNMAEVRSY;TRUE;12;11;-0.2973;-0.0121;0
EAISFPTTL;TRUE;9;8;-0.141;-0.0474;0
KYMDYLSTQVRYL;TRUE;13;12;-0.1039;0.0282;0
SYAQMWQLLYF;TRUE;11;10;0.0082;0.1303;0
RAIWYMWLGARF;TRUE;12;11;-0.5336;-0.0666;2
YWNSSTATSLCNIF;TRUE;14;13;-0.3103;-0.0947;0
GYWIESEKNDTW;TRUE;12;11;-0.1554;-0.0651;0
AWAIYAALTTF;TRUE;11;10;-0.5245;-0.1257;2
RFQEAIDNL;TRUE;9;8;-0.0599;0.0151;0
VPNYNLYIMDEAHF;TRUE;14;13;-0.1366;0.0193;0
VYVKTGKRSGALW;TRUE;13;12;-0.0974;0.0015;0
YYMYLDRNDAGEAI;TRUE;14;13;-0.2084;-0.067;0
WFFDENHPYRTW;TRUE;12;11;-0.2136;-0.0875;0
AVNDPRFWALVDK;TRUE;13;12;-0.1218;-0.0002;0
TDIDTMTIDPQVEK;TRUE;14;13;-0.1439;-0.027;0
AVGLICALAGGFAK;TRUE;14;13;-0.3265;-0.0726;0
SLINGVVRLLSK;TRUE;12;11;-0.1272;0.0109;0
RLQRRYGGGLVR;TRUE;12;11;-0.0577;-0.0038;0
AVSSAILSR;TRUE;9;8;-0.2885;-0.0254;0
RAGDITWEK;TRUE;9;8;-0.0458;0.003;0
YLSTQVRYL;TRUE;9;8;-0.0081;0.0604;0
YLIPGLQAAAA;TRUE;11;10;-0.0299;0.037;0
YAWDFGVPLL;TRUE;10;9;-0.0213;0.0461;0
KAWGKSYFV;TRUE;9;8;-0.0432;0.0539;0
YLIPGLQAAAARA;TRUE;13;12;-0.3085;-0.0386;0
WLAYQVASA;TRUE;9;8;-0.0203;0.0339;0
YLGEEGSTPGV;TRUE;11;10;-0.1975;-0.0895;0
RLLSKPWDVVTGV;TRUE;13;12;-0.3721;-0.177;0
KLDAAWDGHSEV;TRUE;12;11;-0.032;0.0145;0
VLEEMSRIPGGRMY;TRUE;14;13;-0.2731;-0.0859;0
VIDLGCGRGGWSYY;TRUE;14;13;-0.3999;-0.0503;0
ATSTLWEGSPNKY;TRUE;13;12;-0.1049;-0.025;0
AHFTDPSSIAARGY;TRUE;14;13;-0.5936;-0.1896;3
MAAEVTRRGSAYY;TRUE;13;12;-0.4952;-0.0594;2
AAHFKPGDAVLETDI;TRUE;15;14;-0.475;-0.1247;1
YRTVYPAPVYSPPIN;TRUE;15;14;-0.1868;-0.079;0
QENASTANRSRYQSR;TRUE;15;14;-0.1112;-0.0157;0
HPPISFGAPSETFPI;TRUE;15;14;-0.2247;-0.072;0
MNHVTNIIVCSSFPL;TRUE;15;14;-0.1728;-0.0518;0
YPVIHAVGPNFSNYT;TRUE;15;14;-0.1859;-0.0776;0
VTFDTFQNKANVCWA;TRUE;15;14;-0.2163;-0.0859;0
SRMLLKSWHLPSVFH;TRUE;15;14;-0.0681;0.0101;0
IGDLQEVMAVPDKET;TRUE;15;14;-0.0757;-0.0184;0
EVIRWQRTGLIDELE;TRUE;15;14;-0.2619;0.0315;0
GFILHDTVTGTACRV;TRUE;15;14;-0.3699;-0.1539;0
RELVRRLNAVLLPNV;TRUE;15;14;-0.1388;-0.048;0
LFAKTHNLLPLQEVP;TRUE;15;14;-0.1468;-0.0432;0
LMSETPKVPTYRTTY;TRUE;15;14;-0.1781;-0.0589;0
EEVHEEKCYPPKLDE;TRUE;15;14;-0.0978;0.0041;0
WSTCSDTDDELRLDR;TRUE;15;14;-0.2108;0.066;0
VQETAETRDTAMSLQ;TRUE;15;14;-0.346;-0.1192;0
TLPSTTGNLAAVSDW;TRUE;15;14;-0.4414;-0.082;1
RVSPREYRSSQESAQ;TRUE;15;14;-0.2014;-0.0598;0
YSYLEGTRFHQTAVD;TRUE;15;14;-0.1615;-0.0259;0
WEKKISEAIQMRTQV;TRUE;15;14;-0.2809;-0.0918;0
ESEGDRELAAAYREV;TRUE;15;14;-0.59;-0.0625;2
VLLVSGYNLALPTKR;TRUE;15;14;-0.0625;-0.0141;0
WLVNKINGHHVLLVS;TRUE;15;14;-0.2618;-0.0729;0
KGKWNINKQICVTTR;TRUE;15;14;-0.3119;-0.159;0
NPEAASILERKYPFT;TRUE;15;14;-0.277;-0.0319;0
VALNEICTRMYGVDL;TRUE;15;14;-0.1868;-0.0175;0
KVNENPLYASTSEHV;TRUE;15;14;-0.2054;-0.0118;0
VLCGDPKQCGFFNMM;TRUE;15;14;-0.3002;-0.1299;0
EITTDVMRQRGLEIS;TRUE;15;14;-0.2653;-0.0604;0
LTNPPYHEFAYEGLK;TRUE;15;14;-0.0638;0.0062;0
QKLSLIHALAEQVKT;TRUE;15;14;-0.1848;-0.0601;0
WSSGLSIPLRTRIKW;TRUE;15;14;-0.0969;-0.0118;0
VVPSLWSSGLSIPLR;TRUE;15;14;-0.5791;-0.1599;4
FSKWAKECRKDMEDE;TRUE;15;14;-0.003;0.0481;0
CTYVPATICDQMTGI;TRUE;15;14;-0.2995;-0.1601;0
GLCSTDLTEGRRGKL;TRUE;15;14;-0.218;-0.0437;0
ERLANYARKLASAAG;TRUE;15;14;-0.4495;-0.1281;1
DAPSLTDMSCEVSAC;TRUE;15;14;-0.6677;-0.2773;5
FMWGGAYCFCDTENT;TRUE;15;14;-0.2826;-0.1081;0
CKMLTFLAVLSIGAH;TRUE;15;14;-0.5425;-0.1701;4
YQEEWVTHKKEIRLT;TRUE;15;14;-0.1629;-0.0517;0
LVPRNAEFGDRQGKV;TRUE;15;14;-0.2351;-0.0749;0
SHDWTKLRYMDNHTP;TRUE;15;14;-0.1618;-0.0401;0
RRQRRSIKDHFNVYK;TRUE;15;14;-0.0492;-0.0056;0
QIIRPRPRPQRKAGQ;TRUE;15;14;-0.2759;-0.1414;0
KCAVHSMTNAVTIRE;TRUE;15;14;-0.3457;-0.0813;0
YWLKERGASLQHTAP;TRUE;15;14;-0.1487;-0.0373;0
TPESKDVYANTQLVL;TRUE;15;14;-0.2566;-0.0505;0
YANGDHAVTVKDAKF;TRUE;15;14;-0.0939;0.0439;0
FMWGGAYCFCDAENT;TRUE;15;14;-0.2592;-0.0659;0
ALIVLCNCLRLLPCC;TRUE;15;14;-0.303;-0.1681;0
GNNEPYKYWPQLSTN;TRUE;15;14;-0.2019;-0.0862;0
ARNPTVTYGKNQVIM;TRUE;15;14;-0.2871;-0.1297;0
TTTDKVINNCKVDQC;TRUE;15;14;-0.3013;-0.1793;0
TDSRKISHSCTHPFH;TRUE;15;14;-0.1296;-0.0437;0
LRMLEDNVMRPGYYQ;TRUE;15;14;-0.1801;-0.0806;0
YYNWHHGAVQYSGGR;TRUE;15;14;-0.3097;-0.1133;0
SKFTHEKPEGYYNWH;TRUE;15;14;-0.1048;-0.0405;0
VPQQKPRRNRKNKKQ;TRUE;15;14;-0.2812;-0.1228;0
LLYFHRRDLRLMANA;TRUE;15;14;-0.0322;0.0252;0
GWDNWEEVPFCSHHF;TRUE;15;14;-0.0617;-0.0057;0
TNWLQSNGWDRLKRM;TRUE;15;14;-0.1449;-0.037;0
IPGGRMYADDTAGWD;TRUE;15;14;-0.2124;-0.0403;0
RFWALVDKEREHHLR;TRUE;15;14;-0.0381;0.0315;0
SNAALGAIFEEEKEW;TRUE;15;14;-0.1162;-0.0152;0
RSEHAETWFFDENHP;TRUE;15;14;-0.2028;-0.0535;0
SMVGDWLEKRPGAFC;TRUE;15;14;-0.165;-0.0548;0
DGVATGGHAVSRGSA;TRUE;15;14;-0.5263;-0.1331;1
AVAVSSAILSRTAWG;TRUE;15;14;-0.621;-0.274;4
AVTTSYNNYSLMAMA;TRUE;15;14;-0.1723;-0.0435;0
WMDARVCSDHAALKS;TRUE;15;14;-0.0336;0.0399;0
HGEKRVLKPRWMDAR;TRUE;15;14;-0.0279;0.0287;0
GGGCAETDEDHAHWL;TRUE;15;14;-0.1675;-0.0366;0
TVWFVPSVRNGNEIA;TRUE;15;14;-0.2268;-0.086;0
DHSGKTVWFVPSVRN;TRUE;15;14;-0.1595;-0.0493;0
EALRGLPVRYMTTAV;TRUE;15;14;-0.2681;-0.1065;0
GIFKTKDGDIGAVAL;TRUE;15;14;-0.3594;-0.0802;0
MWHVTKGSALRSGEG;TRUE;15;14;-0.5665;-0.1671;2
YVKTGKRSGALWDVP;TRUE;15;14;-0.0916;-0.0096;0
ITWEKDAEVTGNSPR;TRUE;15;14;-0.1143;0.0089;0
PSEVLTAVGLICALA;TRUE;15;14;-0.6141;-0.2514;6
WRAGLATCGGFMLLS;TRUE;15;14;-0.5461;-0.114;3
ESNLVRSMVTAGSTD;TRUE;15;14;-0.5769;-0.2198;6
LIEMKTCEWPKSHTL;TRUE;15;14;-0.1186;-0.0438;0
HRAWNSFLVEDHGFG;TRUE;15;14;-0.1163;-0.0217;0
QRLPVPVNELPHGWK;TRUE;15;14;-0.1547;-0.0617;0
AWRDRYKYHPDSPRR;TRUE;15;14;-0.122;0.0108;0
LLMWLGLNTKNGSIS;TRUE;15;14;-0.3041;-0.1495;0
TESTENSKMMLELDP;TRUE;15;14;-0.054;0.0162;0
KDAHAKRQTVVVLGS;TRUE;15;14;-0.2617;-0.1093;0
LGLDCEPRTGLDFSD;TRUE;15;14;-0.175;0.0369;0
TGKSIQPENLEYRIM;TRUE;15;14;-0.1592;-0.0426;0
SQTWLESREYTKHLI;TRUE;15;14;-0.0563;-0.0041;0
PMLDEGVEPDDVDCW;TRUE;15;14;-0.1519;-0.053;0
FYSDWYQPACGKAGC;TRUE;15;14;-0.3036;-0.1782;0
YNYPAMLGHAGDMAG;TRUE;15;14;-0.286;-0.1043;0
ENWARLGTFNVPNPV;TRUE;15;14;-0.2349;-0.1058;0
IVIDPVVTDTAKMAD;TRUE;15;14;-0.2866;-0.0437;0
SLGTPRAGLRTYLAV;TRUE;15;14;-0.2435;-0.0266;0
HDVELLRQVQHLSQD;TRUE;15;14;-0.1139;-0.0079;0
MSQIMYNYPAMLGHA;TRUE;15;14;-0.1197;-0.0062;0
GESLANRRAALAALL;TRUE;15;14;-0.4019;-0.0373;1
RRQLEYFVAVAQERH;TRUE;15;14;-0.1802;-0.0132;0
DGESRTFLISVAAEL;TRUE;15;14;-0.6011;-0.2439;5
DHPITAAAIAEELGM;TRUE;15;14;-0.5935;-0.2716;6
DLPLLVPLRAIPLLG;TRUE;15;14;-0.1819;-0.0571;0
SPPVRRQLPRPRPSW;TRUE;15;14;-0.2306;-0.0519;0
DLYSKIESLPASQRD;TRUE;15;14;-0.1072;-0.0107;0
AADVAAALAVDADEW;TRUE;15;14;-0.6155;-0.1221;3
LIIDDVDQVPDSPAM;TRUE;15;14;-0.1204;-0.0154;0
ANRLLRRTATHLPLR;TRUE;15;14;-0.073;0.0139;0
AAPIAAPAVVGAAGR;TRUE;15;14;-0.6167;-0.2815;6
FDDLGVNVNNGLSDL;TRUE;15;14;-0.2171;-0.034;0
LRHFTLETTTAAGER;TRUE;15;14;-0.5426;-0.1494;3
DGLDVDAADVAAALA;TRUE;15;14;-0.5225;-0.1523;4
AGHTHYLIIDDVDQV;TRUE;15;14;-0.2721;-0.0638;0
MVVAARIRIQGIRLW;TRUE;15;14;-0.0761;-0.0018;0
LGPMLAAASAWDGLA;TRUE;15;14;-0.6113;-0.232;6
DGRVIGRTRLTAKVS;TRUE;15;14;-0.2234;-0.0565;0
AATWELDNVDASDDG;TRUE;15;14;-0.385;-0.0203;0
AGRLRLDAACRHIQD;TRUE;15;14;-0.1331;-0.0436;0
FAGAGLGPMLAAASA;TRUE;15;14;-0.5091;-0.1861;3
LLFRFMRPLIENGHV;TRUE;15;14;-0.1307;-0.054;0
HVLQSSWVHLLPSRK;TRUE;15;14;-0.0739;-0.0038;0
PTVERTLASVALILT;TRUE;15;14;-0.6165;-0.3053;7
LALRWLVGYSRQRRE;TRUE;15;14;-0.137;0.0082;0
AMSAFFFGLVDAPNH;TRUE;15;14;-0.4246;-0.052;1
GSSEIMRLLIAREAV;TRUE;15;14;-0.5683;-0.2046;3
IVGDDIFVTNPERLE;TRUE;15;14;-0.0891;0.0166;0
AEGLNILRNADVGTR;TRUE;15;14;-0.2256;-0.0911;0
AAGDFWGGAGSAACQ;TRUE;15;14;-0.5458;-0.1964;2
APGFRDRIVATVSTS;TRUE;15;14;-0.5897;-0.3309;8
SGHTYVSTPGRALLF;TRUE;15;14;-0.1915;0.0144;0
DTLALNTNSRVRVAD;TRUE;15;14;-0.1132;0.0153;0
LALRWLIGYSRQRRE;TRUE;15;14;-0.229;0.0007;0
ARRGGVVRIAVAARH;TRUE;15;14;-0.4464;-0.0688;2
MVRDLRINRIFEGSS;TRUE;15;14;-0.3339;-0.1263;0
LALDAAATEFFTDGT;TRUE;15;14;-0.6017;-0.233;5
AEGLNILRNADVGIR;TRUE;15;14;-0.2291;-0.0873;0
AEHQAIVRDVLAASD;TRUE;15;14;-0.4847;-0.0871;2
GLIDITRFWFEQGSL;TRUE;15;14;-0.4261;-0.1198;2
RVALVLFGPVLVYLT;TRUE;15;14;-0.5668;-0.1307;3
GVNYANDYSDGIRGT;TRUE;15;14;-0.281;-0.1411;0
VDEHLLKKVDVQNEK;TRUE;15;14;-0.1044;-0.0272;0
GVSHRLVLIDDPILR;TRUE;15;14;-0.1014;-0.0009;0
ANVQEDFAHHQFLIK;TRUE;15;14;-0.0828;-0.0067;0
RDTLAAHPGTSLILL;TRUE;15;14;-0.3099;-0.0532;0
ARDIGVDPVQLRLLA;TRUE;15;14;-0.0256;0.0947;0
FLSVVLRRIRGMRSD;TRUE;15;14;-0.4428;-0.0739;1
DFVAEEIRSSKAAAL;TRUE;15;14;-0.5836;-0.2098;7
AILIAATLFATVVAG;TRUE;15;14;-0.6187;-0.3362;7
ARLDEFLAWTTRVAN;TRUE;15;14;-0.4175;-0.0874;1
AATTDIRAQRLATLE;TRUE;15;14;-0.0836;0.059;0
GRAFRIRRRTSHITV;TRUE;15;14;-0.2708;-0.1032;0
ANVQEDFAYHQFLIK;TRUE;15;14;-0.0463;0.0106;0
AEGVRLLRSGGVIVV;TRUE;15;14;-0.3386;-0.1063;0
AAKLGTIVSDESTAV;TRUE;15;14;-0.5924;-0.2923;7
ATRDYPARLDEFLAW;TRUE;15;14;-0.0463;0.0258;0
LAALDRLVGPDTRAL;TRUE;15;14;-0.0856;0.0178;0
QRSVRALVTATTAVD;TRUE;15;14;-0.6036;-0.2484;6
IGTLADAQAWAAEIA;TRUE;15;14;-0.5108;-0.1934;4
EPYAVWLDDWYARES;TRUE;15;14;-0.0936;0.0365;0
GTKNINDVITAVEPR;TRUE;15;14;-0.223;-0.0346;0
GTVNQIYNNAGIAFT;TRUE;15;14;-0.3043;-0.1025;0
HIVYTEFKSMLSQSA;TRUE;15;14;-0.4394;-0.1364;3
MKIRRLQRAEQQSSH;TRUE;15;14;-0.1531;-0.0207;0
LVALDRLVGPDTRAL;TRUE;15;14;-0.0856;0.017;0
AYEPHYVDDRRYFEP;TRUE;15;14;-0.0583;0.0192;0
LKTLVLRMQRHSENA;TRUE;15;14;-0.0605;0.0247;0
QVRKAILGLLDVDLL;TRUE;15;14;-0.1778;0.0684;0
ANIFRRSEELFSLLR;TRUE;15;14;-0.5858;-0.0898;3
AMRWVAKNVVAAGLA;TRUE;15;14;-0.5666;-0.2126;5
LEQYIRDAKIDSLYE;TRUE;15;14;-0.1578;0.0493;0
AISGAGVAGAALAHW;TRUE;15;14;-0.6064;-0.1059;2
ASQLARLAAALQEKK;TRUE;15;14;-0.0264;0.0115;0
QEDALRVFERFYRAD;TRUE;15;14;-0.3703;0.0255;0
DMFRLDDKVAVITGG;TRUE;15;14;-0.3909;-0.2232;0
ATTTTYLVPVNHLPL;TRUE;15;14;-0.1464;-0.0312;0
LRIALSTRVPTPLPV;TRUE;15;14;-0.2347;-0.0778;0
VNKFQGDASLAVFGA;TRUE;15;14;-0.5389;-0.2254;5
NKRWEALHDEQLDAA;TRUE;15;14;-0.0246;0.0944;0
SRLRQVLRNLVANAI;TRUE;15;14;-0.1899;-0.0547;0
DLRMLAARLGSDVPF;TRUE;15;14;-0.3819;-0.0644;0
FGAYFLRNYFVLIVV;TRUE;15;14;-0.218;-0.0621;0
HAFGASFLARIFPPG;TRUE;15;14;-0.5781;-0.0894;1
ARQPGRLRIALSTRV;TRUE;15;14;-0.389;-0.1595;0
GRHVGREVAAAAERE;TRUE;15;14;-0.5209;-0.0857;2
PSILAADFARLADEA;TRUE;15;14;-0.569;0.0617;1
TVRLDQQTRQRLQDI;TRUE;15;14;-0.1489;-0.0373;0
AQYKAVARALRQAVE;TRUE;15;14;-0.2766;-0.0449;0
LLPEATASVAALASM;TRUE;15;14;-0.6254;-0.3103;7
HDDRRLLSLILLARD;TRUE;15;14;-0.5965;-0.0802;3
DVLLGDVRSLKQKRS;TRUE;15;14;-0.0771;-0.0125;0
GSQYTSIRFSERLAE;TRUE;15;14;-0.0537;0.0639;0
LTKLTGAGAAAFLMD;TRUE;15;14;-0.5814;-0.1364;4
GEILVRQRGTKFHPG;TRUE;15;14;-0.1513;-0.0573;0
RGPIPFSLRKFLAGK;TRUE;15;14;-0.1854;-0.0296;0
VPYHTVINRHVFESL;TRUE;15;14;-0.1928;0.031;0
IEEFRRDVSELLPEA;TRUE;15;14;-0.1867;0.0331;0
DPDRGGVEDLIDHIT;TRUE;15;14;-0.1669;-0.0493;0
LRNIGVFGVNLVGLS;TRUE;15;14;-0.4072;-0.0983;1
QRLGVKRYGGQVVKA;TRUE;15;14;-0.045;0.0208;0
SQLYRRMLNVAEPLR;TRUE;15;14;-0.069;0.0295;0
DEGIQVLRRAVAALD;TRUE;15;14;-0.4341;-0.0666;1
ATVPAAAVGLVILVR;TRUE;15;14;-0.6153;-0.231;6
AEHLRQASGLAREGA;TRUE;15;14;-0.3757;-0.1001;0
DTREHDIADSDDYFQ;TRUE;15;14;-0.1112;0.0173;0
QRRFIGLLMLSVLVA;TRUE;15;14;-0.5861;-0.2219;4
VMAAAVHDFADLADG;TRUE;15;14;-0.2432;0.0659;0
NRIPLYQIHQPNPVV;TRUE;15;14;-0.2889;-0.1306;0
VYQMQPVVFGAPLPL;TRUE;15;14;-0.1282;-0.0145;0
GAAITYIDYEQDWAG;TRUE;15;14;-0.0912;-0.0234;0
IMTWVTAFFAPLTVA;TRUE;15;14;-0.4737;-0.176;4
AMTHYLSDHHYAVDN;TRUE;15;14;-0.0745;-0.0083;0
AAIPRLRRALVAPCT;TRUE;15;14;-0.2205;-0.069;0
MNRQYRRIAVAAKNT;TRUE;15;14;-0.1569;-0.06;0
HIYLRPFRYYVAYRT;TRUE;15;14;-0.062;0.0232;0
ANYFRSFSSSRRGRA;TRUE;15;14;-0.4702;-0.1028;2
APFPAVIKNRERASA;TRUE;15;14;-0.0872;0.0247;0
AAAAIGAAAAGVTSI;TRUE;15;14;-0.6211;-0.3439;7
AADILKDESYKVTGT;TRUE;15;14;-0.2178;-0.1307;0
AAEKMIVDGRVEVDG;TRUE;15;14;-0.5056;-0.1545;2
FQLQPKYMEMLNLNE;TRUE;15;14;-0.0703;-0.0064;0
APGSLMFSTSSSSGT;TRUE;15;14;-0.6337;-0.3032;7
ISRRRTEVATQVEAA;TRUE;15;14;-0.5504;-0.1094;2
ASGNLKRSFGTFQLT;TRUE;15;14;-0.2022;-0.0532;0
ALRRYHEALGVPIST;TRUE;15;14;-0.2813;-0.1544;0
EGMKILYSDDDIVAV;TRUE;15;14;-0.4063;-0.096;2
GELTFDVIHLRGHTP;TRUE;15;14;-0.1341;-0.0341;0
AAGLADDYDGVLADV;TRUE;15;14;-0.3743;0.0199;0
AGTATIAAVLLASGA;TRUE;15;14;-0.621;-0.317;7
DMTKTLQRIKDLVEA;TRUE;15;14;-0.0137;0.0875;0
NYEVPAAMADEVEAA;TRUE;15;14;-0.4892;-0.1475;3
TFVGLDARYLRAAVR;TRUE;15;14;-0.0622;0.0193;0
ELMLRRRPVSGAPVA;TRUE;15;14;-0.1942;-0.0429;0
AKIFTSVVLPSLTPA;TRUE;15;14;-0.252;-0.0343;0
AQIYDLERDPPPRST;TRUE;15;14;-0.1827;-0.0459;0
FRAFLASARWWPNFE;TRUE;15;14;-0.0681;-0.0021;0
FTTHAIVAAALASTA;TRUE;15;14;-0.6095;-0.32;8
EVAWQRLVSKSAAIA;TRUE;15;14;-0.5876;-0.2608;5
DLTDWLSSARLNLLA;TRUE;15;14;-0.161;0.0109;0
AVFLLYFLLRRDGRA;TRUE;15;14;-0.0543;0.0628;0
ATAINGNGSRIQTWT;TRUE;15;14;-0.2337;-0.1164;0
ARLVSTPSWRTEITH;TRUE;15;14;-0.1404;-0.0395;0
AMRHKRFRAFLASAR;TRUE;15;14;-0.4623;-0.0514;2
ARDFAAEAAFVFAMI;TRUE;15;14;-0.6196;-0.3482;8
ETITGLRPDRPSVRV;TRUE;15;14;-0.1495;-0.0236;0
LLSTRGYITAEKIRS;TRUE;15;14;-0.2538;-0.0807;0
ARLVFNAFLANGDYA;TRUE;15;14;-0.3787;-0.0015;0
GDDTLFLERFVLRPR;TRUE;15;14;-0.1143;0.0293;0
AEYLADVTIHVSLTH;TRUE;15;14;-0.1795;-0.0304;0
FPDGETRDLFLTLLS;TRUE;15;14;-0.3612;0.0249;0
RDIPLDVIQRLGLAY;TRUE;15;14;-0.3873;-0.0216;0
ASRGFFGSRPFSRAN;TRUE;15;14;-0.0911;0.0289;0
RSIDLINQLGGLRKP;TRUE;15;14;-0.1409;-0.0446;0
KVFVVLYDMTPADEK;TRUE;15;14;-0.045;0.0029;0
AELAQLDEALKLHLD;TRUE;15;14;0.0047;0.103;0
ASLGFFGSRPFSRAN;TRUE;15;14;-0.0911;0.0316;0
AAVWDAARAAAEDEE;TRUE;15;14;-0.2874;0.012;0
AAWSARVRETLFVDG;TRUE;15;14;-0.6049;-0.2129;5
ATDVDADVAIALDPD;TRUE;15;14;-0.5175;-0.062;2
DFGAQYAQLIARRVR;TRUE;15;14;-0.1113;-0.0132;0
ASTLVQVGAVPKAVS;TRUE;15;14;-0.2171;-0.0513;0
GSMPPRPGGAVGGAR;TRUE;15;14;-0.3996;-0.1215;0
AREVILRLFGPLLDA;TRUE;15;14;-0.0391;0.0708;0
HLTLVHKTNVLTLAG;TRUE;15;14;-0.2933;-0.1233;0
ANLELYLIFPLASEQ;TRUE;15;14;-0.1065;0.0183;0
LEAGRTIWGFPKIMA;TRUE;15;14;-0.22;-0.0678;0
KTELWMLMSPTMIAR;TRUE;15;14;-0.4302;-0.0961;1
EFVKSASSTVEAPVA;TRUE;15;14;-0.5956;-0.1983;3
LQHGMEKAREVILRL;TRUE;15;14;-0.455;-0.0925;3
HLTLVHKTNVLTFAG;TRUE;15;14;-0.2977;-0.1214;0
PTLSRVANLELYLIF;TRUE;15;14;-0.3307;-0.0044;0
MDRFRRLVAAQGGDL;TRUE;15;14;-0.4078;-0.067;1
LTKKIRLKVPLVSSA;TRUE;15;14;-0.2897;-0.1078;0
LPGKAIVMQMLVRYV;TRUE;15;14;-0.1807;-0.0266;0
FGRIRQFNSGRWQAS;TRUE;15;14;-0.1871;-0.0356;0
LHLQLILREGGAELT;TRUE;15;14;-0.4122;-0.1321;1
PTMDTTYPVDVDDFR;TRUE;15;14;-0.1598;0.0334;0
AATLFGGLEAIGRYL;TRUE;15;14;-0.6103;-0.1505;4
AAIKAAAHVAAELIP;TRUE;15;14;-0.2029;-0.0328;0
HQVEWTNYLTPQALI;TRUE;15;14;-0.3604;-0.1183;0
AHRFAQSSTVLFLGR;TRUE;15;14;-0.6091;-0.1635;4
AALLVRLDEAITSPA;TRUE;15;14;-0.2891;-0.0678;0
LSVVAPSQFTFSSRS;TRUE;15;14;-0.6086;-0.1741;4
LNTVGFVVVAMFALT;TRUE;15;14;-0.6072;-0.287;7
DQSVSLLHLQLILRE;TRUE;15;14;-0.0833;0.0686;0
IRVGSFRGRWLDPRH;TRUE;15;14;-0.1363;-0.0021;0
VLVAQAWHWVDPARA;TRUE;15;14;-0.1202;-0.0123;0
ASTKTFLAQIAANYL;TRUE;15;14;-0.3049;0.0047;0
APHVRAYIRRSGAPA;TRUE;15;14;-0.0792;0.0176;0
DFVTALQLDTKLDGI;TRUE;15;14;-0.2365;-0.0716;0
VLVRRWPKVISRAMV;TRUE;15;14;-0.3628;-0.1697;0
AIALAQFYDVPMVST;TRUE;15;14;-0.1558;-0.0621;0
FTVAPSYYMTETTLR;TRUE;15;14;-0.1878;-0.0139;0
MRFIGVIPRPQPHSG;TRUE;15;14;-0.2797;-0.0967;0
ARIVAQALVGAEPYY;TRUE;15;14;-0.5874;-0.0658;1
RFVTLTDILGAEDAF;TRUE;15;14;-0.5429;-0.0312;2
GIRLVIVLVRRWPKV;TRUE;15;14;-0.083;-0.0129;0
DLPVLYELAAEEAGA;TRUE;15;14;-0.5744;-0.1278;3
AARGIDIDDVTHVIN;TRUE;15;14;-0.2296;-0.0887;0
LAYYAARYNIDLDLI;TRUE;15;14;-0.1084;0.0103;0
FDREISPIQAPVLDE;TRUE;15;14;-0.0451;0.0214;0
VRGWPVLSFSRPVSL;TRUE;15;14;-0.2794;-0.0677;0
AALVRFLAQGVEATS;TRUE;15;14;-0.561;-0.2077;4
ADRIAALTLAHAYSR;TRUE;15;14;-0.2135;0.0107;0
ATGAAEAIEAEGLRY;TRUE;15;14;-0.6085;-0.1883;5
AVGSPVLVVDRTSYT;TRUE;15;14;-0.6052;-0.1566;2
ALRYDADDDYPAFCI;TRUE;15;14;-0.1322;-0.0392;0
GQLRPRVRQDPKIQM;TRUE;15;14;-0.239;-0.1145;0
ILVNVNFRYVEGELR;TRUE;15;14;-0.0381;0.0438;0
FGGELAFLQFDIRAH;TRUE;15;14;-0.233;-0.0019;0
AGARLRWRATKPVAA;TRUE;15;14;-0.1811;-0.0239;0
INAFVVRKSAKAHGM;TRUE;15;14;-0.1806;-0.0284;0
LRLLESYRDSFYLLV;TRUE;15;14;-0.4197;0.0121;1
AGYELKQRIIEHLKQ;TRUE;15;14;-0.1254;-0.05;0
GQLRPRVRKDPKIQM;TRUE;15;14;-0.2099;-0.1052;0
ASRTMLMDLETLDWD;TRUE;15;14;-0.4618;-0.0386;1
AGGVLVIDGAGSLHT;TRUE;15;14;-0.5635;-0.0952;2
STVAVAAADFSPEEQ;TRUE;15;14;-0.379;-0.0278;0
FSMTGTEVVTIAAAE;TRUE;15;14;-0.6131;-0.2373;6
GNAGHGGAGGNGAAA;TRUE;15;14;-0.2187;-0.0496;0
ADGPDDAALEAAAER;TRUE;15;14;-0.4228;0.0003;1
NTGAFISGNYSNGVL;TRUE;15;14;-0.2711;-0.0926;0
MSFVIAVPEFLSAAA;TRUE;15;14;-0.4863;-0.222;5
LNTMFDEDHDELVLV;TRUE;15;14;-0.0469;0.0536;0
ASRTMLMDLKTLDWD;TRUE;15;14;-0.0383;0.0137;0
TIQVARALAARVAIT;TRUE;15;14;-0.6058;-0.3368;7
NWSDGSAPIEEMMAT;TRUE;15;14;-0.3173;-0.1429;0
NTVAVAAADFSPEEQ;TRUE;15;14;-0.3452;-0.0254;0
DGGQGGNGAGAGASG;TRUE;15;14;-0.3002;-0.1312;0
GRAKLDHSYDDLASS;TRUE;15;14;-0.0342;0.147;0
ARIAFLIRFGTGVLP;TRUE;15;14;-0.5357;-0.1242;2
VKSMILHEILPIDVS;TRUE;15;14;-0.2344;-0.08;0
IIRMVDLMISRVAGQ;TRUE;15;14;-0.4852;-0.1267;2
EVPFARIGRLGQVPV;TRUE;15;14;-0.1729;-0.0412;0
FGFLKSKLRTGGLLL;TRUE;15;14;-0.2423;-0.0208;0
ALRTLALPFGIQVET;TRUE;15;14;-0.3104;-0.1187;0
GKSEFLRTLILSLVA;TRUE;15;14;-0.5989;-0.2378;6
ALILVDAANPLAGKP;TRUE;15;14;-0.095;-0.0265;0
FLLVPVLILLTVSGR;TRUE;15;14;-0.6011;-0.2596;5
AGGQGATAGAGGAGA;TRUE;15;14;-0.5441;-0.2007;4
AIIGAFAARRWYRKW;TRUE;15;14;-0.1884;-0.0061;0
AGGAGGVGAVGGKGG;TRUE;15;14;-0.2752;-0.0956;0
GQNTPAIAAAEAEYE;TRUE;15;14;-0.1805;-0.0021;0
AFATEAASMIASNTA;TRUE;15;14;-0.6103;-0.2261;4
PYQNFDALRTLALPF;TRUE;15;14;-0.1875;0.0176;0
NQSFRQVTSVTDRMS;TRUE;15;14;-0.4009;-0.1223;1
NTLFQTLTSIAEKVD;TRUE;15;14;-0.3083;-0.0701;0
PLWVFLLVPVLILLT;TRUE;15;14;-0.5931;-0.2251;5
AAAGTGIAGAGGRGG;TRUE;15;14;-0.4709;-0.1662;3
ITTVYHFIFVPLTIG;TRUE;15;14;-0.3798;-0.1769;0
LIGNGGAGGAGGVGA;TRUE;15;14;-0.2737;-0.0832;0
AFTSEGIQLLASNAS;TRUE;15;14;-0.5501;-0.0178;1
DRVSWFPVARARTKL;TRUE;15;14;-0.2448;-0.0373;0
LGLRFSTGHALLASA;TRUE;15;14;-0.2871;-0.0023;0
GQGDILATAFLQAGQ;TRUE;15;14;-0.3055;-0.1224;0
AGGAVGAVAARTRSG;TRUE;15;14;-0.6193;-0.2401;4
RAGPAAPAASVPAEP;TRUE;15;14;-0.0701;0.0005;0
AANKAAAAATTQVLA;TRUE;15;14;-0.5822;-0.1696;4
ETLRSLYFLSSRVSG;TRUE;15;14;-0.5369;-0.2238;4
FVIFLREGFPINILN;TRUE;15;14;-0.243;-0.1235;0
LSAEYAAVADELIGL;TRUE;15;14;-0.5963;-0.238;6
LGLASLAGGAVGAVA;TRUE;15;14;-0.6121;-0.2708;6
ALGWAMRRKPFSRFN;TRUE;15;14;-0.0907;0.0202;0
ALSAEYAAVAQELSV;TRUE;15;14;-0.6153;-0.2191;5
MSFVLISPEVVSAAA;TRUE;15;14;-0.6051;-0.3491;8
ALTALGMLDHQEEDL;TRUE;15;14;-0.0407;0.073;0
MISVLGPISGHVLKAVFSRG;TRUE;20;19;-0.5081;-0.1554;2
KPGKISHIMLDVAFTSHEHF;TRUE;20;19;-0.2176;-0.0391;0
KAQLNRHSYLKDSDFLDAA;TRUE;19;18;-0.0603;0.1446;0
HDVSKGDDNKLGGALQAKA;TRUE;19;18;-0.2448;-0.0066;0
PQYSEHPTFTSQYRIQ;TRUE;16;15;-0.3189;-0.145;0
LNIPSINVHHYPSAA;TRUE;15;14;-0.1157;-0.0326;0
LQNALDILDKVHEPF;TRUE;15;14;-0.215;-0.0278;0
KTTRPFKVIIKPPVP;TRUE;15;14;-0.1104;-0.063;0
ALPLKMLNIPSINVH;TRUE;15;14;-0.1679;-0.0897;0
LAWTRQQNQWKEPDV;TRUE;15;14;-0.2226;-0.0787;0
AGILARNLVPMVATV;TRUE;15;14;-0.2994;-0.1351;0
MLDVAFTSHEHFGLL;TRUE;15;14;-0.0469;0.062;0
LPLKMLNIPSINVHH;TRUE;15;14;-0.1967;-0.075;0
SRVIAGTVFVAYHRD;TRUE;15;14;-0.5873;-0.0622;2
VYKYDSRPPEDVFQNG;TRUE;16;15;-0.2546;-0.1368;0
SVASIVGTLVRMAPVM;TRUE;16;15;-0.5561;-0.1231;2
WSERAGEAMVLVYYES;TRUE;16;15;-0.6206;-0.0992;4
SSRRYTEVYLEHRMQE;TRUE;16;15;-0.0892;0.0054;0
LASQARWTGATRAVDS;TRUE;16;15;-0.5736;-0.2079;6
AVVHLQRATIRRGDAP;TRUE;16;15;-0.0773;-0.0079;0
EASAITTYVGFSVVYP;TRUE;16;15;-0.6145;-0.1214;2
QNRYEYIWGLYPTYTE;TRUE;16;15;-0.1018;-0.0287;0
AVALLNKLGRIRAGED;TRUE;16;15;-0.1789;-0.0036;0
RVSVQSVNSASRVAIS;TRUE;16;15;-0.5455;-0.2945;7
LKTYSVQLKLYDDKNASLGL;TRUE;20;19;-0.1578;0.0395;0
YVSIDKFRIFCKALNPKEIE;TRUE;20;19;-0.0739;-0.0179;0
GALETTGVVLLLEYIPEITL;TRUE;20;19;-0.6114;-0.1457;4
PALLLMHELIHVLHGLYGMQ;TRUE;20;19;-0.2723;-0.1663;0
LYKKMEAVKLRDLKT;TRUE;15;14;-0.0471;-0.0026;0
KLESKINKVFSTPIP;TRUE;15;14;-0.1226;-0.0636;0
WLGTVNTQFQKRSYQ;TRUE;15;14;-0.2965;-0.0764;0
DDNTIYQYLYAQKSP;TRUE;15;14;-0.0569;-0.0094;0
IINAIPYLGNSYSLL;TRUE;15;14;-0.2055;-0.0125;0
SLQYLALVALVAPKK;TRUE;15;14;-0.0574;-0.0049;0
WEFVNTPPLVKLWYQ;TRUE;15;14;-0.1781;-0.0571;0
QEPFKNLKTGKYAKM;TRUE;15;14;-0.1884;-0.0493;0
LGPAATLEEMMTACQ;TRUE;15;14;-0.4242;-0.2039;1
YKRWIILGLNKIVRM;TRUE;15;14;-0.1732;-0.0848;0
GWPFKLVPVDPREVQ;TRUE;15;14;-0.1309;-0.057;0
WSKSSIVGWPAVRER;TRUE;15;14;-0.4367;-0.0573;1
AIRHIPRRIRQGLER;TRUE;15;14;-0.1732;-0.0285;0
TWFNSTWSTKGSNNT;TRUE;15;14;-0.3156;-0.18;0
RIQRGPGRAFVTIGK;TRUE;15;14;-0.3183;-0.0904;0
DKELYPLASLRSLFG;TRUE;15;14;-0.5054;-0.1556;3
GSSMDSKSSGWGMNH;TRUE;15;14;-0.1201;-0.0368;0
QGNMQREPNQAFGSG;TRUE;15;14;-0.2931;-0.1484;0
DDQIAQSLCGEDLII;TRUE;15;14;-0.3372;-0.0951;0
KLPNSKQSQDEPLRS;TRUE;15;14;-0.1351;0.0034;0
LHAPDAGWGNLVYVV;TRUE;15;14;-0.3358;-0.0684;0
MRGVRLVEGILHAPD;TRUE;15;14;-0.0703;-0.0185;0
DKSRWQQGNVFSCSV;TRUE;15;14;-0.2871;-0.1222;0
AVEWESNGQPENNYK;TRUE;15;14;-0.1758;-0.0677;0
VVDVSHEDPEVKFNW;TRUE;15;14;-0.1036;-0.0291;0
PSVFLFPPKPKDTLM;TRUE;15;14;-0.2406;-0.068;0
YICNVNHKPSNTKVD;TRUE;15;14;-0.2393;-0.0917;0
GTAALGCLVKDYFPE;TRUE;15;14;-0.1328;-0.0009;0
SSIHWYQQRTNGSPR;TRUE;15;14;-0.2439;-0.0846;0
DILLTQSPAILSVSP;TRUE;15;14;-0.4169;-0.0821;1
YNRAPYTFGQGTKVE;TRUE;15;14;-0.1885;-0.0443;0
NYLAWYQQKPGKAPK;TRUE;15;14;-0.0808;-0.0337;0
LRAEDTAVYYCAKVS;TRUE;15;14;-0.3474;-0.0798;0
WVRQAPGKGLEWVSA;TRUE;15;14;-0.4387;-0.1338;1
GSGTDFTLTISSLQP;TRUE;15;14;-0.3195;-0.0919;0
LQWNSLKASDTAMYY;TRUE;15;14;-0.5788;-0.0942;2
SDIRYSPSFQGQVTM;TRUE;15;14;-0.225;-0.1126;0
TPRVTGGGAMA;TRUE;11;10;-0.3661;-0.0635;0
QAIRETVELR;TRUE;10;9;-0.0381;0.0282;0
GPISGHVLK;TRUE;9;8;-0.0725;0.0123;0
IIYTRNHEV;TRUE;9;8;-0.1161;-0.0311;0
RPSTPRAAV;TRUE;9;8;-0.1714;-0.032;0
QYDPVAALF;TRUE;9;8;-0.0015;0.0802;0
SGQLLWDTVTGVNMT;TRUE;15;14;-0.2978;-0.1733;0
TDTYHSYAKNILRTQ;TRUE;15;14;-0.2365;-0.1355;0
REPFIACGPKECKHF;TRUE;15;14;-0.1142;-0.0371;0
GEYSLPTFDSLNITA;TRUE;15;14;-0.2864;-0.1158;0
VLLSNEGIINSEDEH;TRUE;15;14;-0.1823;-0.0229;0
STQEAINKITKNLNS;TRUE;15;14;-0.2603;-0.136;0
PIWVKTPLKLANGTK;TRUE;15;14;-0.2837;-0.1141;0
VLLPQKVWCASGRSK;TRUE;15;14;-0.2696;-0.0926;0
QITVWGFHSDNKTQM;TRUE;15;14;-0.2733;-0.1257;0
ATSKIGFFSTMAWAV;TRUE;15;14;-0.5931;-0.283;6
ALGRPMCVGTTPSAK;TRUE;15;14;-0.2424;-0.0845;0
HDGGKETWHSAATAI;TRUE;15;14;-0.4717;-0.2404;4
TDGSASGVSECRFLK;TRUE;15;14;-0.476;-0.0525;1
AWSGSACHDGKEWTY;TRUE;15;14;-0.0967;-0.0228;0
SATKGVTLLLPGPEW;TRUE;15;14;-0.1202;-0.0475;0
ILLKFSPTEITAPTM;TRUE;15;14;-0.2917;-0.1212;0
EFSLPTFDSLNITAA;TRUE;15;14;-0.3617;-0.1368;0
VEIGNGCFETKHKCN;TRUE;15;14;-0.2788;-0.1313;0
DELHNEILELDEKVD;TRUE;15;14;-0.0455;0.0277;0
EGGWEGMIAGWHGYT;TRUE;15;14;-0.4694;-0.0902;1
IWVKTPLKLANGTKY;TRUE;15;14;-0.2024;-0.0582;0
EKYGGLNKSKPYYTG;TRUE;15;14;-0.1528;-0.0712;0
ITVWGFHSDNETQMA;TRUE;15;14;-0.2532;-0.0609;0
GFFATMAWAVPDKNK;TRUE;15;14;-0.1066;-0.0335;0
HVRLSTHNVINAEGA;TRUE;15;14;-0.2633;-0.1054;0
CFWVELIRGRPEENT;TRUE;15;14;-0.1934;-0.0193;0
ELTGLDCIRPCFWVE;TRUE;15;14;-0.1263;-0.0267;0
WHGSNRPWVSFNQNL;TRUE;15;14;-0.3052;-0.14;0
VCRDNWHGSNRPWVS;TRUE;15;14;-0.3622;-0.1388;0
IKSWRNNILRTQESE;TRUE;15;14;-0.2207;-0.0314;0
NSRFESVAWSASACH;TRUE;15;14;-0.6063;-0.1689;4
KGDVFVIREPFISCS;TRUE;15;14;-0.4622;-0.2167;2
GWAIYSKDNSVRIGS;TRUE;15;14;-0.3038;-0.1239;0
QSVITYENNTWVNQT;TRUE;15;14;-0.3352;-0.2031;0
KLESTRIYQILAIYS;TRUE;15;14;-0.4523;-0.0444;1
TCMESVKNGTYDYPK;TRUE;15;14;-0.1767;-0.0491;0
GFLDIWTYNAELLVL;TRUE;15;14;-0.3185;0.0103;0
QNEQGSGYAADLKST;TRUE;15;14;-0.12;0.0079;0
NIHPITIGKCPKYVK;TRUE;15;14;-0.2469;-0.0766;0
VEPGDKITFEATGNL;TRUE;15;14;-0.2623;-0.0864;0
LVLWGIHHPSTTADQ;TRUE;15;14;-0.3653;-0.1193;0
FEIFPKASSWPNHDS;TRUE;15;14;-0.1771;-0.0033;0
EDKHNGKLCKLRGVA;TRUE;15;14;-0.265;-0.0475;0
TFTTANADTLCIGYH;TRUE;15;14;-0.3009;-0.0842;0
SVEGKSCINRCFYVE;TRUE;15;14;-0.0607;0.0043;0
DGNDVWMGRTINETS;TRUE;15;14;-0.2558;-0.1241;0
NNEEGGHGVKGWAFD;TRUE;15;14;-0.1331;0.0456;0
CRDNWKGSNRPIVDI;TRUE;15;14;-0.3036;-0.1071;0
LVDSVVSWSKDILRT;TRUE;15;14;-0.603;-0.2075;5
NNVHSNNTVRDRTPY;TRUE;15;14;-0.2875;-0.0538;0
GGDIWVTREPYVSCD;TRUE;15;14;-0.1084;-0.0423;0
MLCEPTIIERNITEI;TRUE;15;14;-0.3671;-0.1722;0
IMWACQKGNIRCNIC;TRUE;15;14;-0.3143;-0.2198;0
LWSYNAELLVALENQ;TRUE;15;14;-0.3265;-0.0581;0
WYGFRHQNSEGRGQA;TRUE;15;14;-0.2861;-0.1025;0
QNVNRITYGACPRYV;TRUE;15;14;-0.1423;-0.0556;0
WGVHHPGTDKDQIFL;TRUE;15;14;-0.3361;-0.0178;0
DKLYIWGVHHPGTDK;TRUE;15;14;-0.3211;-0.0605;0
QNKKWDLFVERSKAY;TRUE;15;14;-0.1944;0.0148;0
PHQILDGENCTLIDA;TRUE;15;14;-0.351;-0.0715;0
LCLVFAQKIPGNDNS;TRUE;15;14;-0.2176;-0.0873;0
YTAKRPFVKLNVETD;TRUE;15;14;-0.0819;-0.0138;0
ALTHYAAQPGGYYNG;TRUE;15;14;-0.2408;-0.1318;0
VKSTDYHQKRETIRL;TRUE;15;14;-0.1434;-0.0253;0
NSLFERLNEGHSKPI;TRUE;15;14;-0.126;-0.0476;0
LHRLNAYDQSGRLVA;TRUE;15;14;-0.2059;-0.0203;0
YSWIDYPSTPGRCLD;TRUE;15;14;-0.2311;-0.0499;0
KVLLFMNPSAGIEGF;TRUE;15;14;-0.343;-0.1349;0
QKEIQAKEAMKEVLS;TRUE;15;14;-0.3852;-0.0622;0
FWAPMTRSGGNEAGG;TRUE;15;14;-0.3201;-0.1442;0
TSSEDDVGRKTQKKQ;TRUE;15;14;-0.209;-0.0692;0
LKLRWESYPNLVKST;TRUE;15;14;-0.1926;-0.0986;0
MTTTQIEWRMKKMAI;TRUE;15;14;-0.2255;-0.0659;0
KEEVNTQKEGKFRLT;TRUE;15;14;-0.1398;-0.0256;0
LDYPGQDRLNRLKRK;TRUE;15;14;-0.134;-0.0334;0
MAWTIGHLNQIKRGI;TRUE;15;14;-0.2754;-0.1309;0
FWAPMTRSGGNEVGG;TRUE;15;14;-0.3149;-0.1433;0
DDMERNLIQNAHAVE;TRUE;15;14;-0.1555;-0.0056;0
IRWLIEEVRHKLKIT;TRUE;15;14;-0.1466;-0.0792;0
FAWRSSNENGRPPLT;TRUE;15;14;-0.2624;-0.0947;0
VIFDRLETLILLRAF;TRUE;15;14;-0.5937;-0.1003;4
MASVPASRYLTDMTL;TRUE;15;14;-0.2335;-0.0557;0
RVADQELGDAPFLDR;TRUE;15;14;-0.0091;0.0624;0
WILDRLFFKCIYRRF;TRUE;15;14;-0.3305;-0.0458;0
THPSSSAGLKNDLLE;TRUE;15;14;-0.1328;0.0705;0
ARPEDVSFQGRGVFE;TRUE;15;14;-0.3016;-0.0459;0
IDPFRLLQNSQVYSL;TRUE;15;14;-0.2144;-0.0184;0
FWRGENGRKTRIAYE;TRUE;15;14;-0.0745;0.0338;0
AGLTHMMIWHSNLND;TRUE;15;14;-0.2004;-0.0398;0
EEVRHRLRTTENSFE;TRUE;15;14;-0.0439;0.0252;0
EWNDNTVRVSKNLQR;TRUE;15;14;-0.3037;-0.0718;0
IVGEISPLPSFPGHT;TRUE;15;14;-0.2054;-0.0697;0
KLSDAPFLDRLRRDQ;TRUE;15;14;-0.126;-0.0139;0
WILDRLFFKCVYRLF;TRUE;15;14;-0.3649;-0.012;0
STGLRDDLLENLQTY;TRUE;15;14;-0.0944;-0.0126;0
ALMEWLKTRPILSPL;TRUE;15;14;-0.0711;-0.0111;0
VSFRGRGVFELSDEK;TRUE;15;14;-0.2079;0.0423;0
LLQNSQIYSLIRPNE;TRUE;15;14;-0.1506;-0.0255;0
FWRGENGRKTRSAYE;TRUE;15;14;-0.0459;0.0508;0
IMIWHSNLNDATYQR;TRUE;15;14;-0.282;-0.0925;0
ELKLSDHEGRLIQNS;TRUE;15;14;-0.268;-0.1108;0
VSSFQDILLRMSKMQ;TRUE;15;14;-0.2737;-0.0859;0
AGALASCMGLIYNRM;TRUE;15;14;-0.5075;-0.1116;1
WAIRTRSGGNTNQQR;TRUE;15;14;-0.316;-0.1652;0
TRALVRTGMDPRMCS;TRUE;15;14;-0.2226;-0.1122;0
REVSILRHSYQKEIQ;TRUE;15;14;-0.204;-0.0677;0
GMGKGEDVQKLAEEL;TRUE;15;14;0.0218;0.1514;0
SALEWIKNKRCLTDI;TRUE;15;14;-0.2653;-0.1221;0
TNPIEIPIKQTIPNF;TRUE;15;14;-0.2306;-0.1308;0
ERPIALSKQAVRRML;TRUE;15;14;-0.3123;-0.0582;0
DLRVLSALTGTEFKP;TRUE;15;14;-0.4155;-0.0884;1
ISIYAKIPQLGFNVE;TRUE;15;14;-0.1162;-0.0293;0
AYEKILLNLKNKCSA;TRUE;15;14;-0.2732;-0.1188;0
KRVGLDPSLISTFAG;TRUE;15;14;-0.5712;-0.2753;7
KMVRDDKTIYFSPIR;TRUE;15;14;-0.1968;-0.028;0
NMVVKLGEFYNQMMV;TRUE;15;14;-0.2177;-0.1101;0
IWFRDFCSIAPVLFS;TRUE;15;14;-0.5546;-0.1759;4
FCQDIIDSLDKPEMT;TRUE;15;14;-0.1161;-0.0258;0
VIQSAYWFNEWLGFE;TRUE;15;14;-0.0952;-0.0012;0
LPEIGPDAAPVEHVG;TRUE;15;14;-0.123;-0.0421;0
RPEMTFFSVKNIKKK;TRUE;15;14;-0.1378;-0.0429;0
SNNPWVIQSVYWFNE;TRUE;15;14;-0.0588;-0.0032;0
ASMGKYKVIPITNRV;TRUE;15;14;-0.1933;-0.1062;0
GKKKQRVNKRSYLIR;TRUE;15;14;-0.0803;-0.0077;0
MEVVQQTRVDRLTQG;TRUE;15;14;-0.2718;-0.131;0
GDMLIRSAIGQVSRP;TRUE;15;14;-0.2503;-0.0585;0
MRRNYFTSEVSHCRA;TRUE;15;14;-0.0752;0.0164;0
KQYDSDEPELRSLAS;TRUE;15;14;-0.2005;0.002;0
NVVKPHEKGINPNYL;TRUE;15;14;-0.1831;-0.0579;0
GWKEPNVVKPHEKGI;TRUE;15;14;-0.1845;-0.0771;0
IKTRLFTIRQEMASR;TRUE;15;14;-0.3091;-0.051;0
PMIVELAEKTMKEYG;TRUE;15;14;-0.3901;-0.0973;0
KGVEEGSIGKVCRTL;TRUE;15;14;-0.2901;-0.107;0
KWEKYCVLEIGDMLL;TRUE;15;14;-0.4738;-0.0889;2
FENCRDISDLKQYDS;TRUE;15;14;-0.0853;0.063;0
IKTFFGWKEPYIVKP;TRUE;15;14;-0.0557;-0.0274;0
AYVDGFEPNGCIEGK;TRUE;15;14;-0.2674;-0.1191;0
NKIKSENTHIHIFSF;TRUE;15;14;-0.2949;-0.0258;0
NEKKAKLSNAVAKML;TRUE;15;14;-0.1458;-0.0209;0
DEEHPGLFQAASQNA;TRUE;15;14;-0.2905;-0.0804;0
WLGFEKEGSKVLESV;TRUE;15;14;-0.5707;-0.1889;4
KALRVIFTKCLMHYV;TRUE;15;14;-0.1723;-0.0321;0
QMKWGMEARRCLLQS;TRUE;15;14;-0.2928;-0.074;0
LYGLAVKGQSHLRGD;TRUE;15;14;-0.0882;0.0004;0
YAKWATGDGLTYQKI;TRUE;15;14;-0.275;-0.0737;0
ANENFLWKLWRDCVN;TRUE;15;14;-0.198;-0.0818;0
LWQVLIGEEDVEKGI;TRUE;15;14;-0.3448;-0.1427;0
GKGRVLSRLTELQAE;TRUE;15;14;-0.2735;-0.0151;0
YVISDMNFLDEEGKA;TRUE;15;14;-0.0432;0.0321;0
MFESKRMKLRTQIPA;TRUE;15;14;-0.109;-0.0334;0
TELSFTITGDNTKWN;TRUE;15;14;-0.2458;-0.1191;0
TALANTIEVFRSNGL;TRUE;15;14;-0.432;-0.1112;1
RQTYDWTLNRNQPAA;TRUE;15;14;-0.2406;-0.0702;0
LLNASWFNSFLTHAL;TRUE;15;14;-0.0748;0.0215;0
ASPQLEGFSAESRKL;TRUE;15;14;-0.3412;-0.0308;0
VSMEFSLTDPRLEPH;TRUE;15;14;-0.1689;-0.0433;0
KGVYINTALLNASCA;TRUE;15;14;-0.3922;-0.1051;0
GLWDSFRQSERGEET;TRUE;15;14;-0.0722;0.0101;0
MAWTVVNSICNTTGA;TRUE;15;14;-0.3121;-0.1763;0
FEIIEGRDRTMAWTV;TRUE;15;14;-0.3049;-0.1392;0
CLSKAYANMWSLMYFHKR;TRUE;18;17;-0.0543;-0.0013;0
VQLIRMAEAEMVIHHQH;TRUE;17;16;-0.1627;-0.0417;0
MEMTYKNKVVKVLRP;TRUE;15;14;-0.0693;0.0001;0
CTKEEFIAKVRSHAAIGAY;TRUE;19;18;-0.5132;-0.159;5
YMPDVLEKLELLQRRFGG;TRUE;18;17;-0.4934;-0.1551;2
ELYKRTDIVEVDRDTAR;TRUE;17;16;-0.2175;-0.0427;0
SLILPGIKAQQSKLAQRRV;TRUE;19;18;-0.2832;-0.0624;0
LSLSGIAQSASVLSFMDKG;TRUE;19;18;-0.5985;-0.2313;7
TSGMVIFFMSPKGISRMSMA;TRUE;20;19;-0.5706;-0.232;5
LPSIRAANVMAASLRKAGKS;TRUE;20;19;-0.6022;-0.1851;4
GHDWILADKRPTAWFLPSIR;TRUE;20;19;-0.3471;-0.0808;0
IDAMCHATLTYRMLEPTRVV;TRUE;20;19;-0.3169;-0.0949;0
ILAECARRRLRTLVL;TRUE;15;14;-0.1007;-0.0064;0
LAGLAFQEMENFLGPIAVG;TRUE;19;18;-0.3614;-0.1838;0
NGGDAMYMALIAAFSIRPG;TRUE;19;18;-0.6169;-0.2795;7
VTLLDLLKLTVAVGLHFHEM;TRUE;20;19;-0.2214;-0.0289;0
WGKNLVFSPGRKNGS;TRUE;15;14;-0.2238;-0.1152;0
SSAGGFFTSVGKGIHTVFGS;TRUE;20;19;-0.3181;-0.1125;0
AINKGILVTVNPIASTND;TRUE;18;17;-0.2692;-0.115;0
SGGVWREMHHLVEFEPPHA;TRUE;19;18;-0.1536;-0.0443;0
FFAVTALTIAYLVGSNMTQR;TRUE;20;19;-0.4554;-0.1652;1
QGLAVLRKVKRVVASLMRGL;TRUE;20;19;-0.5202;-0.2172;3
KRLWKMLDPRQGLAVLRK;TRUE;18;17;-0.1981;-0.0287;0
TAEWLWKEL;TRUE;9;8;0.0137;0.037;0
VAVSFVTL;TRUE;8;7;-0.3622;-0.0264;0
AGWDTRITL;TRUE;9;8;-0.2342;-0.0294;0
IAASIILEF;TRUE;9;8;-0.312;0.0135;0
SSPILSITI;TRUE;9;8;-0.4078;-0.1487;1
NFSLGVLGM;TRUE;9;8;-0.154;-0.026;0
DTAWDFGSL;TRUE;9;8;-0.0091;0.0434;0
NGWDRLKRM;TRUE;9;8;-0.0393;-0.0007;0
WYMWLGARF;TRUE;9;8;-0.0089;0.0473;0
AWDFGVPLL;TRUE;9;8;0.0041;0.0545;0
HWLEARMLL;TRUE;9;8;-0.1986;0.0242;0
WHVTKGSAL;TRUE;9;8;-0.1894;0.0228;0
IHQIFGAAF;TRUE;9;8;-0.038;0.0609;0
KSYAQMWSLMY;TRUE;11;10;-0.092;0.0141;0
KSYAQMWSL;TRUE;9;8;-0.021;0.0202;0
RVQRPTPRGTVM;TRUE;12;11;-0.3064;-0.1351;0
SSVNMISRM;TRUE;9;8;-0.1135;-0.0422;0
RTPQDNQLTY;TRUE;10;9;-0.1957;-0.0396;0
HVTRGAVLM;TRUE;9;8;-0.1159;0.0025;0
RSLRPQPTELKY;TRUE;12;11;-0.1442;-0.0096;0
VTKWTDIPY;TRUE;9;8;-0.1089;-0.0162;0
LSRNSTHEMY;TRUE;10;9;-0.0647;0.0021;0
GTLPGHMTERF;TRUE;11;10;-0.0734;0.0235;0
FTDPSSIAARGY;TRUE;12;11;-0.5535;-0.1194;1
KSYFVRAAKTNNSF;TRUE;14;13;-0.129;-0.0433;0
AMAAEVTRRGSAYY;TRUE;14;13;-0.5936;-0.1005;3
KTPVESWEEIPYL;TRUE;13;12;-0.1064;0.0012;0
VVPMVTQMAM;TRUE;10;9;-0.2189;-0.0589;0
NTPEGIIPSMF;TRUE;11;10;-0.2141;-0.0529;0
LSPVRVPNYNLI;TRUE;12;11;-0.2099;-0.104;0
LMWKQITPELNHIL;TRUE;14;13;-0.1346;-0.0564;0
RSVALVPHVGMGL;TRUE;13;12;-0.234;-0.0791;0
KTPVTKWTDIPYL;TRUE;13;12;-0.1424;-0.0191;0
IGRARVSPGAGWSI;TRUE;14;13;-0.4713;-0.2101;3
RVPDPQEGTRQVM;TRUE;13;12;-0.299;-0.1089;0
AVPPGERARNIQTL;TRUE;14;13;-0.2731;-0.1218;0
IFRANWTPRESMLL;TRUE;14;13;-0.2137;-0.0319;0
GTPHWNNKEALVEF;TRUE;14;13;-0.3065;-0.0215;0
ITPNSPRAEATL;TRUE;12;11;-0.3202;-0.0594;0
VSPFGGLKRLPAGL;TRUE;14;13;-0.1195;0.0015;0
EWSPCSVTCGNGIQV;TRUE;15;14;-0.3139;-0.1111;0
HIEQYLKKIQNSLST;TRUE;15;14;-0.2865;-0.1174;0
NPNANPNANPNANPN;TRUE;15;14;-0.2794;-0.134;0
YGKQENWYSLKKNSR;TRUE;15;14;-0.1222;-0.0336;0
MMRKLAILSVSSFLF;TRUE;15;14;-0.615;-0.2642;7
AVLTGYSLFQKEKMVLNEGTS;TRUE;21;20;-0.2006;-0.1091;0
RIMNDKKLIRMLFDTYEYVK;TRUE;20;19;-0.3309;-0.0535;0
AIKDKLKPGGLDEYQNQLYGICNE;TRUE;24;23;-0.306;-0.1805;0
ETYGKVKNTDKELSKIYGTKY;TRUE;21;20;-0.2485;-0.0771;0
NIISCNKNDKNQ;TRUE;12;11;-0.2858;-0.1442;0
YEKAKNAYQKANQAVLKAKEASSYD;TRUE;25;24;-0.3364;-0.0018;0
TLTKEYEDIVLKSHMNRESDD;TRUE;21;20;-0.0276;0.0513;0
TKILLKHYKGLVKYYNGESSP;TRUE;21;20;-0.0416;0.033;0
GISYYEKVLAKYKDDLE;TRUE;17;16;-0.0114;0.1202;0
KGELIDQLGVRDKEAGVALR;TRUE;20;19;-0.4342;-0.0888;3
AAIREWARRNGHNVSTRGRI;TRUE;20;19;-0.3146;-0.1498;0
DLQKALEAQSRALRAELAA;TRUE;19;18;-0.3309;-0.0471;0
EANSKLAALEKLNKELEESK;TRUE;20;19;-0.0449;0.0269;0
PLKMLNIPSINVHHY;TRUE;15;14;-0.2135;-0.0675;0
ISLPSYYPDQKSLENYIAQT;TRUE;20;19;-0.2934;-0.1577;0
ECELVNSPEFGLLAQVTPEQ;TRUE;20;19;-0.2863;-0.1111;0
QMSDPAYNINISLPSYYPDQ;TRUE;20;19;-0.296;-0.0776;0
FNLWGPAFHERYPNVTITA;TRUE;19;18;-0.3745;-0.1874;0
AFSPEVIPMFSALSEGATPQ;TRUE;20;19;-0.5851;-0.2569;7
SLRCCRIRFTWALALLQAGM;TRUE;20;19;-0.5523;-0.2412;6
YWFEKALRDKKGFII;TRUE;15;14;-0.2223;-0.0423;0
RIEAMDPATVEQQEHWFEKA;TRUE;20;19;-0.0683;0.0023;0
AYIRKTLALDKTEQEALEYF;TRUE;20;19;-0.143;0.0489;0
MERGPVGGAGLGAGARIQALLG;TRUE;22;21;-0.3734;-0.1267;0
SASTGQATPLPVTIPSSVST;TRUE;20;19;-0.5064;-0.3182;11
CVFCWWHHTNPVGTEWRWKM;TRUE;20;19;-0.4308;-0.1541;3
KLCRWTKSMLRGRGACYKHT;TRUE;20;19;-0.3862;-0.1174;0
SASTGDATPLPVTNTSSVST;TRUE;20;19;-0.546;-0.2773;7
KKEKQQDMRWVEQLEWSLSK;TRUE;20;19;-0.2348;-0.0696;0
IDICNHQGATPLVLTKRRGV;TRUE;20;19;-0.3693;-0.1459;0
RPPRAVQYSHTHTTNYKLSS;TRUE;20;19;-0.2718;-0.0353;0
EQLHKVKVVTRIYHKAKHTK;TRUE;20;19;-0.1875;-0.0433;0
FWQHGQPFPRFSLPFLSIAS;TRUE;20;19;-0.5711;-0.2927;8
QSGTNASVFWQHGQPFPRFS;TRUE;20;19;-0.1357;-0.0257;0
FTYARFDSEITMVPSVAAKD;TRUE;20;19;-0.5047;-0.1207;1
FDLEITIVTNNKGLM;TRUE;15;14;-0.293;-0.1469;0
IETRYVMNDNTNAEA;TRUE;15;14;-0.2381;-0.0398;0
ITVSISPMCAEFSGARAKTV;TRUE;20;19;-0.6371;-0.2555;6
NWLNFDGTLLGNLLIFPHQF;TRUE;20;19;-0.284;-0.0444;0
LLHLRQSPKAGLLSL;TRUE;15;14;-0.1773;-0.0082;0
PYAGLIMIMTMNNPK;TRUE;15;14;-0.2991;-0.1393;0
NYAKGKLTRNYMILL;TRUE;15;14;-0.1917;-0.0342;0
KRWTMYFKAKNYPSQ;TRUE;15;14;-0.1441;-0.0688;0
LRGAFILRIIKGFVD;TRUE;15;14;-0.2837;-0.0618;0
KRPYLKNDNTAKVAI;TRUE;15;14;-0.3455;-0.117;0
DLKMAVSFSQFNRRF;TRUE;15;14;-0.1571;0.0021;0
TRITDVIINPSPELE;TRUE;15;14;-0.15;-0.0123;0
LSLPSTISINLQVHI;TRUE;15;14;-0.1478;-0.0455;0
SYWFLTKEVKILMKL;TRUE;15;14;-0.1711;-0.0194;0
STELYLISKDAYCTI;TRUE;15;14;-0.4641;-0.1478;1
LIWDYIMRTLRDTSH;TRUE;15;14;-0.0909;0.0036;0
QLGYIKNLSKPAKAA;TRUE;15;14;-0.0654;0.0206;0
EIFSFFRTFGHPPLE;TRUE;15;14;-0.1054;-0.0297;0
MLFKTSIPKICKITS;TRUE;15;14;-0.2626;-0.1657;0
NVLIRINNYLSDRPK;TRUE;15;14;-0.1553;-0.0416;0
LVINDLIYAYTSNLI;TRUE;15;14;-0.2153;-0.0806;0
VRRLLVMINSTHNSP;TRUE;15;14;-0.1454;-0.022;0
WGNQIIKVGPAVSIR;TRUE;15;14;-0.4466;-0.1206;1
PNYIINKASSLGGAD;TRUE;15;14;-0.5197;-0.1429;2
IKLQGIASLYRTNIT;TRUE;15;14;-0.2442;-0.134;0
IIQYKNLLNRLLIPL;TRUE;15;14;-0.1003;-0.0256;0
MLKTIKSWILGKRNQ;TRUE;15;14;-0.2881;-0.1464;0
LSLETIITSLTRDII;TRUE;15;14;-0.5652;-0.2162;4
NSPKIRVYNTVISYI;TRUE;15;14;-0.2527;-0.0891;0
FVPCSICSNNPTCWAICKRIP;TRUE;21;20;-0.3196;-0.165;0
NKLINHKHMNILKWL;TRUE;15;14;-0.2401;-0.0556;0
YESLPFYKAEKIVNL;TRUE;15;14;-0.1497;-0.0419;0
VDLEMIINDKAISPP;TRUE;15;14;-0.1645;-0.0576;0
VITTIIKDDILSAVK;TRUE;15;14;-0.351;-0.0581;0
KYKNAVTELQLLMQSTPP;TRUE;18;17;-0.2883;-0.0927;0
DRGWYCDNAGSVSFFPQA;TRUE;18;17;-0.2484;-0.035;0
