,Random Forest (All),Logistic Regression (All),SVM (All),K-Neighbors (All),Decision Tree (All),Naive Bayes (All),Random Forest (MW - inCV),Random Forest (Wilcoxon - inCV),Random Forest (Kruskal - inCV),Random Forest (Chi-square - inCV),Random Forest (KS - inCV),Logistic Regression (MW - inCV),Logistic Regression (Wilcoxon - inCV),Logistic Regression (Kruskal - inCV),Logistic Regression (Chi-square - inCV),Logistic Regression (KS - inCV),SVM (MW - inCV),SVM (Wilcoxon - inCV),SVM (Kruskal - inCV),SVM (Chi-square - inCV),SVM (KS - inCV),K-Neighbors (MW - inCV),K-Neighbors (Wilcoxon - inCV),K-Neighbors (Kruskal - inCV),K-Neighbors (Chi-square - inCV),K-Neighbors (KS - inCV),Decision Tree (MW - inCV),Decision Tree (Wilcoxon - inCV),Decision Tree (Kruskal - inCV),Decision Tree (Chi-square - inCV),Decision Tree (KS - inCV),Naive Bayes (MW - inCV),Naive Bayes (Wilcoxon - inCV),Naive Bayes (Kruskal - inCV),Naive Bayes (Chi-square - inCV),Naive Bayes (KS - inCV),Integrated-SelectFromModel (L1-LR selector) + LR,Integrated-SelectFromModel (L1-LR selector) + SVM,Integrated-SelectFromModel (L1-LR selector) + KNN,Integrated-SelectFromModel (L1-LR selector) + Naive Bayes,Integrated-SelectFromModel (RF selector) + RF,Integrated-SelectFromModel (RF selector) + LR,Integrated-SelectFromModel (RF selector) + KNN,Integrated-RFECV (L1-LR) + LR,Integrated-RFECV (L1-LR) + KNN,Integrated-RFECV (L1-LR) + Naive Bayes
Random Forest (All),1.0,2.1826774542814003e-29,3.8187893102357114e-90,2.0637794839254114e-138,3.481330083673749e-50,3.412111008031648e-129,0.0037838239978736183,0.00011194654354601668,6.392055401883259e-08,0.1842481714033431,0.00015818538845605232,0.00010130710621187065,0.00032715936906794346,0.13406870329404424,2.020793926893978e-08,2.6356788381953214e-09,3.474831925576875e-11,6.123207332916979e-13,9.955828752365648e-14,3.072652784861121e-13,1.386400947199375e-25,7.262931500183419e-27,5.281495819773747e-30,4.5075838376506257e-20,4.926253774101845e-11,2.399260213559911e-32,1.5193547854067215e-30,7.464142814412155e-29,1.6859534531558416e-17,7.578349417925781e-27,1.6630866628506533e-30,1.7671175601426885e-11,2.1858685739802745e-09,7.064223704209872e-07,1.0,0.01532869574334236,3.4821454685389417e-74,2.262430172240223e-100,1.832565612934925e-134,1.9264703076712501e-146,1.0,3.407098245299368e-47,2.3833760918335558e-135,6.022319154372703e-70,2.1828768096666464e-133,2.6749504704691284e-144
Logistic Regression (All),2.1826774542814003e-29,1.0,1.333539079559788e-16,9.392724512894782e-43,0.0855947344337426,2.7166362300459915e-37,4.263144126204959e-11,7.854382717988311e-09,2.0442654739602733e-05,1.5434254378098105e-14,5.010011554676481e-09,8.965828753645582e-09,1.8623443106878224e-09,3.286000104718453e-14,5.364752915937467e-05,0.00025598247933187777,0.004270318801742008,0.0364080424745452,0.08358309054853547,0.050534620165112114,1.0,1.0,1.0,1.0,0.003474475659729349,1.0,1.0,1.0,1.0,1.0,1.0,0.006348635883391169,0.00029349579844442023,2.278046361783974e-06,4.077963453957183e-21,3.463308464885284e-12,1.1478961518760789e-09,1.4057426687868327e-21,2.1669660348469995e-40,1.1599180573284998e-47,1.1469395747716496e-27,0.4176536474469009,6.441683094599122e-41,4.979753482793392e-08,9.386392248379563e-40,2.4479164021897593e-46
SVM (All),3.8187893102357114e-90,1.333539079559788e-16,1.0,5.364752915937467e-05,2.7743295904233325e-05,0.005005118297049789,8.145975274017599e-57,6.860005298374157e-52,8.129388825418702e-44,8.812510882370131e-64,2.5099339644998124e-52,9.209353920774251e-52,2.7728268892102224e-53,3.893254930100249e-63,9.392724512894782e-43,5.799013079357992e-41,1.7181363448224813e-37,1.3426480464846824e-34,2.1651653160866104e-33,3.941863291795188e-34,9.32017247422787e-20,1.202549695455903e-18,3.9428261211945196e-16,3.121024183574068e-25,9.332021982290342e-38,1.942596369410492e-14,1.0028849091745562e-15,5.141054499082224e-17,3.0036020834614865e-28,1.160354053585004e-18,9.373904501398883e-16,5.52497729355696e-37,8.3700147121172e-41,3.614581088884735e-46,5.367859442975595e-76,4.423714444217697e-59,1.0,1.0,0.000414878246971676,5.450938184141601e-07,2.7187680074413326e-87,1.9029013698529167e-06,0.0002659266601169612,1.0,0.0007008306211174104,1.9441777760239878e-06
K-Neighbors (All),2.0637794839254114e-138,9.392724512894782e-43,5.364752915937467e-05,1.0,1.23923268114851e-23,1.0,1.3802539939016235e-97,2.5304593822164273e-91,7.415540780291729e-81,2.537803042480082e-106,6.981200944478632e-92,3.690635437475651e-91,4.184491596209413e-93,1.6149007407912778e-105,1.8554622654658652e-79,4.323425880286259e-77,1.8726979973900106e-72,1.5019372517714624e-68,6.639033006338698e-67,6.513008551940931e-68,1.6301712302427902e-47,7.455514937757933e-46,4.9898282816196347e-42,1.637857057064063e-55,8.236524269321063e-73,2.1502690844852194e-39,2.1130951594209327e-41,2.168906154026874e-43,8.651909168712854e-60,7.05825659173155e-46,1.9011863743027659e-41,8.994233123299841e-72,7.053485264006978e-77,6.158184439594715e-84,2.2699085281703007e-121,1.9345540057622435e-100,1.8549163305021015e-10,0.014906634597761618,1.0,1.0,5.2968302674200423e-135,7.929698162983611e-26,1.0,2.7082355622988954e-12,1.0,1.0
Decision Tree (All),3.481330083673749e-50,0.0855947344337426,2.7743295904233325e-05,1.23923268114851e-23,1.0,1.6492387169584857e-19,1.4452070312878056e-25,3.5067747703944193e-22,8.151171763781415e-17,1.7399324765741068e-30,1.7689504318352003e-22,4.276165930356212e-22,3.913051184034973e-23,5.049943584042751e-30,3.9428261211945196e-16,5.4812085956778706e-15,8.113752316642441e-13,4.515534390189181e-11,2.32809080166381e-10,8.574649875982739e-11,0.0038423888732942576,0.012124393840076693,0.133016370784856,7.928401612489697e-06,5.585905209591282e-13,0.5606338195143937,0.1896769711143363,0.058355352836258714,1.9130664210771896e-07,0.011953115972833432,0.1856098540488041,1.6570755413618743e-12,6.920776766545405e-15,2.339666246767929e-18,1.9393204906387346e-39,3.7719830074696324e-27,0.1842481714033431,1.9721281831988072e-08,7.759902732496586e-22,2.0384060560476863e-27,5.531653743691466e-48,1.0,3.1118134712693006e-22,1.0,2.3485956212735807e-21,2.1605142610650094e-26
Naive Bayes (All),3.412111008031648e-129,2.7166362300459915e-37,0.005005118297049789,1.0,1.6492387169584857e-19,1.0,1.2694591356381539e-89,1.3729542495485241e-83,1.586628025944426e-73,4.649891557738316e-98,3.9762190660753326e-84,1.9745825530029564e-83,2.642060695185863e-85,2.7744690812889227e-97,3.4615255879318447e-72,6.435745211205146e-70,1.7811964880722143e-65,9.652287095205856e-62,3.588721844843548e-60,3.912856285467408e-61,9.001762055883342e-42,3.2935251154188633e-40,1.3025371053169239e-36,2.4924836148319562e-49,8.127754260474388e-66,3.941863291795188e-34,5.042640617045178e-36,6.867893865492719e-38,2.184614266448698e-53,3.12830048819118e-40,4.567014736412187e-36,7.988548134392214e-65,1.0297037098347666e-69,1.7545787114537406e-76,1.2451493755916382e-112,2.2351835064436124e-92,1.1098351947320346e-07,0.43152342989568315,1.0,1.0,7.080272839345869e-126,1.5815488930686272e-21,1.0,2.698701931657196e-09,1.0,1.0
Random Forest (MW - inCV),0.0037838239978736183,4.263144126204959e-11,8.145975274017599e-57,1.3802539939016235e-97,1.4452070312878056e-25,1.2694591356381539e-89,1.0,1.0,1.0,1.0,1.0,1.0,1.0,1.0,1.0,1.0,0.472839573898745,0.08358309054853547,0.0364080424745452,0.06075200252166886,1.0230743164670269e-08,1.6827442446024606e-09,1.7177093092739633e-11,1.8755202296623788e-05,0.5433366034647884,5.086459129203737e-13,7.655522133078834e-12,9.328525513681234e-11,0.00048149907658903094,1.7202807685846482e-09,8.108833091242256e-12,0.36172619430175945,1.0,1.0,1.0,1.0,5.863028374812528e-44,3.002171116679848e-65,3.6238268888697516e-94,1.409194118475303e-104,0.016301206336976886,2.2018875198433333e-23,6.197114238393095e-95,1.2779403744815038e-40,3.0863401466876518e-93,1.045430952102376e-102
Random Forest (Wilcoxon - inCV),0.00011194654354601668,7.854382717988311e-09,6.860005298374157e-52,2.5304593822164273e-91,3.5067747703944193e-22,1.3729542495485241e-83,1.0,1.0,1.0,1.0,1.0,1.0,1.0,1.0,1.0,1.0,1.0,0.8870151755748876,0.46400956655799647,0.6938248139506481,1.1099823876786059e-06,2.1544557698829648e-07,3.440828643732476e-09,0.0008263223071432275,1.0,1.4394638564656664e-10,1.6827442446024606e-09,1.6024617719388844e-08,0.01316646174630041,2.2043078073417393e-07,1.7652964629009206e-09,1.0,1.0,1.0,0.1994456272757465,1.0,1.349652145230278e-39,5.236072341797061e-60,5.312088359897231e-88,3.9861089514609404e-98,0.0006248642826569534,3.869262437624923e-20,9.576893271317017e-89,2.0466079375275496e-36,4.2401395578625805e-87,2.6244402186079025e-96
Random Forest (Kruskal - inCV),6.392055401883259e-08,2.0442654739602733e-05,8.129388825418702e-44,7.415540780291729e-81,8.151171763781415e-17,1.586628025944426e-73,1.0,1.0,1.0,0.6068378951113452,1.0,1.0,1.0,0.7919770039840318,1.0,1.0,1.0,1.0,1.0,1.0,0.001071050127481567,0.0002987485931043681,1.0378105963095987e-05,0.15699681769490612,1.0,7.399376357443968e-07,5.6552055932667924e-06,3.6653123406178617e-05,1.0,0.0003026057572549643,5.907227410355805e-06,1.0,1.0,1.0,0.0011724298100999843,1.0,1.7185781530882133e-32,2.3643318863442773e-51,1.0567788932978234e-77,2.526759711688041e-87,5.573817225845127e-07,5.139156816939244e-15,2.0779765657633831e-78,1.3818882764652522e-29,7.559321125428673e-77,1.365058646127562e-85
Random Forest (Chi-square - inCV),0.1842481714033431,1.5434254378098105e-14,8.812510882370131e-64,2.537803042480082e-106,1.7399324765741068e-30,4.649891557738316e-98,1.0,1.0,0.6068378951113452,1.0,1.0,1.0,1.0,1.0,0.36172619430175945,0.133016370784856,0.013582833051138552,0.0013804993885796631,0.00048149907658903094,0.0009207774967806161,8.108833091242256e-12,1.0100686316187937e-12,5.4812085956778706e-15,4.738238165672976e-08,0.016301206336976886,1.043791304467095e-16,2.2084444852660623e-15,3.7375163351721234e-14,2.229943915909721e-06,1.0405945635135583e-12,2.3610177135891766e-15,0.00936369344159992,0.12155911255337047,1.0,1.0,1.0,3.481330083673749e-50,1.2422289760340653e-72,8.934606003243077e-103,1.4516020341786963e-113,0.5433366034647884,4.107546402427759e-28,1.4309975333945448e-103,1.2467200326861727e-46,8.218517829830191e-102,1.251329450812155e-111
Random Forest (KS - inCV),0.00015818538845605232,5.010011554676481e-09,2.5099339644998124e-52,6.981200944478632e-92,1.7689504318352003e-22,3.9762190660753326e-84,1.0,1.0,1.0,1.0,1.0,1.0,1.0,1.0,1.0,1.0,1.0,0.7336252540227316,0.3776706023226955,0.565733198315956,7.399376357443968e-07,1.4265322901568783e-07,2.1858685739802745e-09,0.0006023580636854157,1.0,8.813756357353683e-11,1.0614022957919093e-09,1.0230743164670269e-08,0.009978035368216486,1.4599514649590934e-07,1.118329164669654e-09,1.0,1.0,1.0,0.24930262564919187,1.0,5.55659758671075e-40,1.7914898906976884e-60,1.4951973401597758e-88,1.0572236573288512e-98,0.0008567345950889132,2.006732326072487e-20,2.6861829884333255e-89,8.71110596403558e-37,1.2026115840709948e-87,7.033133436469003e-97
Logistic Regression (MW - inCV),0.00010130710621187065,8.965828753645582e-09,9.209353920774251e-52,3.690635437475651e-91,4.276165930356212e-22,1.9745825530029564e-83,1.0,1.0,1.0,1.0,1.0,1.0,1.0,1.0,1.0,1.0,1.0,0.9401787458240944,0.48629202537278465,0.7336252540227316,1.245768278810218e-06,2.4304399844629307e-07,3.929151061191423e-09,0.0009055174809820392,1.0,1.6581468702476286e-10,1.910979211636667e-09,1.8255570903352542e-08,0.01420964636944471,2.4864725328882736e-07,2.015843307742265e-09,1.0,1.0,1.0,0.18763492950977811,1.0,1.7489686717584137e-39,7.169525070261336e-60,7.701941872072014e-88,5.869765456296458e-98,0.0005693245422404672,4.677375779618123e-20,1.388964258072382e-88,2.6297541133417814e-36,6.137688909994416e-87,3.86062118827921e-96
Logistic Regression (Wilcoxon - inCV),0.00032715936906794346,1.8623443106878224e-09,2.7728268892102224e-53,4.184491596209413e-93,3.913051184034973e-23,2.642060695185863e-85,1.0,1.0,1.0,1.0,1.0,1.0,1.0,1.0,1.0,1.0,1.0,0.4754170101766729,0.23735587454029958,0.3689302818322575,3.026645785818164e-07,5.6429711718126716e-08,8.045414058596417e-10,0.0002987485931043681,1.0,3.004371533153582e-11,3.7767058624125226e-10,3.830832388238923e-09,0.005345842190227095,5.7785156363595855e-08,3.9911530725316015e-10,1.0,1.0,1.0,0.397207883691673,1.0,7.947258068887503e-41,1.712924847506395e-61,9.408924111908088e-90,5.811798089792678e-100,0.0016812428898718814,4.7666399041706864e-21,1.6703033365520095e-90,1.3321909627453754e-37,7.659380809610386e-89,3.9861089514609404e-98
Logistic Regression (Kruskal - inCV),0.13406870329404424,3.286000104718453e-14,3.893254930100249e-63,1.6149007407912778e-105,5.049943584042751e-30,2.7744690812889227e-97,1.0,1.0,0.7919770039840318,1.0,1.0,1.0,1.0,1.0,0.472839573898745,0.18224759693061918,0.019424255117841304,0.00209318806413884,0.0007373581370647481,0.0014032228501319685,1.6200748949645812e-11,2.057984860862642e-12,1.1830906581626591e-14,8.438958058171757e-08,0.023416257404023044,2.3377772702232627e-16,4.810310254376372e-15,7.937640571521949e-14,3.775321890862262e-06,2.1194361967024788e-12,5.139156816939244e-15,0.013582833051138552,0.16583435087223972,1.0,1.0,1.0,1.3228122327858684e-49,5.976316216150436e-72,5.5348053022928225e-102,9.72779379457625e-113,0.4176536474469009,1.1469395747716496e-27,8.934606003243077e-103,4.518880499455415e-46,5.0650239726265524e-101,8.274731483077254e-111
Logistic Regression (Chi-square - inCV),2.020793926893978e-08,5.364752915937467e-05,9.392724512894782e-43,1.8554622654658652e-79,3.9428261211945196e-16,3.4615255879318447e-72,1.0,1.0,1.0,0.36172619430175945,1.0,1.0,1.0,0.472839573898745,1.0,1.0,1.0,1.0,1.0,1.0,0.002415290078935912,0.0007008306211174104,2.7743295904233325e-05,0.2817503216965126,1.0,2.131984481682362e-06,1.542792613276162e-05,9.381032526024356e-05,1.0,0.0007110067564972161,1.6093584291625574e-05,1.0,1.0,1.0,0.0005071101753033607,1.0,1.4595016518745238e-31,3.288105618355931e-50,2.4891271000406317e-76,7.038681518728736e-86,1.8696027351120946e-07,2.290087345761235e-14,4.9719169039367945e-77,1.068314827224724e-28,1.7592811272049257e-75,3.6997242526096033e-84
Logistic Regression (KS - inCV),2.6356788381953214e-09,0.00025598247933187777,5.799013079357992e-41,4.323425880286259e-77,5.4812085956778706e-15,6.435745211205146e-70,1.0,1.0,1.0,0.133016370784856,1.0,1.0,1.0,0.18224759693061918,1.0,1.0,1.0,1.0,1.0,1.0,0.009095642560285146,0.0028282676240791327,0.00013718938464579838,0.6998969133336846,1.0,1.2119737019704525e-05,7.999910275464448e-05,0.0004295938562240111,1.0,0.002872908913322818,8.325656189150909e-05,1.0,1.0,1.0,0.00011194654354601668,1.0,5.281495819773747e-30,2.790769427974134e-48,5.269511474926002e-74,1.9745825530029564e-83,2.6822579832274513e-08,2.795552259238971e-13,1.0742556959942557e-74,3.3084013364709e-27,3.6241547818263144e-73,9.892805965729161e-82
SVM (MW - inCV),3.474831925576875e-11,0.004270318801742008,1.7181363448224813e-37,1.8726979973900106e-72,8.113752316642441e-13,1.7811964880722143e-65,0.472839573898745,1.0,1.0,0.013582833051138552,1.0,1.0,1.0,0.019424255117841304,1.0,1.0,1.0,1.0,1.0,1.0,0.09343563159385825,0.0350175353807473,0.002492850046610488,1.0,1.0,0.0002987485931043681,0.0015382735485257254,0.006774831086115407,1.0,0.03547589476413821,0.0015931762091705123,1.0,1.0,1.0,4.038225150506725e-06,0.16583435087223972,5.345148036203623e-27,1.5726715338991278e-44,1.8859012339772192e-69,1.265611964707018e-78,4.3393744580433047e-10,3.0898703939817653e-11,4.019952380779455e-70,2.4607481240924365e-24,1.2300521650769228e-68,5.7173960309471694e-77
SVM (Wilcoxon - inCV),6.123207332916979e-13,0.0364080424745452,1.3426480464846824e-34,1.5019372517714624e-68,4.515534390189181e-11,9.652287095205856e-62,0.08358309054853547,0.8870151755748876,1.0,0.0013804993885796631,0.7336252540227316,0.9401787458240944,0.4754170101766729,0.00209318806413884,1.0,1.0,1.0,1.0,1.0,1.0,0.5175082461144545,0.22591755720234888,0.022724484748039328,1.0,1.0,0.0034211400733143273,0.014906634597761618,0.054140737363520625,1.0,0.2283183373714777,0.01532869574334236,1.0,1.0,1.0,1.737622461961118e-07,0.024127457620242414,1.61991363646642e-24,2.1130951594209327e-41,1.2844243979649952e-65,1.4167080427304624e-74,9.127553710456744e-12,1.3546741096170689e-09,2.837611898135503e-66,5.639771994392491e-22,7.988548134392214e-65,5.860247827139544e-73
SVM (Kruskal - inCV),9.955828752365648e-14,0.08358309054853547,2.1651653160866104e-33,6.639033006338698e-67,2.32809080166381e-10,3.588721844843548e-60,0.0364080424745452,0.46400956655799647,1.0,0.00048149907658903094,0.3776706023226955,0.48629202537278465,0.23735587454029958,0.0007373581370647481,1.0,1.0,1.0,1.0,1.0,1.0,0.9876046623170233,0.4596362245541984,0.053470217024534625,1.0,1.0,0.009095642560285146,0.03593938304778147,0.1225446556668376,1.0,0.46400956655799647,0.03676629806569004,1.0,1.0,1.0,4.170668010777767e-08,0.009835026484795754,1.723519200570589e-23,4.275887816762834e-40,5.255942371673748e-64,7.186771187756444e-73,1.6088321566939891e-12,6.186068468537957e-09,1.1790734368625816e-64,5.347383014876744e-21,3.211358080724822e-63,2.8597337325815477e-71
SVM (Chi-square - inCV),3.072652784861121e-13,0.050534620165112114,3.941863291795188e-34,6.513008551940931e-68,8.574649875982739e-11,3.912856285467408e-61,0.06075200252166886,0.6938248139506481,1.0,0.0009207774967806161,0.565733198315956,0.7336252540227316,0.3689302818322575,0.0014032228501319685,1.0,1.0,1.0,1.0,1.0,1.0,0.6703021723232501,0.30092238220694395,0.031979141065275926,1.0,1.0,0.005005118297049789,0.021045319861790004,0.07469256560991569,1.0,0.30287772288170706,0.02168953876307923,1.0,1.0,1.0,1.0067033571157205e-07,0.017042418331336923,4.06473815016061e-24,6.784739529194959e-41,5.40382376951558e-65,6.477740813236965e-74,4.697413322201366e-12,2.4314439752158603e-09,1.2041652197849437e-65,1.352925294655451e-21,3.338842434746102e-64,2.6350964069791577e-72
SVM (KS - inCV),1.386400947199375e-25,1.0,9.32017247422787e-20,1.6301712302427902e-47,0.0038423888732942576,9.001762055883342e-42,1.0230743164670269e-08,1.1099823876786059e-06,0.001071050127481567,8.108833091242256e-12,7.399376357443968e-07,1.245768278810218e-06,3.026645785818164e-07,1.6200748949645812e-11,0.002415290078935912,0.009095642560285146,0.09343563159385825,0.5175082461144545,0.9876046623170233,0.6703021723232501,1.0,1.0,1.0,1.0,0.07889242299143859,1.0,1.0,1.0,1.0,1.0,1.0,0.12958557046847397,0.01009388740844263,0.00016405616035019313,7.309221087646699e-18,1.0895039017190941e-09,3.677607701904875e-12,4.189315694053269e-25,4.9389184176318444e-45,1.1597530604986157e-52,5.670691854530336e-24,0.027427379536431942,1.3773238886165303e-45,2.4615298183313394e-10,2.3116212886887976e-44,2.817750478171622e-51
K-Neighbors (MW - inCV),7.262931500183419e-27,1.0,1.202549695455903e-18,7.455514937757933e-46,0.012124393840076693,3.2935251154188633e-40,1.6827442446024606e-09,2.1544557698829648e-07,0.0002987485931043681,1.0100686316187937e-12,1.4265322901568783e-07,2.4304399844629307e-07,5.6429711718126716e-08,2.057984860862642e-12,0.0007008306211174104,0.0028282676240791327,0.0350175353807473,0.22591755720234888,0.4596362245541984,0.30092238220694395,1.0,1.0,1.0,1.0,0.02918794143248121,1.0,1.0,1.0,1.0,1.0,1.0,0.049435662867559814,0.0031978185246980956,4.0748322492055274e-05,5.934604370261486e-19,1.6137111624727073e-10,2.8402540238344467e-11,7.240122512285111e-24,2.0562229105010807e-43,6.399995169393015e-51,3.252518371931666e-25,0.07469256560991569,5.863028374812528e-44,1.6397618282925925e-09,9.392724512894782e-43,1.4818801859134605e-49
K-Neighbors (Wilcoxon - inCV),5.281495819773747e-30,1.0,3.9428261211945196e-16,4.9898282816196347e-42,0.133016370784856,1.3025371053169239e-36,1.7177093092739633e-11,3.440828643732476e-09,1.0378105963095987e-05,5.4812085956778706e-15,2.1858685739802745e-09,3.929151061191423e-09,8.045414058596417e-10,1.1830906581626591e-14,2.7743295904233325e-05,0.00013718938464579838,0.002492850046610488,0.022724484748039328,0.053470217024534625,0.031979141065275926,1.0,1.0,1.0,1.0,0.0020219882217594235,1.0,1.0,1.0,1.0,1.0,1.0,0.003726068944016179,0.00015818538845605232,1.1099823876786059e-06,1.2023211054764703e-21,1.3355849373796962e-12,2.6356788381953214e-09,4.7666399041706864e-21,1.0972180405644406e-39,6.70617138811658e-47,2.875565643280703e-28,0.5936575211897045,3.2935251154188633e-40,1.0842451956220656e-07,4.6842186881984806e-39,1.3773238886165303e-45
K-Neighbors (Kruskal - inCV),4.5075838376506257e-20,1.0,3.121024183574068e-25,1.637857057064063e-55,7.928401612489697e-06,2.4924836148319562e-49,1.8755202296623788e-05,0.0008263223071432275,0.15699681769490612,4.738238165672976e-08,0.0006023580636854157,0.0009055174809820392,0.0002987485931043681,8.438958058171757e-08,0.2817503216965126,0.6998969133336846,1.0,1.0,1.0,1.0,1.0,1.0,1.0,1.0,1.0,1.0,1.0,1.0,1.0,1.0,1.0,1.0,0.7559077906828956,0.03845655275659922,3.1673625758323216e-13,2.8674826342959075e-06,1.24433240775086e-16,3.5653666588234736e-31,7.650016720518234e-53,5.040792759909038e-61,1.2462587185321592e-18,0.0001032073459817527,1.9400955760698225e-53,1.6472280307110736e-14,4.030178601824811e-52,1.5229662526880012e-59
K-Neighbors (Chi-square - inCV),4.926253774101845e-11,0.003474475659729349,9.332021982290342e-38,8.236524269321063e-73,5.585905209591282e-13,8.127754260474388e-66,0.5433366034647884,1.0,1.0,0.016301206336976886,1.0,1.0,1.0,0.023416257404023044,1.0,1.0,1.0,1.0,1.0,1.0,0.07889242299143859,0.02918794143248121,0.0020219882217594235,1.0,1.0,0.00023657963361166408,0.0012382178816396985,0.005524255597258233,1.0,0.029576295536370784,0.0012828991071768248,1.0,1.0,1.0,5.302457670631585e-06,0.19173603553468982,3.169815324199235e-27,8.106352899901811e-45,8.420477875565309e-70,5.397850157320543e-79,6.078088666645011e-10,2.1770666378290645e-11,1.7867902457819042e-70,1.4910183135817818e-24,5.515039779599133e-69,2.462831811422496e-77
K-Neighbors (KS - inCV),2.399260213559911e-32,1.0,1.942596369410492e-14,2.1502690844852194e-39,0.5606338195143937,3.941863291795188e-34,5.086459129203737e-13,1.4394638564656664e-10,7.399376357443968e-07,1.043791304467095e-16,8.813756357353683e-11,1.6581468702476286e-10,3.004371533153582e-11,2.3377772702232627e-16,2.131984481682362e-06,1.2119737019704525e-05,0.0002987485931043681,0.0034211400733143273,0.009095642560285146,0.005005118297049789,1.0,1.0,1.0,1.0,0.00023657963361166408,1.0,1.0,1.0,0.3546223136344311,1.0,1.0,0.0004639478100207461,1.4143342095891623e-05,6.715352291497265e-08,1.1422414972143936e-23,3.390755206173807e-14,5.370126124483839e-08,3.9290388107435794e-19,4.077823000728523e-37,4.0052003787732596e-44,1.5193547854067215e-30,1.0,1.2674004953149902e-37,1.734746064824994e-06,1.674710885136312e-36,7.57898846851288e-43
Decision Tree (MW - inCV),1.5193547854067215e-30,1.0,1.0028849091745562e-15,2.1130951594209327e-41,0.1896769711143363,5.042640617045178e-36,7.655522133078834e-12,1.6827442446024606e-09,5.6552055932667924e-06,2.2084444852660623e-15,1.0614022957919093e-09,1.910979211636667e-09,3.7767058624125226e-10,4.810310254376372e-15,1.542792613276162e-05,7.999910275464448e-05,0.0015382735485257254,0.014906634597761618,0.03593938304778147,0.021045319861790004,1.0,1.0,1.0,1.0,0.0012382178816396985,1.0,1.0,1.0,0.9717510324899566,1.0,1.0,0.002333715569438717,9.228990047302511e-05,5.840062765936413e-07,4.113669208026191e-22,5.756402183036604e-13,5.413567051250358e-09,1.3620545533006332e-20,4.452413862194935e-39,3.0577396237027e-46,8.540776863364539e-29,0.8054577012383788,1.349652145230278e-39,2.105690816327841e-07,1.8962611215466095e-38,6.151375117410097e-45
Decision Tree (Wilcoxon - inCV),7.464142814412155e-29,1.0,5.141054499082224e-17,2.168906154026874e-43,0.058355352836258714,6.867893865492719e-38,9.328525513681234e-11,1.6024617719388844e-08,3.6653123406178617e-05,3.7375163351721234e-14,1.0230743164670269e-08,1.8255570903352542e-08,3.830832388238923e-09,7.937640571521949e-14,9.381032526024356e-05,0.0004295938562240111,0.006774831086115407,0.054140737363520625,0.1225446556668376,0.07469256560991569,1.0,1.0,1.0,1.0,0.005524255597258233,1.0,1.0,1.0,1.0,1.0,1.0,0.009978035368216486,0.0004886776378551219,4.2201388849987286e-06,1.1688815547321989e-20,7.878987792705025e-12,5.436984070895776e-10,4.809971584717404e-22,5.220169883322742e-41,2.491562567811617e-48,3.7719830074696324e-27,0.30092238220694395,1.5367713213427728e-41,2.484266794864398e-08,2.281640596534504e-40,5.35443480536038e-47
Decision Tree (Kruskal - inCV),1.6859534531558416e-17,1.0,3.0036020834614865e-28,8.651909168712854e-60,1.9130664210771896e-07,2.184614266448698e-53,0.00048149907658903094,0.01316646174630041,1.0,2.229943915909721e-06,0.009978035368216486,0.01420964636944471,0.005345842190227095,3.775321890862262e-06,1.0,1.0,1.0,1.0,1.0,1.0,1.0,1.0,1.0,1.0,1.0,0.3546223136344311,0.9717510324899566,1.0,1.0,1.0,0.9876046623170233,1.0,1.0,0.3463310891455451,4.024611823456544e-11,9.228990047302511e-05,3.789499328318618e-19,1.7129407649603374e-34,4.9799254384307113e-57,1.7811964880722143e-65,3.813483247598983e-16,3.2911207931762265e-06,1.2032085248808229e-57,7.079595127803837e-17,2.782558998971866e-56,5.9778677735854575e-64
Decision Tree (Chi-square - inCV),7.578349417925781e-27,1.0,1.160354053585004e-18,7.05825659173155e-46,0.011953115972833432,3.12830048819118e-40,1.7202807685846482e-09,2.2043078073417393e-07,0.0003026057572549643,1.0405945635135583e-12,1.4599514649590934e-07,2.4864725328882736e-07,5.7785156363595855e-08,2.1194361967024788e-12,0.0007110067564972161,0.002872908913322818,0.03547589476413821,0.2283183373714777,0.46400956655799647,0.30287772288170706,1.0,1.0,1.0,1.0,0.029576295536370784,1.0,1.0,1.0,1.0,1.0,1.0,0.05006251803195567,0.0032479113487186182,4.154208944038465e-05,6.152038958772939e-19,1.6581468702476286e-10,2.761514729271662e-11,6.954906634614622e-24,1.9493647716900936e-43,6.042460576697825e-51,3.3894975069920773e-25,0.07379581137267277,5.56355336568041e-44,1.597848113042491e-09,8.908005339829434e-43,1.4000992335499017e-49
Decision Tree (KS - inCV),1.6630866628506533e-30,1.0,9.373904501398883e-16,1.9011863743027659e-41,0.1856098540488041,4.567014736412187e-36,8.108833091242256e-12,1.7652964629009206e-09,5.907227410355805e-06,2.3610177135891766e-15,1.118329164669654e-09,2.015843307742265e-09,3.9911530725316015e-10,5.139156816939244e-15,1.6093584291625574e-05,8.325656189150909e-05,0.0015931762091705123,0.01532869574334236,0.03676629806569004,0.02168953876307923,1.0,1.0,1.0,1.0,0.0012828991071768248,1.0,1.0,1.0,0.9876046623170233,1.0,1.0,0.002415290078935912,9.55771779120487e-05,6.118637137324812e-07,4.445007996125022e-22,6.123207332916979e-13,5.137798121909786e-09,1.2618143879757655e-20,4.017158319004819e-39,2.735964192919797e-46,9.338450537965652e-29,0.7919770039840318,1.216941071811423e-39,2.0071327125673898e-07,1.7122003907678246e-38,5.512060243217031e-45
Naive Bayes (MW - inCV),1.7671175601426885e-11,0.006348635883391169,5.52497729355696e-37,8.994233123299841e-72,1.6570755413618743e-12,7.988548134392214e-65,0.36172619430175945,1.0,1.0,0.00936369344159992,1.0,1.0,1.0,0.013582833051138552,1.0,1.0,1.0,1.0,1.0,1.0,0.12958557046847397,0.049435662867559814,0.003726068944016179,1.0,1.0,0.0004639478100207461,0.002333715569438717,0.009978035368216486,1.0,0.05006251803195567,0.002415290078935912,1.0,1.0,1.0,2.3824831315847792e-06,0.12155911255337047,1.4605243085762822e-26,5.56355336568041e-44,8.80932984325894e-69,6.448879700485015e-78,2.2661313988868156e-10,6.036239920998597e-11,1.8859012339772192e-69,6.407972582539906e-24,5.706487467494887e-68,2.860737423965798e-76
Naive Bayes (Wilcoxon - inCV),2.1858685739802745e-09,0.00029349579844442023,8.3700147121172e-41,7.053485264006978e-77,6.920776766545405e-15,1.0297037098347666e-69,1.0,1.0,1.0,0.12155911255337047,1.0,1.0,1.0,0.16583435087223972,1.0,1.0,1.0,1.0,1.0,1.0,0.01009388740844263,0.0031978185246980956,0.00015818538845605232,0.7559077906828956,1.0,1.4143342095891623e-05,9.228990047302511e-05,0.0004886776378551219,1.0,0.0032479113487186182,9.55771779120487e-05,1.0,1.0,1.0,9.73753331051654e-05,0.9717510324899566,7.275977524727788e-30,4.16139420402976e-48,8.53187780809709e-74,3.280428223005181e-83,2.2408470322581052e-08,3.480687854521373e-13,1.7427538220523245e-74,4.4874964610445904e-27,5.860247827139544e-73,1.6379089549598315e-81
Naive Bayes (Kruskal - inCV),7.064223704209872e-07,2.278046361783974e-06,3.614581088884735e-46,6.158184439594715e-84,2.339666246767929e-18,1.7545787114537406e-76,1.0,1.0,1.0,1.0,1.0,1.0,1.0,1.0,1.0,1.0,1.0,1.0,1.0,1.0,0.00016405616035019313,4.0748322492055274e-05,1.1099823876786059e-06,0.03845655275659922,1.0,6.715352291497265e-08,5.840062765936413e-07,4.2201388849987286e-06,0.3463310891455451,4.154208944038465e-05,6.118637137324812e-07,1.0,1.0,1.0,0.006558490473341886,1.0,1.4797025514806278e-34,6.996402316864435e-54,9.87467666971895e-81,1.6703033365520095e-90,5.413589170248139e-06,1.7664708903906635e-16,1.8900662185808312e-81,1.4595016518745238e-31,7.338981152577665e-80,9.576893271317017e-89
Naive Bayes (Chi-square - inCV),1.0,4.077963453957183e-21,5.367859442975595e-76,2.2699085281703007e-121,1.9393204906387346e-39,1.2451493755916382e-112,1.0,0.1994456272757465,0.0011724298100999843,1.0,0.24930262564919187,0.18763492950977811,0.397207883691673,1.0,0.0005071101753033607,0.00011194654354601668,4.038225150506725e-06,1.737622461961118e-07,4.170668010777767e-08,1.0067033571157205e-07,7.309221087646699e-18,5.934604370261486e-19,1.2023211054764703e-21,3.1673625758323216e-13,5.302457670631585e-06,1.1422414972143936e-23,4.113669208026191e-22,1.1688815547321989e-20,4.024611823456544e-11,6.152038958772939e-19,4.445007996125022e-22,2.3824831315847792e-06,9.73753331051654e-05,0.006558490473341886,1.0,1.0,3.0366885889990483e-61,1.5800303940069918e-85,1.2665798931761913e-117,5.272952528000942e-129,1.0,9.151572117288142e-37,1.8288233442060395e-118,2.3752942675644456e-57,1.3262638625578434e-116,5.7640482150665575e-127
Naive Bayes (KS - inCV),0.01532869574334236,3.463308464885284e-12,4.423714444217697e-59,1.9345540057622435e-100,3.7719830074696324e-27,2.2351835064436124e-92,1.0,1.0,1.0,1.0,1.0,1.0,1.0,1.0,1.0,1.0,0.16583435087223972,0.024127457620242414,0.009835026484795754,0.017042418331336923,1.0895039017190941e-09,1.6137111624727073e-10,1.3355849373796962e-12,2.8674826342959075e-06,0.19173603553468982,3.390755206173807e-14,5.756402183036604e-13,7.878987792705025e-12,9.228990047302511e-05,1.6581468702476286e-10,6.123207332916979e-13,0.12155911255337047,0.9717510324899566,1.0,1.0,1.0,5.6482081089710616e-46,1.1846349099015189e-67,5.577546491880969e-97,1.6253765590050385e-107,0.058355352836258714,6.679992035139577e-25,9.36013895417398e-98,1.4434996603796374e-42,4.8639987657494246e-96,1.2699258232675331e-105
Integrated-SelectFromModel (L1-LR selector) + LR,3.4821454685389417e-74,1.1478961518760789e-09,1.0,1.8549163305021015e-10,0.1842481714033431,1.1098351947320346e-07,5.863028374812528e-44,1.349652145230278e-39,1.7185781530882133e-32,3.481330083673749e-50,5.55659758671075e-40,1.7489686717584137e-39,7.947258068887503e-41,1.3228122327858684e-49,1.4595016518745238e-31,5.281495819773747e-30,5.345148036203623e-27,1.61991363646642e-24,1.723519200570589e-23,4.06473815016061e-24,3.677607701904875e-12,2.8402540238344467e-11,2.6356788381953214e-09,1.24433240775086e-16,3.169815324199235e-27,5.370126124483839e-08,5.413567051250358e-09,5.436984070895776e-10,3.789499328318618e-19,2.761514729271662e-11,5.137798121909786e-09,1.4605243085762822e-26,7.275977524727788e-30,1.4797025514806278e-34,3.0366885889990483e-61,5.6482081089710616e-46,1.0,0.3581617314292091,3.0897902291630317e-09,4.0766285809870145e-13,1.4485068947756226e-71,0.033466227700590545,1.6827442446024606e-09,1.0,6.51670868169575e-09,2.182684075418387e-12
Integrated-SelectFromModel (L1-LR selector) + SVM,2.262430172240223e-100,1.4057426687868327e-21,1.0,0.014906634597761618,1.9721281831988072e-08,0.43152342989568315,3.002171116679848e-65,5.236072341797061e-60,2.3643318863442773e-51,1.2422289760340653e-72,1.7914898906976884e-60,7.169525070261336e-60,1.712924847506395e-61,5.976316216150436e-72,3.288105618355931e-50,2.790769427974134e-48,1.5726715338991278e-44,2.1130951594209327e-41,4.275887816762834e-40,6.784739529194959e-41,4.189315694053269e-25,7.240122512285111e-24,4.7666399041706864e-21,3.5653666588234736e-31,8.106352899901811e-45,3.9290388107435794e-19,1.3620545533006332e-20,4.809971584717404e-22,1.7129407649603374e-34,6.954906634614622e-24,1.2618143879757655e-20,5.56355336568041e-44,4.16139420402976e-48,6.996402316864435e-54,1.5800303940069918e-85,1.1846349099015189e-67,0.3581617314292091,1.0,0.0696149438332881,0.000414878246971676,2.199363643352803e-97,8.045414058596417e-10,0.05006251803195567,0.05117236277487584,0.10348393573113147,0.0011314143286753472
Integrated-SelectFromModel (L1-LR selector) + KNN,1.832565612934925e-134,2.1669660348469995e-40,0.000414878246971676,1.0,7.759902732496586e-22,1.0,3.6238268888697516e-94,5.312088359897231e-88,1.0567788932978234e-77,8.934606003243077e-103,1.4951973401597758e-88,7.701941872072014e-88,9.408924111908088e-90,5.5348053022928225e-102,2.4891271000406317e-76,5.269511474926002e-74,1.8859012339772192e-69,1.2844243979649952e-65,5.255942371673748e-64,5.40382376951558e-65,4.9389184176318444e-45,2.0562229105010807e-43,1.0972180405644406e-39,7.650016720518234e-53,8.420477875565309e-70,4.077823000728523e-37,4.452413862194935e-39,5.220169883322742e-41,4.9799254384307113e-57,1.9493647716900936e-43,4.017158319004819e-39,8.80932984325894e-69,8.53187780809709e-74,9.87467666971895e-81,1.2665798931761913e-117,5.577546491880969e-97,3.0897902291630317e-09,0.0696149438332881,1.0,1.0,4.298195822935146e-131,5.903700987839198e-24,1.0,5.700579689116521e-11,1.0,1.0
Integrated-SelectFromModel (L1-LR selector) + Naive Bayes,1.9264703076712501e-146,1.1599180573284998e-47,5.450938184141601e-07,1.0,2.0384060560476863e-27,1.0,1.409194118475303e-104,3.9861089514609404e-98,2.526759711688041e-87,1.4516020341786963e-113,1.0572236573288512e-98,5.869765456296458e-98,5.811798089792678e-100,9.72779379457625e-113,7.038681518728736e-86,1.9745825530029564e-83,1.265611964707018e-78,1.4167080427304624e-74,7.186771187756444e-73,6.477740813236965e-74,1.1597530604986157e-52,6.399995169393015e-51,6.70617138811658e-47,5.040792759909038e-61,5.397850157320543e-79,4.0052003787732596e-44,3.0577396237027e-46,2.491562567811617e-48,1.7811964880722143e-65,6.042460576697825e-51,2.735964192919797e-46,6.448879700485015e-78,3.280428223005181e-83,1.6703033365520095e-90,5.272952528000942e-129,1.6253765590050385e-107,4.0766285809870145e-13,0.000414878246971676,1.0,1.0,5.88764045005187e-143,9.148474534560794e-30,1.0,3.799209024869843e-15,1.0,1.0
Integrated-SelectFromModel (RF selector) + RF,1.0,1.1469395747716496e-27,2.7187680074413326e-87,5.2968302674200423e-135,5.531653743691466e-48,7.080272839345869e-126,0.016301206336976886,0.0006248642826569534,5.573817225845127e-07,0.5433366034647884,0.0008567345950889132,0.0005693245422404672,0.0016812428898718814,0.4176536474469009,1.8696027351120946e-07,2.6822579832274513e-08,4.3393744580433047e-10,9.127553710456744e-12,1.6088321566939891e-12,4.697413322201366e-12,5.670691854530336e-24,3.252518371931666e-25,2.875565643280703e-28,1.2462587185321592e-18,6.078088666645011e-10,1.5193547854067215e-30,8.540776863364539e-29,3.7719830074696324e-27,3.813483247598983e-16,3.3894975069920773e-25,9.338450537965652e-29,2.2661313988868156e-10,2.2408470322581052e-08,5.413589170248139e-06,1.0,0.058355352836258714,1.4485068947756226e-71,2.199363643352803e-97,4.298195822935146e-131,5.88764045005187e-143,1.0,4.6779009616718746e-45,5.698636700856345e-132,2.1525339523408056e-67,4.9950436422687215e-130,7.809586525752337e-141
Integrated-SelectFromModel (RF selector) + LR,3.407098245299368e-47,0.4176536474469009,1.9029013698529167e-06,7.929698162983611e-26,1.0,1.5815488930686272e-21,2.2018875198433333e-23,3.869262437624923e-20,5.139156816939244e-15,4.107546402427759e-28,2.006732326072487e-20,4.677375779618123e-20,4.7666399041706864e-21,1.1469395747716496e-27,2.290087345761235e-14,2.795552259238971e-13,3.0898703939817653e-11,1.3546741096170689e-09,6.186068468537957e-09,2.4314439752158603e-09,0.027427379536431942,0.07469256560991569,0.5936575211897045,0.0001032073459817527,2.1770666378290645e-11,1.0,0.8054577012383788,0.30092238220694395,3.2911207931762265e-06,0.07379581137267277,0.7919770039840318,6.036239920998597e-11,3.480687854521373e-13,1.7664708903906635e-16,9.151572117288142e-37,6.679992035139577e-25,0.033466227700590545,8.045414058596417e-10,5.903700987839198e-24,9.148474534560794e-30,4.6779009616718746e-45,1.0,2.265600818889229e-24,0.24671584400562419,1.8693282609872235e-23,1.068314827224724e-28
Integrated-SelectFromModel (RF selector) + KNN,2.3833760918335558e-135,6.441683094599122e-41,0.0002659266601169612,1.0,3.1118134712693006e-22,1.0,6.197114238393095e-95,9.576893271317017e-89,2.0779765657633831e-78,1.4309975333945448e-103,2.6861829884333255e-89,1.388964258072382e-88,1.6703033365520095e-90,8.934606003243077e-103,4.9719169039367945e-77,1.0742556959942557e-74,4.019952380779455e-70,2.837611898135503e-66,1.1790734368625816e-64,1.2041652197849437e-65,1.3773238886165303e-45,5.863028374812528e-44,3.2935251154188633e-40,1.9400955760698225e-53,1.7867902457819042e-70,1.2674004953149902e-37,1.349652145230278e-39,1.5367713213427728e-41,1.2032085248808229e-57,5.56355336568041e-44,1.216941071811423e-39,1.8859012339772192e-69,1.7427538220523245e-74,1.8900662185808312e-81,1.8288233442060395e-118,9.36013895417398e-98,1.6827442446024606e-09,0.05006251803195567,1.0,1.0,5.698636700856345e-132,2.265600818889229e-24,1.0,2.92118644593488e-11,1.0,1.0
Integrated-RFECV (L1-LR) + LR,6.022319154372703e-70,4.979753482793392e-08,1.0,2.7082355622988954e-12,1.0,2.698701931657196e-09,1.2779403744815038e-40,2.0466079375275496e-36,1.3818882764652522e-29,1.2467200326861727e-46,8.71110596403558e-37,2.6297541133417814e-36,1.3321909627453754e-37,4.518880499455415e-46,1.068314827224724e-28,3.3084013364709e-27,2.4607481240924365e-24,5.639771994392491e-22,5.347383014876744e-21,1.352925294655451e-21,2.4615298183313394e-10,1.6397618282925925e-09,1.0842451956220656e-07,1.6472280307110736e-14,1.4910183135817818e-24,1.734746064824994e-06,2.105690816327841e-07,2.484266794864398e-08,7.079595127803837e-17,1.597848113042491e-09,2.0071327125673898e-07,6.407972582539906e-24,4.4874964610445904e-27,1.4595016518745238e-31,2.3752942675644456e-57,1.4434996603796374e-42,1.0,0.05117236277487584,5.700579689116521e-11,3.799209024869843e-15,2.1525339523408056e-67,0.24671584400562419,2.92118644593488e-11,1.0,1.283725669163485e-10,2.290087345761235e-14
Integrated-RFECV (L1-LR) + KNN,2.1828768096666464e-133,9.386392248379563e-40,0.0007008306211174104,1.0,2.3485956212735807e-21,1.0,3.0863401466876518e-93,4.2401395578625805e-87,7.559321125428673e-77,8.218517829830191e-102,1.2026115840709948e-87,6.137688909994416e-87,7.659380809610386e-89,5.0650239726265524e-101,1.7592811272049257e-75,3.6241547818263144e-73,1.2300521650769228e-68,7.988548134392214e-65,3.211358080724822e-63,3.338842434746102e-64,2.3116212886887976e-44,9.392724512894782e-43,4.6842186881984806e-39,4.030178601824811e-52,5.515039779599133e-69,1.674710885136312e-36,1.8962611215466095e-38,2.281640596534504e-40,2.782558998971866e-56,8.908005339829434e-43,1.7122003907678246e-38,5.706487467494887e-68,5.860247827139544e-73,7.338981152577665e-80,1.3262638625578434e-116,4.8639987657494246e-96,6.51670868169575e-09,0.10348393573113147,1.0,1.0,4.9950436422687215e-130,1.8693282609872235e-23,1.0,1.283725669163485e-10,1.0,1.0
Integrated-RFECV (L1-LR) + Naive Bayes,2.6749504704691284e-144,2.4479164021897593e-46,1.9441777760239878e-06,1.0,2.1605142610650094e-26,1.0,1.045430952102376e-102,2.6244402186079025e-96,1.365058646127562e-85,1.251329450812155e-111,7.033133436469003e-97,3.86062118827921e-96,3.9861089514609404e-98,8.274731483077254e-111,3.6997242526096033e-84,9.892805965729161e-82,5.7173960309471694e-77,5.860247827139544e-73,2.8597337325815477e-71,2.6350964069791577e-72,2.817750478171622e-51,1.4818801859134605e-49,1.3773238886165303e-45,1.5229662526880012e-59,2.462831811422496e-77,7.57898846851288e-43,6.151375117410097e-45,5.35443480536038e-47,5.9778677735854575e-64,1.4000992335499017e-49,5.512060243217031e-45,2.860737423965798e-76,1.6379089549598315e-81,9.576893271317017e-89,5.7640482150665575e-127,1.2699258232675331e-105,2.182684075418387e-12,0.0011314143286753472,1.0,1.0,7.809586525752337e-141,1.068314827224724e-28,1.0,2.290087345761235e-14,1.0,1.0
